Contracting Office,Procurement AAC Code,Sub Tier Code,Sub Tier Name,Notice ID,Contract Opportunity Type,Opportunity Title,Description,Current Response Date,Current Set Aside,Initiative,NAICS,PSC,Place of Performance - Country,Place of Performance - Zip,Place of Performance - City,Place of Performance - State,Interested Vendor List (IVL) Enabled,Package Attachment Count (Public),POC Name,POC Email,Unique Entity ID,Legal Business Name,Last Published Date,Inactive Date,Last Updated Date,Status
DEPT OF COMMERCE ESO,1331L5,1301,OFFICE OF THE SECRETARY,1331L526CUSTODIAL,Solicitation,Custodial Service,The purpose of this Amendment is to correct the RFQ title to read “ Table Mountain Custodial Service” as attached. All ot,"Sep 15, 2026 07:00 PM UTC",Total Small Business Set-Aside (FAR 19.5),None,Janitorial Services,HOUSEKEEPING- CUSTODIAL JANITORIAL,USA,80503,,CO,true,8,Jacqueline Brown,jbrown4@doc.gov,,,"Sep 10, 2026 04:31 PM UTC","Sep 30, 2026 12:00 AM UTC","Sep 10, 2026 04:31 PM UTC",active
FWS SAT TEAM 3,140FS3,1448,U.S. FISH AND WILDLIFE SERVICE,140FS326Q0175,Solicitation,LA-SELA-REPLACEMENT OF AIRBOAT ENGINE,LA-SELA-REPLACEMENT OF AIRBOAT ENGINE,"Sep 15, 2026 07:00 PM UTC",Total Small Business Set-Aside (FAR 19.5),None,Boat Building,SHIP AND BOAT PROPULSION COMPONENTS,,,,,true,4,"Banks, Merenica",merenica_banks@fws.gov,,,"Sep 4, 2026 09:55 PM UTC","Sep 30, 2026 12:00 AM UTC","Sep 4, 2026 09:55 PM UTC",active
FA4460 19 CONS PKA,FA4460,5700,DEPT OF THE AIR FORCE,FA446026Q0061,Solicitation,19 CES B282 VALENT ERU-1 HVAC,The 19 CES is in need of replacement Valent ERU-I energy recovery unit. This Valent ERU-1 (VXC-112PL-7B-1-A3) will replace the existing model VRP-I,"Sep 15, 2026 07:00 PM UTC",,None,"Plumbing, Heating, and Air-Conditioning Contractors",AIR CONDITIONING EQUIPMENT,USA,72099,Little Rock Air Force Base,AR,true,5,Lucas Navas,lucas.navas@us.af.mil,,,"Sep 11, 2026 06:56 PM UTC","Sep 30, 2026 12:00 AM UTC","Sep 11, 2026 06:56 PM UTC",active
FA4819 325 CONS PKP,FA4819,5700,DEPT OF THE AIR FORCE,FA481926R0019,Solicitation,AFCEC Operation Support Services,"Solicitation for Air Force Civil Engineer Center (AFCEC) Operation Support Services Tyndall AFB, FL. This is an announcement for a competitive total s","Sep 15, 2026 07:00 PM UTC",8(a) Set-Aside (FAR 19.8),None,"All Other Professional, Scientific, and Technical Services",SUPPORT- PROFESSIONAL: OTHER,,32403,,,true,4,Cleville Yarbrough,cleville.yarbrough@us.af.mil,,,"Aug 26, 2026 06:22 PM UTC","Oct 8, 2026 12:00 AM UTC","Aug 26, 2026 06:22 PM UTC",active
FA4887 56 CONS CC,FA4887,5700,DEPT OF THE AIR FORCE,FA488726Q0056,Solicitation,4 Access Control System Lenel OnGuard Keypads with Installation,"*Site Visit Scheduled* Date: Friday, 11 Sept 2026 at 9:00 AM PHX on Luke AFB. Please coordinate with Ian","Sep 15, 2026 07:00 PM UTC",Total Small Business Set-Aside (FAR 19.5),None,Security Systems Services (except Locksmiths),"MISCELLANEOUS ALARM, SIGNAL, AND SECURITY DETECTION SYSTEMS",USA,85309,Luke Air Force Base,AZ,true,6,Ian Cihan,ian.cihan.2@us.af.mi,,,"Sep 14, 2026 10:52 PM UTC","Sep 30, 2026 12:00 AM UTC","Sep 14, 2026 10:52 PM UTC",active
DLA AVIATION,SPE4A6,97AS,DEFENSE LOGISTICS AGENCY,SPE4A626R0290,Solicitation,"5995-01-604-1832; HOWITZER, LIGHT TOWED, 105MM",This Synopsis is issued for a TOTAL SMALL BUSINESS set-a-side solicitation that will be issued under PR number1000236804 to establish an Indefinite,"Sep 15, 2026 07:00 PM UTC",Total Small Business Set-Aside (FAR 19.5),None,Other Electronic Component Manufacturing,"CABLE, CORD, AND WIRE ASSEMBLIES: COMMUNICATION EQUIPMENT",USA,23237,Richmond,VA,true,,Patsy Bedford,patsy.bedford@dla.mil,,,"Aug 31, 2026 01:25 PM UTC","Sep 30, 2026 12:00 AM UTC","Aug 31, 2026 01:25 PM UTC",active
DLA MARITIME - PEARL HARBOR,SPMYM4,97AS,DEFENSE LOGISTICS AGENCY,SPMYM4-26-Q-3730,Solicitation,PRE-AMP COMMS,DLA Weapons Support Pearl Harbor requests qualified vendors to submit offers for the attached solicitation. This solicitation is 100%,"Sep 15, 2026 07:00 PM UTC",Total Small Business Set-Aside (FAR 19.5),None,Audio and Video Equipment Manufacturing,MARINE LIFESAVING AND DIVING EQUIPMENT,USA,,JBPHH,HI,true,1,Joseph East,joseph.w.east.civ@us.navy.mil,,,"Sep 14, 2026 07:53 PM UTC","Sep 30, 2026 12:00 AM UTC","Sep 14, 2026 07:53 PM UTC",active
DLA LAND WARREN,SPRDL1,97AS,DEFENSE LOGISTICS AGENCY,SPRDL1-26-R-0104,Solicitation,"Cylinder, Hydraulic, Actuating","Posting of solicitation expected to result in a firm fixed price contract with one, 100%, 1-year option for cylinder assembly, NSN 3040-01-207","Sep 15, 2026 07:00 PM UTC",,None,Fluid Power Cylinder and Actuator Manufacturing,MISCELLANEOUS POWER TRANSMISSION EQUIPMENT,,,,,true,2,Stephen Granch,Stephen.Granch@dla.mil,,,"Jul 31, 2026 03:46 PM UTC","Dec 31, 2026 12:00 AM UTC","Jul 31, 2026 03:46 PM UTC",active
DEPT OF COMMERCE ESO,1331L5,1301,OFFICE OF THE SECRETARY,1331L526NTIALocks,Solicitation,NTIA Locks Replacement,"Amendment 2: Please see the attached Amendment_2 Lock_Refresh, revised Statement of Work, and revised RFQ_Lock_Refresh_2 Amendment 1: Pleas","Sep 15, 2026 08:00 PM UTC",Total Small Business Set-Aside (FAR 19.5),None,Locksmiths,MAINTENANCE OF MISCELLANEOUS BUILDINGS,USA,80305,Boulder,CO,true,5,Kristine Pendergast,kpendergast@doc.gov,,,"Sep 3, 2026 07:30 PM UTC","Sep 30, 2026 12:00 AM UTC","Sep 3, 2026 07:30 PM UTC",active
DSC CONTRACTING SERVICES DIVISION,140P20,1443,NATIONAL PARK SERVICE,140P2026B0005,Solicitation,Z--Yellowstone - Mammoth Water Line Replacement,Yellowstone - Mammoth Water Line Replacement,"Sep 15, 2026 08:00 PM UTC",SBA Certified Women-Owned Small Business (WOSB) Program Set-Aside (FAR 19.15),None,Water and Sewer Line and Related Structures Construction,MAINTENANCE OF WATER SUPPLY FACILITIES,,,,,true,10,"Freese-supler, Vicki",vicki_freese-supler@ios.doi.gov,,,"Sep 11, 2026 09:11 PM UTC","Sep 30, 2026 12:00 AM UTC","Sep 11, 2026 09:11 PM UTC",active
FA8122 AFSC PZAAB,FA8122,5700,DEPT OF THE AIR FORCE,2840-01-229-5786PN_2840-01-484-3913PN_2840-01-189-2941PN_2840-01-483-8785PN,Solicitation,F108 Module 13/15 & 14 LPT Assembly (USAF/USN) Remanufacture,"Solicitation Amendment 03: The purpose of the amendment is to update CLIN 0011 (POST AWARD CONFERENCE) from NSP to FFP, establish it as the mi","Sep 15, 2026 08:00 PM UTC",,None,Aircraft Engine and Engine Parts Manufacturing,"GAS TURBINES AND JET ENGINES, AIRCRAFT, PRIME MOVING; AND COMPONENTS",USA,73145,,OK,true,18,Brock May,brock.may@us.af.mil,,,"Sep 11, 2026 07:08 PM UTC","Dec 31, 2026 12:00 AM UTC","Sep 11, 2026 07:08 PM UTC",active
FA4877 355 CONS PK,FA4877,5700,DEPT OF THE AIR FORCE,FA487726Q0009,Solicitation,Fence and Gate Support BPA,The 355th Contracting Squadron intends to award at least two BPAs for fence and gate services IAW the procedures at RFO 12.201-1(e)(3). Extent of s,"Sep 15, 2026 08:00 PM UTC",Total Small Business Set-Aside (FAR 19.5),None,All Other Specialty Trade Contractors,CONSTRUCTION OF OTHER NON-BUILDING FACILITIES,USA,85707,Tucson,AZ,false,4,Patricia Murray,patricia.murray.6@us.af.mil,,,"Sep 11, 2026 06:57 PM UTC","Sep 30, 2026 12:00 AM UTC","Sep 11, 2026 06:57 PM UTC",active
FA9301 AFTC PZIO,FA9301,5700,DEPT OF THE AIR FORCE,FA930126P0037,Solicitation,STARBASE FURNITURE REQUEST OF QUOTE,(i) This is a combined synopsis/solicitation for commercial products or commercial services prepared in accordance with the format in Subpart,"Sep 15, 2026 08:00 PM UTC",Total Small Business Set-Aside (FAR 19.5),None,Institutional Furniture Manufacturing,MISCELLANEOUS FURNITURE AND FIXTURES,USA,93524,Edwards,CA,true,2,Karina Alvarez,karina.alvarez.4@us.af.mil,,,"Sep 10, 2026 06:10 PM UTC","Sep 16, 2026 12:00 AM UTC","Sep 10, 2026 06:10 PM UTC",active
FA8118 AFSC PZABB,FA8118,5700,DEPT OF THE AIR FORCE,FD203025018133,Solicitation,Amendment-03 FD20302501813_FA811826R0043 Remanufacture of C-130 Fuel Boost Pump,Tinker Air force Base has a requirement to remanufacture of C-130 Fuel Boost Pumps Amend- 0003 to extend the p,"Sep 15, 2026 08:00 PM UTC",,None,Other Aircraft Parts and Auxiliary Equipment Manufacturing,"ENGINE FUEL SYSTEM COMPONENTS, AIRCRAFT AND MISSILE PRIME MOVERS",USA,73145,Tinker AFB,OK,true,1,Mark Green,mark.green.29@us.af.mil,,,"Aug 26, 2026 04:26 PM UTC","Sep 30, 2026 12:00 AM UTC","Aug 26, 2026 04:26 PM UTC",active
"DLA AVIATION AT PHILADELPHIA, PA",SPRPA1,97AS,DEFENSE LOGISTICS AGENCY,SPRPA126QUB60,Solicitation,"59--SYNCHRO,TRANSMITTER",ITEM UNIQUE IDENTIFICATION AND VALUATION (JAN 2023)|19||||||||||||||||||||\rNAVY USE OF ABILITYONE SUPPORT CONTRACTOR - RELEASE OF OFFEROR INFORMATION,"Sep 15, 2026 08:30 PM UTC",,None,Motor and Generator Manufacturing,SYNCHROS AND RESOLVERS,,,,,false,1,Telephone: 2157373861,KELI.BARISH@DLA.MIL,,,"Sep 7, 2026 10:40 AM UTC","Sep 30, 2026 12:00 AM UTC","Sep 7, 2026 10:40 AM UTC",active
"DLA AVIATION AT PHILADELPHIA, PA",SPRPA1,97AS,DEFENSE LOGISTICS AGENCY,SPRPA126QUB61,Solicitation,"16--FUSE,HYDRAULIC SYST",ITEM UNIQUE IDENTIFICATION AND VALUATION (JAN 2023)|19||||||||||||||||||||\rFMS DELIVERY AND SHIPPING INSTRUCTIONS|3|||N52214.12|\rNAVY USE OF ABILITYON,"Sep 15, 2026 08:30 PM UTC",,None,Other Aircraft Parts and Auxiliary Equipment Manufacturing,"AIRCRAFT HYDRAULIC, VACUUM, AND DE-ICING SYSTEM COMPONENTS",,,,,false,1,Telephone: 2157373861,KELI.BARISH@DLA.MIL,,,"Sep 7, 2026 10:38 AM UTC","Sep 30, 2026 12:00 AM UTC","Sep 7, 2026 10:38 AM UTC",active
"DLA AVIATION AT PHILADELPHIA, PA",SPRPA1,97AS,DEFENSE LOGISTICS AGENCY,SPRPA126QYC03,Solicitation,"ACTUATOR,MECHANICAL",ITEM UNIQUE IDENTIFICATION AND VALUATION (JAN 2023)|19||||||||||||||||||||\rINSPECTION OF SUPPLIES--FIXED-PRICE (AUG 1996)|2|||\rHIGHER-LEVEL CONTRACT Q,"Sep 15, 2026 08:30 PM UTC",,None,Aircraft Engine and Engine Parts Manufacturing,"GAS TURBINES AND JET ENGINES, AIRCRAFT, PRIME MOVING; AND COMPONENTS",,,,,false,3,Telephone: 2157374024,THOMAS.KUHNLE@DLA.MIL,,,"Sep 15, 2026 11:23 AM UTC","Sep 30, 2026 12:00 AM UTC","Sep 15, 2026 11:23 AM UTC",active
FWS SAT TEAM 3,140FS3,1448,U.S. FISH AND WILDLIFE SERVICE,140FS326Q0163,Solicitation,NJ-CAPE MAY NWR-HOMELESS ENCAMP CLEAN UP,"CAMPSITE CLEAN UP AT CAPE MAY NWR, NJ Pre-proposal Site Visit Scheduled for Wednesday September 2, 2026 Starting at 10:00AM; 24 Kimbles B","Sep 15, 2026 09:00 PM UTC",Total Small Business Set-Aside (FAR 19.5),None,Remediation Services,ENVIRONMENTAL SYSTEMS PROTECTION- ENVIRONMENTAL REMEDIATION,USA,08210,Cape May,NJ,true,4,"Annes, Todd",todd_annes@ios.doi.gov,,,"Aug 28, 2026 02:10 PM UTC","Sep 30, 2026 12:00 AM UTC","Aug 28, 2026 02:10 PM UTC",active
246-NETWORK CONTRACTING OFFICE 6 (36C246),36C246,3600,"VETERANS AFFAIRS, DEPARTMENT OF",36C24626Q0889,Solicitation,DOCK AND DECK PLATE REPAIR,"Department of Veterans Affairs Salem VA Medical Center 1970 Roanoke Blvd, Salem, VA 24153 Statement","Sep 15, 2026 09:00 PM UTC",Service-Disabled Veteran-Owned Small Business (SDVOSB) Set-Aside (FAR 19.14),None,All Other Specialty Trade Contractors,MAINTENANCE OF HOSPITALS AND INFIRMARIES,USA,24153,Salem,VA,true,11,Chanel C Johnson,Chanel.Johnson@va.gov,,,"Sep 3, 2026 07:39 PM UTC","Dec 16, 2026 12:00 AM UTC","Sep 3, 2026 07:39 PM UTC",active
FA3300 42 CONS CC,FA3300,5700,DEPT OF THE AIR FORCE,F2XHC66196AW02,Solicitation,FY26_CLDS_Textbooks_Publishing_RFQ,"The Civilian Associate Degree Program (CADP) requires a publisher to complete the editing, typesetting, and formatting required to prepare the","Sep 15, 2026 09:00 PM UTC",Total Small Business Set-Aside (FAR 19.5),None,Book Publishers,BOOKS AND PAMPHLETS,USA,36112,Montgomery,AL,false,2,Samantha Millington,samantha.millington.1@us.af.mil,,,"Sep 11, 2026 08:48 PM UTC","Sep 30, 2026 12:00 AM UTC","Sep 11, 2026 08:48 PM UTC",active
"DLA AVIATION AT WARNER ROBINS, GA",SPRWA1,97AS,DEFENSE LOGISTICS AGENCY,SPRWA126Q0023,Solicitation,SPRWA126Q0023 Aircraft Engine Maintenance Fixture,NSN: 4920-01-603-7426RN P/N:4384-0995 Noun: Aircraft Engine Maintenance Fixture Qty: 2 Delivery: 360 Days,"Sep 15, 2026 09:30 PM UTC",,None,Other Aircraft Parts and Auxiliary Equipment Manufacturing,AIRCRAFT MAINTENANCE AND REPAIR SHOP SPECIALIZED EQUIPMENT,USA,31098,Warner Robins,GA,false,3,Jerry Latimer,Jerry.Latimer@us.af.mil,,,"Sep 1, 2026 01:42 PM UTC","Sep 30, 2026 12:00 AM UTC","Sep 1, 2026 01:42 PM UTC",active
ARGONNE NATL LAB - DOE CONTRACTOR,899031,8900,"ENERGY, DEPARTMENT OF",6-B191-P-00213-00,Solicitation,Outplacement Services,Argonne National Laboratory requires access to outplacement services to support employees who are involuntarily separated due to layoff in connecti,"Sep 15, 2026 10:00 PM UTC",,None,Administrative Management and General Management Consulting Services,SPECIAL STUDIES/ANALYSIS- OTHER,USA,,Lemont,IL,true,7,Maggie Casali,mcasali@anl.gov,,,"Sep 1, 2026 01:56 PM UTC","Sep 30, 2026 12:00 AM UTC","Sep 1, 2026 01:56 PM UTC",active
FA4800 633 CONS PKP,FA4800,5700,DEPT OF THE AIR FORCE,FA480026Q0119,Solicitation,Crash Phone Fiber Optic Converters,***Questions and Answers added to Attchments by the contracting specialist on 09/11/2026.*** 633 CONS has a requirement for crash phone fib,"Sep 15, 2026 10:00 PM UTC",Total Small Business Set-Aside (FAR 19.5),None,Other Electronic Component Manufacturing,MISCELLANEOUS ELECTRIC POWER AND DISTRIBUTION EQUIPMENT,USA,,Langley AFB,VA,true,5,Kelly Voigts,kelly.voigts.3@us.af.mil,,,"Sep 11, 2026 07:28 PM UTC","Sep 30, 2026 12:00 AM UTC","Sep 11, 2026 07:28 PM UTC",active
FERMILAB - DOE CONTRACTOR,899034,8900,"ENERGY, DEPARTMENT OF",ISD_384529_DA,Solicitation,Roof Maintenance and Repair Services IDIQ,"On 9/4/26, Amendment 02 was issued to provide responses to questions from prospective offerors – see attached files for more information.&nbs","Sep 15, 2026 10:00 PM UTC",Total Small Business Set-Aside (FAR 19.5),None,Roofing Contractors,REPAIR OR ALTERATION OF MISCELLANEOUS BUILDINGS,USA,60510,Batavia,IL,true,28,Danielle Amico,damico@fnal.gov,,,"Sep 4, 2026 03:23 PM UTC","Sep 30, 2026 12:00 AM UTC","Sep 4, 2026 03:23 PM UTC",active
CENTRAL OFFICE,140A16,1450,BUREAU OF INDIAN AFFAIRS,140A1626Q0095,Solicitation,Mescalero Mini Split and Fans,Mescalero Mini Split and Fans,"Sep 15, 2026 11:00 PM UTC",,None,"Plumbing, Heating, and Air-Conditioning Contractors",REPAIR OR ALTERATION OF OFFICE BUILDINGS,,,,,true,5,"Egner, Kurt",kurt.egner@bia.gov,,,"Sep 8, 2026 03:41 PM UTC","Sep 30, 2026 12:00 AM UTC","Sep 8, 2026 03:41 PM UTC",active
CENTRAL OFFICE,140A16,1450,BUREAU OF INDIAN AFFAIRS,140A1626Q0096,Solicitation,Cheyenne River Agency Roofing,Cheyenne River Agency Roofing,"Sep 15, 2026 11:00 PM UTC",,None,Roofing Contractors,MAINTENANCE OF OTHER RESIDENTIAL BUILDINGS,,,,,true,4,"Egner, Kurt",kurt.egner@bia.gov,,,"Sep 8, 2026 07:52 PM UTC","Sep 30, 2026 12:00 AM UTC","Sep 8, 2026 07:52 PM UTC",active
FA4877 355 CONS PK,FA4877,5700,DEPT OF THE AIR FORCE,FA487726QA220,Solicitation,Swan Gate Security Camera Repair,Amendment 2 //// The purpose of this amendment is to EXTEND solicitation date to 15 September 2026 @4:00PM PDT. The title of the updated attached file,"Sep 15, 2026 11:00 PM UTC",SBA Certified Women-Owned Small Business (WOSB) Program Set-Aside (FAR 19.15),None,Security Systems Services (except Locksmiths),"MISCELLANEOUS ALARM, SIGNAL, AND SECURITY DETECTION SYSTEMS",,85707,,,true,4,Jazmine Flagg,jazmine.flagg@us.af.mil,,,"Sep 14, 2026 05:29 PM UTC","Sep 14, 2027 12:00 AM UTC","Sep 14, 2026 05:29 PM UTC",active
"FWS, SAT TEAM 1",140FS1,1448,U.S. FISH AND WILDLIFE SERVICE,140FS126Q0185,Solicitation,68--CA-SONNY BONO SALTON SEA NWR COMPLX HERBICIDE APPL,The purpose of Amendment 1 is to respond to contractor inquiries and update the statement of work.,"Sep 16, 2026 12:00 AM UTC",Total Small Business Set-Aside (FAR 19.5),None,Pesticide and Other Agricultural Chemical Manufacturing,CHEMICALS,,,,,true,2,"Devivo, Chelsea",chelsea_devivo@ios.doi.gov,,,"Sep 10, 2026 04:51 PM UTC","Sep 30, 2026 12:00 AM UTC","Sep 10, 2026 04:51 PM UTC",active
FA4877 355 CONS PK,FA4877,5700,DEPT OF THE AIR FORCE,FA487726QA168,Solicitation,BOSE A30 Headsets and David Clark Pigtail Adapters,AMENDMENT 1 - Added Provisions and Clauses document // 755 OSS is requesting the acquisition of Brand Name BOSE A30 Headsets and David Clark pigtail,"Sep 16, 2026 12:00 AM UTC",SBA Certified Women-Owned Small Business (WOSB) Program Set-Aside (FAR 19.15),None,Radio and Television Broadcasting and Wireless Communications Equipment Manufacturing,"RADIO NAVIGATION EQUIPMENT, AIRBORNE",,85707,,,true,4,ANDREW JOHNSON,andrew.johnson.162@us.af.mil,,,"Sep 9, 2026 11:34 PM UTC","Oct 30, 2026 12:00 AM UTC","Sep 9, 2026 11:34 PM UTC",active
FA5025 356 ECEG PK,FA5025,5700,DEPT OF THE AIR FORCE,FA502526RB006,Solicitation,Matsushima JASDF Base Storage Shelter,Amendment 0002 Correction- RFI reponses were not included with Amendment 0002. Added to atta,"Sep 16, 2026 12:00 AM UTC",,None,Commercial and Institutional Building Construction,CONSTRUCTION OF OTHER WAREHOUSE BUILDINGS,JPN,981-0503,,JP-04,true,12,SSgt Cameron Smith,cameron.smith.16@us.af.mil,,,"Aug 28, 2026 12:10 AM UTC","Mar 11, 2027 12:00 AM UTC","Aug 28, 2026 12:10 AM UTC",active
FA5270 18 CONS PK,FA5270,5700,DEPT OF THE AIR FORCE,FA527026QA057,Solicitation,NTP SyncServers S650,"The Government has a requirement to purchase 1 NTP SyncServer S650 with attachments and 2 year warranty DroneBuster 5s with PNT, Part Number 090-15","Sep 16, 2026 12:30 AM UTC",Total Small Business Set-Aside (FAR 19.5),None,Radio and Television Broadcasting and Wireless Communications Equipment Manufacturing,"ANTENNAS, WAVEGUIDES, AND RELATED EQUIPMENT",JPN,96367,Kadena AFB,JP-47,true,5,Camden Chan,camden.chan@us.af.mil,,,"Sep 14, 2026 07:33 AM UTC","Oct 1, 2026 12:00 AM UTC","Sep 14, 2026 07:33 AM UTC",active
ALASKA STATE OFFICE,140L63,1422,BUREAU OF LAND MANAGEMENT,140L6326Q0021,Solicitation,ALASKA MARMOT SURVEY,ALASKA MARMOT SURVEY,"Sep 16, 2026 01:00 AM UTC",,None,Environmental Consulting Services,SPECIAL STUDIES/ANALYSIS- SOIL,,,,,true,4,"Sherman, Laura",lsherman@blm.gov,,,"Sep 11, 2026 02:46 AM UTC","Sep 30, 2026 12:00 AM UTC","Sep 11, 2026 02:46 AM UTC",active
0411 AQ HQ CONTRACT AUG,W91QVN,2100,DEPT OF THE ARMY,W91QVN26QA042,Solicitation,LIFECYCLE REPLACEMENT (LCR) OF AC UPS SYSTEM IN THE CP TANGO,Login at https://piee.eb.mil and search for 'W91QVN26QA042' to obtain more details.*,"Sep 16, 2026 04:00 AM UTC",,None,All Other Miscellaneous Electrical Equipment and Component Manufacturing,INSTALLATION OF EQUIPMENT- ELECTRIC WIRE AND POWER DISTRIBUTION EQUIPMENT,,,,,true,3,Namsun KIM,namsun.kim3.ln@army.mil,,,"Sep 15, 2026 04:35 AM UTC","Sep 15, 2027 12:00 AM UTC","Sep 15, 2026 04:35 AM UTC",active
0411 AQ HQ CONTRACT AUG,W91QVN,2100,DEPT OF THE ARMY,W91QVN26RA100,Solicitation,"GOLAN 45 AMMUNITION STORAGE VESSEL Camp Humphreys, South Korea","AMENDMENT 0001. The purpose of this amendment is to: 1. Extend the close date of the RFP to 16 SEP 2026, 1 PM KST. 2. Add RFO FAR 52.212-2 and Addendu","Sep 16, 2026 04:00 AM UTC",,None,Metal Tank (Heavy Gauge) Manufacturing,"AMMUNITION AND NUCLEAR ORDNANCE BOXES, PACKAGES AND SPECIAL CONTAINERS",,96251,,,true,4,Reyhan Schmidt,reyhan.e.schmidt.civ@army.mil,,,"Sep 9, 2026 06:21 AM UTC","Sep 9, 2027 12:00 AM UTC","Sep 9, 2026 06:21 AM UTC",active
246-NETWORK CONTRACTING OFFICE 6 (36C246),36C246,3600,"VETERANS AFFAIRS, DEPARTMENT OF",36C24626R0086,Solicitation,Custom Surgical Eye Packs,36C24626R0086 Custom Surgical Eye Packs,"Sep 16, 2026 07:00 AM UTC",,None,Surgical Appliance and Supplies Manufacturing,"MEDICAL AND SURGICAL INSTRUMENTS, EQUIPMENT, AND SUPPLIES",USA,23667,Hampton,VA,true,2,James Risbon,James.risbon@va.gov,,,"Sep 14, 2026 01:12 PM UTC","Oct 1, 2026 12:00 AM UTC","Sep 14, 2026 01:12 PM UTC",active
FA5240 36 CONS LGC,FA5240,5700,DEPT OF THE AIR FORCE,FA524026Q0043,Solicitation,Anderson AFB 36 FSS CDC DUCT CLEANING,"The offers due date has been extended from September 14th, 2026 to September 16th, 2026. This is due to one additional blueprint being added a","Sep 16, 2026 10:00 AM UTC",Total Small Business Set-Aside (FAR 19.5),None,Other Services to Buildings and Dwellings,"MAINT/REPAIR/REBUILD OF EQUIPMENT- REFRIGERATION, AIR CONDITIONING, AND AIR CIRC",USA,96929,Yigo,GU,true,7,Gregor Hoessel,gregor.hoessel.1@us.af.mil,,,"Sep 14, 2026 06:29 AM UTC","Oct 1, 2026 12:00 AM UTC","Sep 14, 2026 06:29 AM UTC",active
246-NETWORK CONTRACTING OFFICE 6 (36C246),36C246,3600,"VETERANS AFFAIRS, DEPARTMENT OF",36C24627Q0008,Solicitation,Mobile (MRI) Trailer Lease,Mobile (MRI) Trailer Lease,"Sep 16, 2026 12:00 PM UTC",,None,Other Commercial and Industrial Machinery and Equipment Rental and Leasing,"IMAGING EQUIPMENT AND SUPPLIES: MEDICAL, DENTAL, VETERINARY",USA,28301,Fayetteville,NC,true,1,Patsy Simpson,Patsy.Simpson@va.gov,,,"Sep 2, 2026 06:43 PM UTC","Oct 1, 2026 12:00 AM UTC","Sep 2, 2026 06:43 PM UTC",active
DLA MARITIME - PUGET SOUND,SPMYM2,97AS,DEFENSE LOGISTICS AGENCY,SPMYM226Q0217,Solicitation,SHORE POWER CABLE,SEE ATTACHED SOLICITATION,"Sep 16, 2026 12:00 PM UTC",Total Small Business Set-Aside (FAR 19.5),None,All Other Miscellaneous Electrical Equipment and Component Manufacturing,"CONNECTORS, ELECTRICAL",USA,98315,Silverdale,WA,false,2,TRICIA WINTERSTEEN,TRICIA.WINTERSTEEN@DLA.MIL,,,"Sep 14, 2026 02:32 PM UTC","Oct 1, 2026 12:00 AM UTC","Sep 14, 2026 02:32 PM UTC",active
FA8134 AFLCMC WLK,FA8134,5700,DEPT OF THE AIR FORCE,FA813425RB004,Solicitation,E-4B National and Nuclear Communication Support (N2CS) Services,"To obtain a copy of the draft RFP documents, the government requires the submission of an approved DD 2345. We will not be able to provide a copy o","Sep 16, 2026 01:00 PM UTC",,None,Other Aircraft Parts and Auxiliary Equipment Manufacturing,MODIFICATION OF EQUIPMENT- AIRCRAFT COMPONENTS AND ACCESSORIES,USA,,,OK,true,,Amanda Jones,amanda.jones.39@us.af.mil,,,"Jul 18, 2025 07:24 PM UTC","Oct 1, 2026 12:00 AM UTC","Jul 18, 2025 07:24 PM UTC",active
COMMANDER,M00264,1700,DEPT OF THE NAVY,M00264-26-Q-0171,Solicitation,Honda Rebel Motorcycle,This is a combined synopsis/solicitation for commercial products prepared in accordance with the procedures of FAR Part 12 (Acquisition of Commerci,"Sep 16, 2026 01:00 PM UTC",Total Small Business Set-Aside (FAR 19.5),None,"Motorcycle, Bicycle, and Parts Manufacturing","MOTORCYCLES, MOTOR SCOOTERS, AND BICYCLES",USA,22134,Quantico,VA,true,2,Kellie Holley,kellie.holley@usmc.mil,,,"Sep 10, 2026 08:28 PM UTC","Oct 1, 2026 12:00 AM UTC","Sep 10, 2026 08:28 PM UTC",active
COLORADO STATE OFFICE,140L17,1422,BUREAU OF LAND MANAGEMENT,140L1726Q0065,Solicitation,2026 RFO HAYSTACK WELL WATER ANALYSIS,"The Bureau of Land Management, Colorado State Office requests quotation for work performed under the attached Statement of Work. The resultant order w","Sep 16, 2026 02:00 PM UTC",Total Small Business Set-Aside (FAR 19.5),None,Testing Laboratories and Services,SPECIAL STUDIES/ANALYSIS- WATER QUALITY,,,,,true,3,"Voigt, Scott",scott_voigt@ios.doi.gov,,,"Sep 11, 2026 02:57 PM UTC","Oct 1, 2026 12:00 AM UTC","Sep 11, 2026 02:57 PM UTC",active
242-NETWORK CONTRACT OFFICE 02 (36C242),36C242,3600,"VETERANS AFFAIRS, DEPARTMENT OF",36C24227B0001,Solicitation,Z2DA--620-23-206 and 620-20-105 Renovate B. 14 AB and CD,See attached,"Sep 16, 2026 02:00 PM UTC",,None,Commercial and Institutional Building Construction,REPAIR OR ALTERATION OF HOSPITALS AND INFIRMARIES,,,,,true,12,Phillip D Kang,Phillip.Kang@va.gov,,,"Aug 3, 2026 03:53 PM UTC","Dec 24, 2026 12:00 AM UTC","Aug 3, 2026 03:53 PM UTC",active
244-NETWORK CONTRACT OFFICE 4 (36C244),36C244,3600,"VETERANS AFFAIRS, DEPARTMENT OF",36C24426Q0960,Solicitation,"H341--Quarterly and Annual Ventilation Surveys / Airflow Testing Services | Erie, PA","Quarterly and Annual Ventilation Surveys at the Erie VA Medical Center located in Erie, PA 16504. Please refer to the attached Request For Quote (R","Sep 16, 2026 02:00 PM UTC",Veteran-Owned Small Business Set-Aside (specific to Department of Veterans Affairs),None,Facilities Support Services,"INSPECTION- REFRIGERATION, AIR CONDITIONING, AND AIR CIRCULATING EQUIPMENT",USA,16504,Erie,PA,true,5,Christina Gennaoui,christina.gennaoui@va.gov,,,"Sep 14, 2026 07:20 PM UTC","Oct 1, 2026 12:00 AM UTC","Sep 14, 2026 07:20 PM UTC",active
246-NETWORK CONTRACTING OFFICE 6 (36C246),36C246,3600,"VETERANS AFFAIRS, DEPARTMENT OF",36C24626Q0929,Solicitation,J063 - REPLACE AND INSTALL REMOTE ANNUNCIATORS-BOILER PLANT,Solicitation for repalcing and installing remote annunciator panels for the boiler plant at the Fayetteville VAMC. Answering vendor qu,"Sep 16, 2026 02:00 PM UTC",Service-Disabled Veteran-Owned Small Business (SDVOSB) Set-Aside (FAR 19.14),None,Electrical Contractors and Other Wiring Installation Contractors,"MAINT/REPAIR/REBUILD OF EQUIPMENT- ALARM, SIGNAL, AND SECURITY DETECTION SYSTEMS",USA,28301,Fayetteville,NC,true,3,Jonathan Lamb,jonathan.lamb@va.gov,,,"Sep 14, 2026 06:47 PM UTC","Nov 26, 2026 12:00 AM UTC","Sep 14, 2026 06:47 PM UTC",active
248-NETWORK CONTRACT OFFICE 8 (36C248),36C248,3600,"VETERANS AFFAIRS, DEPARTMENT OF",36C24826Q1118,Solicitation,Commercial Mowers for Bay Pines VA Health Care System,This solicitation is for commercial products or commercial services prepared in accordance with part 12. This announcement constitutes the only sol,"Sep 16, 2026 02:00 PM UTC",Total Small Business Set-Aside (FAR 19.5),None,Farm Machinery and Equipment Manufacturing,GARDENING IMPLEMENTS AND TOOLS,USA,33744,Bay Pines,FL,true,1,Cindy B Smith,Cindy.Smith@va.gov,,,"Sep 9, 2026 04:39 PM UTC","Oct 1, 2026 12:00 AM UTC","Sep 9, 2026 04:39 PM UTC",active
FA5587 48 CONS,FA5587,5700,DEPT OF THE AIR FORCE,FA558726Q0054,Solicitation,48 OG - F35 Pelican Cases,"The 48 OG at RAF Lakenheath, UK requires F-35 Pelican Cases in accordance with Attachment 1 - Statement of Work. Amendment made 14 Septembe","Sep 16, 2026 02:00 PM UTC",,None,Other Engine Equipment Manufacturing,"HARDWARE, COMMERCIAL",GBR,,RAF Lakenheath,GB-SFK,false,5,A1C Marcus Howard,marcus.howard.8@us.af.mil,,,"Sep 14, 2026 11:55 AM UTC","Oct 1, 2026 12:00 AM UTC","Sep 14, 2026 11:55 AM UTC",active
FA5606 52 CONS DA LGC,FA5606,5700,DEPT OF THE AIR FORCE,FA560626QA043,Solicitation,Chapel CCTVs,Amendment 2 - The quotatation due date has been extended to 16 September 1600 CEST. Amendment 1 - A Site Visit is scheduled for 08 Se,"Sep 16, 2026 02:00 PM UTC",,None,Security Systems Services (except Locksmiths),"MISCELLANEOUS ALARM, SIGNAL, AND SECURITY DETECTION SYSTEMS",USA,09123,APO,AE,true,3,Rayden Gay,rayden.gay@us.af.mil,,,"Sep 11, 2026 01:33 PM UTC","Oct 1, 2026 12:00 AM UTC","Sep 11, 2026 01:33 PM UTC",active
FA8571 MAINT CONTRACTING AFSC PZIM,FA8571,5700,DEPT OF THE AIR FORCE,FA857126Q0119,Solicitation,SEM CONTROLLER WINDOWS 11 UPGRADE,"The Air Force Sustainment Center PZIMA, Robins AFB, GA has a requirement to purchase a SEM Controller Windows 11 Upgrade. This solicitation is bein","Sep 16, 2026 02:00 PM UTC",,None,Analytical Laboratory Instrument Manufacturing,AIRCRAFT MAINTENANCE AND REPAIR SHOP SPECIALIZED EQUIPMENT,USA,31098,Warner Robins,GA,true,7,Robert Robinson,robert.robinson.53@us.af.mil,,,"Sep 8, 2026 07:04 PM UTC","Oct 1, 2026 12:00 AM UTC","Sep 8, 2026 07:04 PM UTC",active
DEFENSE HEALTH AGENCY,HT0014,97DH,DEFENSE HEALTH AGENCY (DHA),HT001426QE038,Solicitation,Courier Laboratory Specimens Services,"10 Sep 2026; (Amendment 2) For clarification, DBIDS is not required at time of proposal submittal. Upon award, the successful off","Sep 16, 2026 02:00 PM UTC",Total Small Business Set-Aside (FAR 19.5),None,Couriers and Express Delivery Services,TRANSPORTATION/TRAVEL/RELOCATION- TRANSPORTATION: OTHER,USA,20889,Bethesda,MD,true,12,Phong Pham,phong.q.pham3.civ@health.mil,,,"Sep 10, 2026 03:57 PM UTC","Oct 1, 2026 12:00 AM UTC","Sep 10, 2026 03:57 PM UTC",active
246-NETWORK CONTRACTING OFFICE 6 (36C246),36C246,3600,"VETERANS AFFAIRS, DEPARTMENT OF",36C24626Q0838_1,Solicitation,EnPuls Shockwave,EnPuls Shockwave for Salem VA Medical Center,"Sep 16, 2026 03:00 PM UTC",Total Small Business Set-Aside (FAR 19.5),None,Surgical and Medical Instrument Manufacturing,"MEDICAL AND SURGICAL INSTRUMENTS, EQUIPMENT, AND SUPPLIES",USA,24153,Salem,VA,true,1,Ruth Morris,ruth.morris@va.gov,,,"Sep 10, 2026 05:50 PM UTC","Nov 16, 2026 12:00 AM UTC","Sep 10, 2026 05:50 PM UTC",active
246-NETWORK CONTRACTING OFFICE 6 (36C246),36C246,3600,"VETERANS AFFAIRS, DEPARTMENT OF",36C24626Q1027_1,Solicitation,Window Treatments (POD S),Amendment - Solicitation Window Treatment for Hampton VA Medical Center.,"Sep 16, 2026 03:00 PM UTC",Total Small Business Set-Aside (FAR 19.5),None,Blind and Shade Manufacturing,"DRAPERIES, AWNINGS, AND SHADES",USA,23667,Hampton,VA,true,4,Ruth Morris,ruth.morris@va.gov,,,"Sep 14, 2026 02:42 PM UTC","Nov 15, 2026 12:00 AM UTC","Sep 14, 2026 02:42 PM UTC",active
252-NETWORK CONTRACT OFFICE 12 (36C252),36C252,3600,"VETERANS AFFAIRS, DEPARTMENT OF",36C25226Q06890001,Solicitation,J045--ONE TIME BUY - COMP - Fire Pump Packing Repair - One time repair: 9/10/26. 537-26-3-6111-0993,J045--ONE TIME BUY - COMP - Fire Pump Packing Repair - One time repair: 537-26-3-6111-0993 AMENDMENT 36C25226Q0689 0001 QUOTES DUE,"Sep 16, 2026 03:00 PM UTC",Total Small Business Set-Aside (FAR 19.5),None,"Plumbing, Heating, and Air-Conditioning Contractors","MAINT/REPAIR/REBUILD OF EQUIPMENT- PLUMBING, HEATING, AND WASTE DISPOSAL EQUIPME",USA,60612,Chicago,IL,true,5,Sonja Freeman,sonja.freeman@va.gov,,,"Sep 4, 2026 08:34 PM UTC","Oct 1, 2026 12:00 AM UTC","Sep 4, 2026 08:34 PM UTC",active
252-NETWORK CONTRACT OFFICE 12 (36C252),36C252,3600,"VETERANS AFFAIRS, DEPARTMENT OF",36C25226Q0689_2,Solicitation,36C25226Q0689 UPDATED!! J045--ONE TIME BUY - COMP - Fire Pump Packing Repair - One time repair: RESPONSES DUE BY 9/16/26 10:00 AM LOCAL TIME.. 537-26-3-6111-0993,"FIRE PUMP REPACKING The Jesse Brown VA Medical Center in Chicago, IL, requires a repack on a Peerless 5AEF11G 1000 GPM Fire Pump in th","Sep 16, 2026 03:00 PM UTC",Total Small Business Set-Aside (FAR 19.5),None,"Plumbing, Heating, and Air-Conditioning Contractors","MAINT/REPAIR/REBUILD OF EQUIPMENT- PLUMBING, HEATING, AND WASTE DISPOSAL EQUIPME",USA,60612,Chicago,IL,true,2,Sonja Freeman,sonja.freeman@va.gov,,,"Sep 2, 2026 06:46 PM UTC","Oct 1, 2026 12:00 AM UTC","Sep 2, 2026 06:46 PM UTC",active
FA4460 19 CONS PKA,FA4460,5700,DEPT OF THE AIR FORCE,FA446026Q0060,Solicitation,B1231 PA System Expansion,The PA System in B1231 does not cover the entirety of the facility. This requirement is to expand the PA System to areas/classrooms not covered/con,"Sep 16, 2026 03:00 PM UTC",Total Small Business Set-Aside (FAR 19.5),None,Radio and Television Broadcasting and Wireless Communications Equipment Manufacturing,"INTERCOMMUNICATION AND PUBLIC ADDRESS SYSTEMS, EXCEPT AIRBORNE",USA,72099,Little Rock Air Force Base,AR,true,6,Luke Kohout,Luke.Kohout.2@us.af.mil,,,"Sep 3, 2026 08:44 PM UTC","Oct 1, 2026 12:00 AM UTC","Sep 3, 2026 08:44 PM UTC",active
COMMANDING GENERAL,M67001,1700,DEPT OF THE NAVY,M6700126Q0143,Solicitation,Ladder Fire Truck Engine Overhaul,The MCIEast Cherry Point Satellite Contracting Office aboard Marine Corps Air Station (MCAS) has a requirement for the servicing and complete engin,"Sep 16, 2026 03:00 PM UTC",,None,Automotive Mechanical and Electrical Repair and Maintenance,"MAINT/REPAIR/REBUILD OF EQUIPMENT- GROUND EFFECT VEHICLES, MOTOR VEHICLES, TRAIL",USA,28533,Cherry Point,NC,true,1,Patwanda Brown,patwanda.brown@usmc.mil,,,"Sep 10, 2026 08:07 PM UTC","Oct 1, 2026 12:00 AM UTC","Sep 10, 2026 08:07 PM UTC",active
246-NETWORK CONTRACTING OFFICE 6 (36C246),36C246,3600,"VETERANS AFFAIRS, DEPARTMENT OF",36C24626Q0930,Solicitation,J041--HVAC PREVENTIVE MAINTENANCE AND REPAIR Hampton VA Medical Center,"Amendment to update Due date to September 16, 2026 12PM EST, answer questions and provide update to SOW","Sep 16, 2026 04:00 PM UTC",Service-Disabled Veteran-Owned Small Business (SDVOSB) Set-Aside (FAR 19.14),None,"Plumbing, Heating, and Air-Conditioning Contractors","MAINT/REPAIR/REBUILD OF EQUIPMENT- REFRIGERATION, AIR CONDITIONING, AND AIR CIRC",USA,23667,,,true,5,Francine R Valverde,Francine.Valverde@va.gov,,,"Sep 11, 2026 12:21 AM UTC","Sep 30, 2026 12:00 AM UTC","Sep 11, 2026 12:21 AM UTC",active
255-NETWORK CONTRACT OFFICE 15 (36C255),36C255,3600,"VETERANS AFFAIRS, DEPARTMENT OF",36C25526Q0597,Solicitation,3T Breast Coil Equipment,Amendment 0001 3T Breast Coil | St. Louis VAMC John Cochran Division In Accordance with the Statement of Requirements The purpose of t,"Sep 16, 2026 04:00 PM UTC",Service-Disabled Veteran-Owned Small Business (SDVOSB) Set-Aside (FAR 19.14),None,Electromedical and Electrotherapeutic Apparatus Manufacturing,"MEDICAL AND SURGICAL INSTRUMENTS, EQUIPMENT, AND SUPPLIES",USA,63106,Saint Louis,MO,true,3,Tywanna Sparks,tywanna.sparks@va.gov,,,"Sep 9, 2026 01:18 PM UTC","Oct 1, 2026 12:00 AM UTC","Sep 9, 2026 01:18 PM UTC",active
BASE BOSTON(00024),70Z024,7008,U.S. COAST GUARD,70Z02426QBOST0216,Solicitation,USCG Cutter & Boat Preservation at USCG Base Boston & Naval Station Newport,"The Contractor must provide all labor, materials, services, equipment, supplies, power, accessories, and facilities to perform preservation of U.S.","Sep 16, 2026 04:00 PM UTC",Total Small Business Set-Aside (FAR 19.5),None,Ship Building and Repairing,NON-NUCLEAR SHIP REPAIR (EAST),USA,02109,Boston,MA,true,12,Brady Gariano,brady.a.gariano@uscg.mil,,,"Sep 3, 2026 02:21 PM UTC","Oct 1, 2026 12:00 AM UTC","Sep 3, 2026 02:21 PM UTC",active
ACQUISITION & MATERIAL MAN. DIV.,015273,0100,ARCHITECT OF THE CAPITOL,AOCSSB26R0062,Solicitation,Conservatory Doors Preventive Maintenance & Repair Services,"Please see attached solicitation, and accompanying documents for additional information - in particular review attachment J.2 Instructions to","Sep 16, 2026 04:00 PM UTC",,None,Other Building Equipment Contractors,MAINT/REPAIR/REBUILD OF EQUIPMENT- CONSTRUCTION AND BUILDING MATERIALS,USA,20515,Washington,DC,true,20,Tim Nyberg,tim.nyberg@aoc.gov,,,"Sep 1, 2026 06:47 PM UTC","Oct 1, 2026 12:00 AM UTC","Sep 1, 2026 06:47 PM UTC",active
FA4418 628 CONS PK,FA4418,5700,DEPT OF THE AIR FORCE,FA441826Q0091,Solicitation,"FY 26 NNPTC Mural Protectors Installation Service, Joint Base Lindsey Graham (JB LG), SC",AMMENDEMENT FA441826Q00910001 The purpose of this amendment is to: A. Change the solicitation suspense date for submission of,"Sep 16, 2026 04:00 PM UTC",Total Small Business Set-Aside (FAR 19.5),None,Glass and Glazing Contractors,INSTALLATION OF EQUIPMENT- NONMETALLIC FABRICATED MATERIALS,USA,29404,Charleston AFB,SC,true,3,TSgt Luke Jackson,luke.jackson@us.af.mil,,,"Sep 11, 2026 03:19 PM UTC","Oct 1, 2026 12:00 AM UTC","Sep 11, 2026 03:19 PM UTC",active
FA4600 55 CONS PKP,FA4600,5700,DEPT OF THE AIR FORCE,FA460026B0005,Solicitation,"Replace Chiller 2, B500","Project Title: Replace Chiller 2, B500 Description: This requirement consists of removing the existing chiller located in the basement","Sep 16, 2026 04:00 PM UTC",Total Small Business Set-Aside (FAR 19.5),None,"Plumbing, Heating, and Air-Conditioning Contractors","MAINT/REPAIR/REBUILD OF EQUIPMENT- REFRIGERATION, AIR CONDITIONING, AND AIR CIRC",USA,68113,,NE,true,11,Kent Pendleton,kent.pendleton@us.af.mil,,,"Sep 10, 2026 08:41 PM UTC","Oct 1, 2026 12:00 AM UTC","Sep 10, 2026 08:41 PM UTC",active
COMMANDING GENERAL,M67001,1700,DEPT OF THE NAVY,M6700126Q0146,Solicitation,Secure Video Teleconferencing (SVTC),"The United States Marine Corps (USMC) has a requirement to procure commercial-off-the-shelf (COTS) hardware, software, and incidental services for","Sep 16, 2026 04:00 PM UTC",Total Small Business Set-Aside (FAR 19.5),None,Audio and Video Equipment Manufacturing,"IT and Telecom - End User: Help Desk;Tier 1-2,Workspace,Print,Output,Productivit",USA,,Camp Lejeune,NC,false,2,Avery Francis,avery.p.francis.mil@usmc.mil,,,"Sep 10, 2026 12:04 PM UTC","Sep 17, 2026 12:00 AM UTC","Sep 10, 2026 12:04 PM UTC",active
ACQUISITION & MATERIAL MAN. DIV.,015273,0100,ARCHITECT OF THE CAPITOL,REC_20260911-001,Solicitation,Architect of the Capitol (AOC) Renewable Energy Certificate (Credit),"Amendment 001 The purpose of this amendment -001 is to post the following: -Attached is the pricing sheet titled "" J.2 Pricing","Sep 16, 2026 04:00 PM UTC",,None,Electric Power Distribution,MISCELLANEOUS ITEMS,USA,20515,Washington,DC,true,12,Donald Fuqua,donald.fuqua@aoc.gov,,,"Sep 14, 2026 06:33 PM UTC","Oct 1, 2026 12:00 AM UTC","Sep 14, 2026 06:33 PM UTC",active
FA3010 81 CONS CC,FA3010,5700,DEPT OF THE AIR FORCE,FA301026Q0038,Solicitation,Lott Hall Chiller Rental,The 81st Civil Engineer Squadron requets the rental of a temporary chiller for Bldg 2603 Lott Hall. 11 September 2026 - Added Questio,"Sep 16, 2026 04:30 PM UTC",,None,Other Commercial and Industrial Machinery and Equipment Rental and Leasing,"LEASE OR RENTAL OF EQUIPMENT- REFRIGERATION, AIR CONDITIONING, AND AIR CIRCULATI",USA,39534,Biloxi,MS,true,4,Michael Green,michael.green.121@us.af.mil,,,"Sep 11, 2026 07:15 PM UTC","Oct 1, 2026 12:00 AM UTC","Sep 11, 2026 07:15 PM UTC",active
DEPT OF COMMERCE NIST,1333ND,1341,NATIONAL INSTITUTE OF STANDARDS AND TECHNOLOGY,1333ND26QNB630441,Solicitation,Procurement of two uninterrupted power supplies,This RFQ has been amended to correct the delivery requirements discrepancy. This RFQ is amended to update a wattage change.,"Sep 16, 2026 05:00 PM UTC",Total Small Business Set-Aside (FAR 19.5),None,Analytical Laboratory Instrument Manufacturing,LABORATORY EQUIPMENT AND SUPPLIES,,,,,true,2,Erik Frycklund,erik.frycklund@nist.gov,,,"Sep 9, 2026 04:34 PM UTC","Oct 1, 2026 12:00 AM UTC","Sep 9, 2026 04:34 PM UTC",active
248-NETWORK CONTRACT OFFICE 8 (36C248),36C248,3600,"VETERANS AFFAIRS, DEPARTMENT OF",36C24926Q0926,Solicitation,6515--FY26: MBC Sternudrive LiteTM; Model MBC 709-Modular,Model MBC 709-Modular handpiece Cannulation 4.4 mm 1291554 Reciprocating Sternum Saw 18380 Sternum guard16490 Oscillating s,"Sep 16, 2026 05:00 PM UTC",,None,Surgical and Medical Instrument Manufacturing,"MEDICAL AND SURGICAL INSTRUMENTS, EQUIPMENT, AND SUPPLIES",USA,00921,San Juan,PR,true,1,Darrin Alexander,darrin.alexander2@va.gov,,,"Sep 10, 2026 06:13 PM UTC","Sep 16, 2026 12:00 AM UTC","Sep 10, 2026 06:13 PM UTC",active
BASE ALAMEDA(00031),70Z031,7008,U.S. COAST GUARD,37420PR260000051,Solicitation,Shower Tub Replacement and Bathroom Restoration,This requirement is set aside for small businesses. One site visit shall be held for this requirement; please contact the contract,"Sep 16, 2026 05:00 PM UTC",Total Small Business Set-Aside (FAR 19.5),None,"Plumbing, Heating, and Air-Conditioning Contractors",MAINTENANCE OF TROOP HOUSING FACILITIES,USA,95501,Eureka,CA,true,3,Shawn Jenkins,shawn.t.jenkins@uscg.mil,,,"Aug 29, 2026 04:31 AM UTC","Oct 1, 2026 12:00 AM UTC","Aug 29, 2026 04:31 AM UTC",active
FA8137 AFSC PZIOC,FA8137,5700,DEPT OF THE AIR FORCE,FA813726R0033,Solicitation,TINKER AFB MAC BOA-WWYK260007- Renovate Pratt & Whitney Area - B3001,"This posting is for Tinker AFB - MAC BOA Holders ONLY. UPDATE 08- September 11, 2026 1.Correct Envir","Sep 16, 2026 05:00 PM UTC",Total Small Business Set-Aside (FAR 19.5),None,Commercial and Institutional Building Construction,REPAIR OR ALTERATION OF OTHER ADMINISTRATIVE FACILITIES AND SERVICE BUILDINGS,USA,73145,Tinker AFB,OK,true,16,Dorothy Inoa,dorothy.inoa@us.af.mil,,,"Sep 11, 2026 05:42 PM UTC","Aug 10, 2027 12:00 AM UTC","Sep 11, 2026 05:42 PM UTC",active
FA7060 11TH CONTRACTING SQ PK,FA7060,5700,DEPT OF THE AIR FORCE,FA706026Q0022,Solicitation,PKA - USAF HG Dickens Hall Audio/Visual System Restoration,"The primary objective of this acquisition is to secure an experienced, highly qualified audio-visual (A/V) contractor to repair, upgrade, and resto","Sep 16, 2026 05:30 PM UTC",Total Small Business Set-Aside (FAR 19.5),None,Audio and Video Equipment Manufacturing,MAINT/REPAIR/REBUILD OF EQUIPMENT- ELECTRICAL AND ELECTRONIC EQUIPMENT COMPONENT,USA,20032,Bolling AFB,DC,true,4,Roberto Rongavilla,roberto.rongavilla.1@us.af.mil,,,"Sep 9, 2026 12:53 PM UTC","Oct 1, 2026 12:00 AM UTC","Sep 9, 2026 12:53 PM UTC",active
DEPT OF COMMERCE ESO,1331L5,1301,OFFICE OF THE SECRETARY,1331L526R13350004,Solicitation,Table Mountain Field Site Grounds Maintenance Services,The purpose of Amendment 1 is as follows: Instructions for submitting proposal. Proposals shall be submitted electronically to jbrow,"Sep 16, 2026 06:00 PM UTC",Total Small Business Set-Aside (FAR 19.5),None,Landscaping Services,HOUSEKEEPING- LANDSCAPING/GROUNDSKEEPING,USA,80503,Longmont,CO,true,3,Jacqueline Brown,jbrown4@doc.gov,,,"Sep 11, 2026 01:03 PM UTC","Oct 1, 2026 12:00 AM UTC","Sep 11, 2026 01:03 PM UTC",active
ACQUISITIONS - AQM MOMENTUM,19AQMM,1900,"STATE, DEPARTMENT OF",19AQMM26R0323,Solicitation,Worldwide Environmental Engineering Services,"The U.S. Department of State (DOS), Bureau of Global Acquisitions, Acquisitions Management (GA/AM), on behalf of the Bureau of Overseas Buildings O","Sep 16, 2026 06:00 PM UTC",Total Small Business Set-Aside (FAR 19.5),None,Engineering Services,SUPPORT- PROFESSIONAL: ENGINEERING/TECHNICAL,USA,,,VA,true,6,Lori Botkin,BotkinLL@fan.gov,,,"Sep 10, 2026 11:49 AM UTC","Oct 1, 2026 12:00 AM UTC","Sep 10, 2026 11:49 AM UTC",active
252-NETWORK CONTRACT OFFICE 12 (36C252),36C252,3600,"VETERANS AFFAIRS, DEPARTMENT OF",36C25226Q0680,Solicitation,Leica VT1200S Vibrating Blade - Brand name only,"This is for the purchase of Leica VT1200S Vibrating Blade Microtome - Brand name only for the Research Dept. In addition, this requiremen","Sep 16, 2026 06:00 PM UTC",,None,Analytical Laboratory Instrument Manufacturing,LABORATORY EQUIPMENT AND SUPPLIES,USA,60612,,IL,true,1,Arneil Genus - Contracting Officer,arneil.genus@va.gov,,,"Sep 11, 2026 02:17 PM UTC","Sep 27, 2026 12:00 AM UTC","Sep 11, 2026 02:17 PM UTC",active
FLETC ARTESIA PROCUREMENT OFFICE,70LART,7015,FEDERAL LAW ENFORCEMENT TRAINING CENTER,70LART26QPFB00015,Solicitation,.22 LR Standard Velocity 40 Grain Ammunition,".22 LR Standard Velocity 40 grain led 21,000 rounds in 50 round boxes, 500 round bricks The solicitation is se","Sep 16, 2026 06:00 PM UTC",Total Small Business Set-Aside (FAR 19.5),None,Ammunition (except Small Arms) Manufacturing,"AMMUNITION, THROUGH 30MM",USA,88210,Artesia,NM,true,2,Nicholas Antal,nicholas.j.antal@fletc.dhs.gov,,,"Sep 11, 2026 05:57 PM UTC","Oct 1, 2026 12:00 AM UTC","Sep 11, 2026 05:57 PM UTC",active
FA4801 49 CONS PK,FA4801,5700,DEPT OF THE AIR FORCE,F2E3SF5343A001,Solicitation,Small Arms Parts Management System,"This is a Solicitation for an automated small-arms parts management crib designed for secure, serialized, and controlled dispensing of ar","Sep 16, 2026 06:00 PM UTC",Total Small Business Set-Aside (FAR 19.5),None,Commercial and Service Industry Machinery Manufacturing,MISCELLANEOUS MATERIALS HANDLING EQUIPMENT,USA,88330,,NM,true,2,Caroline Deal,caroline.deal.2@us.af.mil,,,"Sep 14, 2026 02:14 PM UTC","Oct 1, 2026 12:00 AM UTC","Sep 14, 2026 02:14 PM UTC",active
FA7000 10 CONS LGC,FA7000,5700,DEPT OF THE AIR FORCE,FA700026Q0106,Solicitation,High Wind Alert System Refresh,AMENDMENT 2 - Q&A ATTACHMENT & INCLUSION OF WARRANTIES WITHIN AMENDED SALIENT CHARACTERISTICS AMENDMENT 1,"Sep 16, 2026 06:00 PM UTC",Total Small Business Set-Aside (FAR 19.5),None,Other Measuring and Controlling Device Manufacturing,METEOROLOGICAL INSTRUMENTS AND APPARATUS,USA,80840,USAF Academy,CO,true,7,Kenneth Jackson,kenneth.jackson.30@us.af.mil,,,"Sep 10, 2026 07:43 PM UTC","Sep 17, 2026 12:00 AM UTC","Sep 10, 2026 07:43 PM UTC",active
DLA MARITIME - PEARL HARBOR,SPMYM4,97AS,DEFENSE LOGISTICS AGENCY,SPMYM4-26-Q-3731,Solicitation,EPOCH UT MACHINE,DLA Weapons Support Pearl Harbor requests qualified vendors to submit offers for the attached solicitation. This solicitation is 100%,"Sep 16, 2026 06:00 PM UTC",Total Small Business Set-Aside (FAR 19.5),None,Other Measuring and Controlling Device Manufacturing,PHYSICAL PROPERTIES TESTING AND INSPECTION,USA,,JBPHH,HI,true,1,Joseph East,joseph.w.east.civ@us.navy.mil,,,"Sep 14, 2026 11:46 PM UTC","Oct 1, 2026 12:00 AM UTC","Sep 14, 2026 11:46 PM UTC",active
FDA OFFICE OF ACQ GRANT SVCS,75F401,7524,FOOD AND DRUG ADMINISTRATION,75F40126Q00386,Solicitation,Walk-In Laboratory Cooler,Amendment A00002 is issued to provide the Government’s responses to industry questions and to revise the solicitation and St,"Sep 16, 2026 06:30 PM UTC",,None,Air-Conditioning and Warm Air Heating Equipment and Commercial and Industrial Refrigeration Equipment Manufacturing,REFRIGERATION EQUIPMENT,,,,,false,6,Iris Johnson,Iris.Johnson1@fda.hhs.gov,,,"Sep 15, 2026 01:39 AM UTC","Oct 1, 2026 12:00 AM UTC","Sep 15, 2026 01:39 AM UTC",active
FA2823 AFTC PZIO,FA2823,5700,DEPT OF THE AIR FORCE,FA282326Q00520001,Solicitation,Catholic Mass Musician,Catholic Mass Musician IAW the Performance Work Statement attached. Must be in good standing with your Parish and obtain Letter of Sustainability f,"Sep 16, 2026 06:30 PM UTC",Total Small Business Set-Aside (FAR 19.5),None,Religious Organizations,SOCIAL- CHAPLAIN,USA,32542,Eglin AFB,FL,false,3,A1C Emily Newton,emily.newton.1@us.af.mil,,,"Sep 1, 2026 03:49 PM UTC","Oct 1, 2026 12:00 AM UTC","Sep 1, 2026 03:49 PM UTC",active
ACQUISITIONS - AQM MOMENTUM,19AQMM,1900,"STATE, DEPARTMENT OF",19AQMM26R0342_Seoul_Roof_Replacements_RFP,Solicitation,"Seoul Chancery, Consular, IMOT, PCC, IPC, and ESO Outbuilding Roof Replacements","*Amendment 3 - Update Attachment 1, 2, and 4 and provide responses to questions received* *Amendment 2 - Revise M-003* *Amendment 1","Sep 16, 2026 07:00 PM UTC",Total Small Business Set-Aside (FAR 19.5),None,Roofing Contractors,MAINTENANCE OF OFFICE BUILDINGS,KOR,,,KR-11,true,13,Ryan C. Edwards,Edwardsrc@state.gov,,,"Sep 4, 2026 12:09 PM UTC","Oct 1, 2026 12:00 AM UTC","Sep 4, 2026 12:09 PM UTC",active
BASE ALAMEDA(00031),70Z031,7008,U.S. COAST GUARD,20180PR260000076,Solicitation,Repair of Pavement at Air Station San Francisco,"AMENDMENT 002 is issued to provide answers to submitted questions, amend the Statement of Work, and amend the solicitation document. See th","Sep 16, 2026 07:00 PM UTC",Total Small Business Set-Aside (FAR 19.5),None,"Highway, Street, and Bridge Construction",REPAIR OR ALTERATION OF HIGHWAYS/ROADS/STREETS/BRIDGES/RAILWAYS,USA,94128,San Francisco,CA,true,7,Shawn Jenkins,shawn.t.jenkins@uscg.mil,,,"Sep 12, 2026 04:02 AM UTC","Oct 1, 2026 12:00 AM UTC","Sep 12, 2026 04:02 AM UTC",active
BASE ALAMEDA(00031),70Z031,7008,U.S. COAST GUARD,20290PR260000084,Solicitation,"Air Station Sacramento Heads, Locker Rooms, & Kitchenette Facility Renovations",AMENDMENT 001 is issued to add site visit information. 52.236-27 &nbs,"Sep 16, 2026 07:00 PM UTC",Total Small Business Set-Aside (FAR 19.5),None,"Plumbing, Heating, and Air-Conditioning Contractors",MAINTENANCE OF OTHER ADMINISTRATIVE FACILITIES AND SERVICE BUILDINGS,USA,95652,McClellan,CA,true,3,Shawn Jenkins,shawn.t.jenkins@uscg.mil,,,"Aug 31, 2026 08:40 PM UTC","Oct 1, 2026 12:00 AM UTC","Aug 31, 2026 08:40 PM UTC",active
BASE ALAMEDA(00031),70Z031,7008,U.S. COAST GUARD,37270PR260016170,Solicitation,Building 22-27 Bathroom Renovations at Sector San Francisco,This requirement is set aside for small businesses. One site visit shall be held for this requirement; please contact the contract,"Sep 16, 2026 07:00 PM UTC",Total Small Business Set-Aside (FAR 19.5),None,"Plumbing, Heating, and Air-Conditioning Contractors",MAINTENANCE OF OTHER ADMINISTRATIVE FACILITIES AND SERVICE BUILDINGS,USA,94130,San Francisco,CA,true,4,Shawn Jenkins,shawn.t.jenkins@uscg.mil,,,"Aug 29, 2026 03:44 AM UTC","Oct 1, 2026 12:00 AM UTC","Aug 29, 2026 03:44 AM UTC",active
BASE ALAMEDA(00031),70Z031,7008,U.S. COAST GUARD,37270PR260016171,Solicitation,Male & Female Gym Locker Room Renovations at Sector San Francisco,This requirement is set aside for small businesses. One site visit shall be held for this requirement; please contact the contract,"Sep 16, 2026 07:00 PM UTC",Total Small Business Set-Aside (FAR 19.5),None,"Plumbing, Heating, and Air-Conditioning Contractors",MAINTENANCE OF OTHER ADMINISTRATIVE FACILITIES AND SERVICE BUILDINGS,USA,94130,San Francisco,CA,true,5,Shawn Jenkins,shawn.t.jenkins@uscg.mil,,,"Aug 29, 2026 04:23 AM UTC","Oct 1, 2026 12:00 AM UTC","Aug 29, 2026 04:23 AM UTC",active
BASE ALAMEDA(00031),70Z031,7008,U.S. COAST GUARD,37420PR260000048,Solicitation,Electronic Security Systems Upgrades at USCG Eureka Housing Area,AMENDMENT 001 is issued to provide answers to submitted questions. See the attachment section of this notice. Thi,"Sep 16, 2026 07:00 PM UTC",Total Small Business Set-Aside (FAR 19.5),None,Security Systems Services (except Locksmiths),"INSTALLATION OF EQUIPMENT- ALARM, SIGNAL, AND SECURITY DETECTION SYSTEMS",USA,95501,Eureka,CA,true,4,Shawn Jenkins,shawn.t.jenkins@uscg.mil,,,"Sep 12, 2026 05:24 AM UTC","Oct 1, 2026 12:00 AM UTC","Sep 12, 2026 05:24 AM UTC",active
FOOD AND DRUG ADMINISTRATION,75F402,7524,FOOD AND DRUG ADMINISTRATION,75F40126Q00344,Solicitation,Packaged Food Ingredient Monitoring,Software as a service (SaaS) subscription; Food label ingredients of packaged consumer food products available for sale in major retail stores in t,"Sep 16, 2026 07:00 PM UTC",,None,"Computing Infrastructure Providers, Data Processing, Web Hosting, and Related Services",IT AND TELECOM - BUSINESS APPLICATION SOFTWARE (PERPETUAL LICENSE SOFTWARE),USA,20852,,MD,true,1,Robert Waite,robert.waite@fda.hhs.gov,,,"Sep 10, 2026 05:58 PM UTC","Oct 1, 2026 12:00 AM UTC","Sep 10, 2026 05:58 PM UTC",active
FA3020 82 CONS LGC,FA3020,5700,DEPT OF THE AIR FORCE,FA302026Q0093,Solicitation,Air compressor Replacement (brand name or equal),"This is a combined synopsis/solicitation for commercial items prepared in accordance with the format in RFO Subpart 12.2, as supplemented with addi","Sep 16, 2026 07:00 PM UTC",,None,Air and Gas Compressor Manufacturing,FIRE FIGHTING EQUIPMENT,USA,76311,Sheppard AFB,TX,false,4,Cole Jones,Cole.jones.6@us.af.mil,,,"Sep 10, 2026 08:04 PM UTC","Oct 1, 2026 12:00 AM UTC","Sep 10, 2026 08:04 PM UTC",active
FA4427 60 CONS LGC,FA4427,5700,DEPT OF THE AIR FORCE,FA442726Q1140,Solicitation,"Dormitory mailbox removal & installation at Travis Air Force Base, CA",AMENDMENT 3 (11 September 2026) 1. Attachment 6 - Questions & Answers document added.,"Sep 16, 2026 07:00 PM UTC",Total Small Business Set-Aside (FAR 19.5),None,Commercial and Institutional Building Construction,REPAIR OR ALTERATION OF OFFICE BUILDINGS,USA,94535,Travis AFB,CA,true,9,SSgt Edward Kim,edward.kim.7@us.af.mil,,,"Sep 11, 2026 05:50 PM UTC","Oct 1, 2026 12:00 AM UTC","Sep 11, 2026 05:50 PM UTC",active
FA8136 AFSC PZIOB,FA8136,5700,DEPT OF THE AIR FORCE,FA813626Q0011,Solicitation,Purchase and install of wall-attached telescopic bleacher system and removal of existing bleachers,***UPDATE*** Please see attached questions and answers document in attachments. This solicitation,"Sep 16, 2026 07:00 PM UTC",Total Small Business Set-Aside (FAR 19.5),None,Institutional Furniture Manufacturing,MISCELLANEOUS FURNITURE AND FIXTURES,USA,73145,Tinker AFB,OK,true,3,Lauren Rodgers,lauren.rodgers.5@us.af.mil,,,"Sep 11, 2026 05:25 PM UTC","Oct 1, 2026 12:00 AM UTC","Sep 11, 2026 05:25 PM UTC",active
FA8532 AFLCMC WNKAA,FA8532,5700,DEPT OF THE AIR FORCE,FA853226RB002,Solicitation,Next Generation Ammunition & Munitions Equipment (NGAME) for MMHE RFP/Solicitation,Updated attachment to include RFIs as of 9/9/26. Updated attachment to include RFIs as of 9/8/26. Please note that DOD SAFE will be,"Sep 16, 2026 07:00 PM UTC",,None,Ammunition (except Small Arms) Manufacturing,SPECIALIZED AMMUNITION HANDLING AND SERVICING EQUIPMENT,USA,31098,Warner Robins,GA,true,24,Raydor Coneway Johnson,raydor.coneway_johnson@us.af.mil,,,"Sep 9, 2026 07:02 PM UTC","Oct 1, 2026 12:00 AM UTC","Sep 9, 2026 07:02 PM UTC",active
COMMANDING GENERAL,M00681,1700,DEPT OF THE NAVY,M0068126Q0082,Solicitation,TEMPEST TENTS,Procurement of one (1) Tempest Tent required. See Salient Charateristics attached.,"Sep 16, 2026 07:00 PM UTC",Total Small Business Set-Aside (FAR 19.5),None,Textile Bag and Canvas Mills,TENTS AND TARPAULINS,USA,,Camp Pendleton,CA,true,6,Yael Solofonirina,yael.solofonirina@usmc.mil,,,"Sep 10, 2026 08:44 PM UTC","Oct 1, 2026 12:00 AM UTC","Sep 10, 2026 08:44 PM UTC",active
"DLA AVIATION AT OKLAHOMA CITY, OK",SPRTA1,97AS,DEFENSE LOGISTICS AGENCY,SPRTA1-26-R-0379,Solicitation,"Control Box, Electrical",Presolicitation attached.,"Sep 16, 2026 07:00 PM UTC",,None,Other Aircraft Parts and Auxiliary Equipment Manufacturing,"AIRCRAFT AIR CONDITIONING, HEATING, AND PRESSURIZING EQUIPMENT",USA,,,,true,2,Micah Miller,micah.miller.5@us.af.mil,,,"Aug 17, 2026 06:23 PM UTC","Oct 1, 2026 12:00 AM UTC","Aug 17, 2026 06:23 PM UTC",active
6973GH FRANCHISE ACQUISITION SVCS,6973GH,6920,FEDERAL AVIATION ADMINISTRATION,6973GH-26-R-00218,Solicitation,Aircraft Parts Audit,Requirement for a full aircraft parts inventory audit and reporting. Please review all attachements before submitting question and final pr,"Sep 16, 2026 08:00 PM UTC",Total Small Business Set-Aside (FAR 19.5),None,"Process, Physical Distribution, and Logistics Consulting Services",SUPPORT- MANAGEMENT: AUDITING,USA,,Oklahoma City,OK,true,10,Erick Martinez,erick.i.martinez-abril@faa.gov,,,"Sep 14, 2026 08:06 PM UTC","Oct 1, 2026 12:00 AM UTC","Sep 14, 2026 08:06 PM UTC",active
"DLA AVIATION AT OKLAHOMA CITY, OK",SPRTA1,97AS,DEFENSE LOGISTICS AGENCY,SPRTA126Q0262,Solicitation,"STIFFENER,HEATSHIEL",See attached solicitation document.,"Sep 16, 2026 08:00 PM UTC",,None,Aircraft Engine and Engine Parts Manufacturing,MISCELLANEOUS ELECTRIC POWER AND DISTRIBUTION EQUIPMENT,USA,,Tinker AFB,OK,true,4,Lori Bautista,lori.bautista@us.af.mil,,,"Aug 17, 2026 09:12 PM UTC","Oct 1, 2026 12:00 AM UTC","Aug 17, 2026 09:12 PM UTC",active
FA4418 628 CONS PK,FA4418,5700,DEPT OF THE AIR FORCE,FA441826Q0096,Solicitation,NAVCONBRIG 3D Printers,"Joint Base Lindsey Graham, SC is issuing this Request for Quote (RFQ) for the procurement and delivery of one (1) integrated, high-capacity Fused D","Sep 16, 2026 08:30 PM UTC",Total Small Business Set-Aside (FAR 19.5),None,All Other Industrial Machinery Manufacturing,"PRINTING, DUPLICATING, AND BOOKBINDING EQUIPMENT",USA,29404,Charleston AFB,SC,false,2,Lt Hamilton,gervon.hamilton@us.af.mil,,,"Sep 14, 2026 01:11 PM UTC","Oct 1, 2026 12:00 AM UTC","Sep 14, 2026 01:11 PM UTC",active
FWS SAT TEAM 3,140FS3,1448,U.S. FISH AND WILDLIFE SERVICE,140FS326Q0178,Solicitation,HERBICIDE APPLICATION AT FWS BOMBAY HOOK NWR,QUOTE REQUEST FOR HERBICIDE APPLICATION AT FWS PRIME HOOK NWR & FWS BOMBAY HOOK NWR.,"Sep 16, 2026 09:00 PM UTC",Total Small Business Set-Aside (FAR 19.5),None,Pesticide and Other Agricultural Chemical Manufacturing,ENVIRONMENTAL SYSTEMS PROTECTION- PESTICIDES SUPPORT,,,,,false,4,"Bashizi, Chantal",chantal_bashizi@ios.doi.gov,,,"Sep 10, 2026 07:54 PM UTC","Sep 17, 2026 12:00 AM UTC","Sep 10, 2026 07:54 PM UTC",active
FWS SAT TEAM 3,140FS3,1448,U.S. FISH AND WILDLIFE SERVICE,140FS326Q0179,Solicitation,W--DUMPSTERS NEEDED FOR FWS BOMBAY HOOK NWR,QUOTE REQUEST FOR DUMPSTERS FOR DEBRIS REMOVAL AT FWS BOMBAY HOOK NWR.,"Sep 16, 2026 09:00 PM UTC",,None,Solid Waste Collection,"LEASE OR RENTAL OF EQUIPMENT- CONSTRUCTION, MINING, EXCAVATING, AND HIGHWAY MAIN",,,,,false,8,"Bashizi, Chantal",chantal_bashizi@ios.doi.gov,,,"Sep 10, 2026 06:57 PM UTC","Sep 17, 2026 12:00 AM UTC","Sep 10, 2026 06:57 PM UTC",active
ALASKA REGIONAL OFFICE(97000),140P97,1443,NATIONAL PARK SERVICE,140P9726R0005,Solicitation,Z--WEAR PMIS 344184B & BELA 352775A WINDOWS,REPLACE WINDOWS - WEAR/BELA AK,"Sep 16, 2026 09:00 PM UTC",Total Small Business Set-Aside (FAR 19.5),None,Finish Carpentry Contractors,REPAIR OR ALTERATION OF FAMILY HOUSING FACILITIES,,,,,true,15,"Bunch, Ronald",ronald_bunch@nps.gov,,,"Sep 10, 2026 03:10 AM UTC","Oct 1, 2026 12:00 AM UTC","Sep 10, 2026 03:10 AM UTC",active
FA3300 42 CONS CC,FA3300,5700,DEPT OF THE AIR FORCE,F1ATA26208A001,Solicitation,FY26_Building 693_Audio-Visual (AV) Requirement_Maxwell AFB_Solicitation,"This requirement defines the technical requirements, installation tasks, programming, testing, and deliverables for implementing an Audio-Visual (A","Sep 16, 2026 09:00 PM UTC",Total Small Business Set-Aside (FAR 19.5),None,Audio and Video Equipment Manufacturing,VIDEO RECORDING AND REPRODUCING EQUIPMENT,USA,36112,Montgomery,AL,false,3,Samantha Millington,samantha.millington.1@us.af.mil,,,"Sep 4, 2026 06:41 PM UTC","Oct 1, 2026 12:00 AM UTC","Sep 4, 2026 06:41 PM UTC",active
FA6712 911 AW LGC,FA6712,5700,DEPT OF THE AIR FORCE,FA671226Q0016,Solicitation,C-17 Seat Cushion sets with covers and embroidery.,This requirement is for C-17 aircraft seat cushions and covers with embroidery. A total of 41 sets of seat bottom cushions and seat back cushions are,"Sep 16, 2026 09:00 PM UTC",Total Small Business Set-Aside (FAR 19.5),None,Other Aircraft Parts and Auxiliary Equipment Manufacturing,MISCELLANEOUS AIRCRAFT ACCESSORIES AND COMPONENTS,,15108,,,true,4,Ryan Scott,ryan.scott.34@us.af.mil,,,"Sep 11, 2026 01:21 PM UTC","Sep 26, 2026 12:00 AM UTC","Sep 11, 2026 01:21 PM UTC",active
"DLA AVIATION AT OKLAHOMA CITY, OK",SPRTA1,97AS,DEFENSE LOGISTICS AGENCY,SPRTA126R0202,Solicitation,"New Manufactured Material J85 Rotor, Compressor, AI_NSN 2840-01-630-9064 OK",See attached letter solicitation.,"Sep 16, 2026 09:00 PM UTC",,None,Aircraft Engine and Engine Parts Manufacturing,"GAS TURBINES AND JET ENGINES, AIRCRAFT, PRIME MOVING; AND COMPONENTS",,,,,true,2,Breann Irving,breann.irving@us.af.mil,,,"Sep 14, 2026 12:49 PM UTC","Dec 31, 2027 12:00 AM UTC","Sep 14, 2026 12:49 PM UTC",active
DSC CONTRACTING SERVICES DIVISION,140P20,1443,NATIONAL PARK SERVICE,140P2026R0053,Solicitation,Y--GOGA 319407 - Bridge Preservation,GOGA 319407 - Bridge Preservation,"Sep 16, 2026 10:00 PM UTC",,None,"Highway, Street, and Bridge Construction","CONSTRUCTION OF HIGHWAYS, ROADS, STREETS, BRIDGES, AND RAILWAYS",,,,,true,21,"Cahill, Samantha",samantha_cahill@nps.gov,,,"Sep 8, 2026 03:57 PM UTC","Oct 1, 2026 12:00 AM UTC","Sep 8, 2026 03:57 PM UTC",active
COLORADO STATE OFFICE,140L17,1422,BUREAU OF LAND MANAGEMENT,140L1726Q0064,Solicitation,61--BLM CO-UNINTERRUPTIBLE POWER SUPPLY (UPS) LITTLE S,BLM CO-UNINTERRUPTIBLE POWER SUPPLY (UPS) LITTLE SNAKE FIELD OFFICE,"Sep 16, 2026 11:00 PM UTC",Total Small Business Set-Aside (FAR 19.5),None,All Other Miscellaneous Electrical Equipment and Component Manufacturing,MISCELLANEOUS ELECTRIC POWER AND DISTRIBUTION EQUIPMENT,,,,,true,5,"Morales, Anthony",amorales@blm.gov,,,"Sep 14, 2026 04:52 PM UTC","Oct 1, 2026 12:00 AM UTC","Sep 14, 2026 04:52 PM UTC",active
13TH COAST GUARD DISTRICT OFFICE,70Z00S,7008,U.S. COAST GUARD,70Z08526PLREP0282,Solicitation,CGC MUNRO WASHER/DRYER LAUNDRY UNITS,Purpose and objective: CGC MUNRO seeks to purchase SPEED QUEEN STACKING WASHER/DRYER LAUNDRY UNITS,"Sep 16, 2026 11:00 PM UTC",Total Small Business Set-Aside (FAR 19.5),None,Ship Building and Repairing,MISCELLANEOUS SHIP AND MARINE EQUIPMENT,USA,94501,Alameda,CA,true,,ariel arnold-garcia,ariel.arnold-garcia@uscg.mil,,,"Sep 10, 2026 04:36 PM UTC","Oct 1, 2026 12:00 AM UTC","Sep 10, 2026 04:36 PM UTC",active
"FWS, SAT TEAM 1",140FS1,1448,U.S. FISH AND WILDLIFE SERVICE,140FS126Q0149,Solicitation,AK-KENAI NWR-VC EXHIBIT UPDATES,AK-KENAI NWR-VC EXHIBIT UPDATES,"Sep 17, 2026 12:00 AM UTC",Total Small Business Set-Aside (FAR 19.5),None,Graphic Design Services,REPAIR OR ALTERATION OF EXHIBIT DESIGN (NON-BUILDING),,,,,true,1,"Devivo, Chelsea",chelsea_devivo@ios.doi.gov,,,"Sep 2, 2026 02:29 PM UTC","Oct 1, 2026 12:00 AM UTC","Sep 2, 2026 02:29 PM UTC",active
"FWS, SAT TEAM 1",140FS1,1448,U.S. FISH AND WILDLIFE SERVICE,140FS126Q0202,Solicitation,ID DWORSHAK NFH GRAVEL FOR PIPELINE RD,ID DWORSHAK NFH GRAVEL FOR PIPELINE RD,"Sep 17, 2026 12:00 AM UTC",Total Small Business Set-Aside (FAR 19.5),None,"Specialized Freight (except Used Goods) Trucking, Local","MINERAL CONSTRUCTION MATERIALS, BULK",,,,,true,1,"Devivo, Chelsea",chelsea_devivo@ios.doi.gov,,,"Sep 4, 2026 07:10 PM UTC","Oct 1, 2026 12:00 AM UTC","Sep 4, 2026 07:10 PM UTC",active
CALIFORNIA STATE OFFICE,140L12,1422,BUREAU OF LAND MANAGEMENT,140L1226Q0043,Solicitation,B--The purpose of this solicitation is to provide sur,"Question: Requesting copy of special instructions per Manual section 9-1, Group No. 06, Hawaii (mentioned in the PWS) Answer: 'We currently d","Sep 17, 2026 12:00 AM UTC",,None,Environmental Consulting Services,SPECIAL STUDIES/ANALYSIS- ARCHEOLOGICAL/PALEONTOLOGICAL,,,,,true,5,"Ehlinger, Laurie",lehlinger@blm.gov,,,"Sep 8, 2026 04:52 PM UTC","Oct 1, 2026 12:00 AM UTC","Sep 8, 2026 04:52 PM UTC",active
BASE ELIZABETH CITY(00081),70Z081,7008,U.S. COAST GUARD,70Z08126QELIZ0024,Solicitation,Z2EB--STA Oregon Inlet Maintenance Building HVAC Replacement,Amendment 0001 provides answers to questions received in response to the solicitation as of 9/10/2026.,"Sep 17, 2026 12:00 AM UTC",Total Small Business Set-Aside (FAR 19.5),None,"Plumbing, Heating, and Air-Conditioning Contractors","MAINT, REPAIR, ALTER REAL PROPERTY",USA,27959,Nags Head,NC,false,7,"POWERS, Mr. FRANK M",frank.m.powers@uscg.mil,,,"Sep 10, 2026 05:26 PM UTC","Oct 2, 2026 12:00 AM UTC","Sep 10, 2026 05:26 PM UTC",active
FA5270 18 CONS PK,FA5270,5700,DEPT OF THE AIR FORCE,FA527026QA058,Solicitation,FPAIC AUGMENTATION PARTS,This is a solicitation for FPAIC Augmentation Parts and a brand name request as listed below: Brand Name: Cla-Val Item 1,"Sep 17, 2026 01:00 AM UTC",,None,Other Metal Valve and Pipe Fitting Manufacturing,"HOSE, PIPE, TUBE, LUBRICATION, AND RAILING FITTINGS",JPN,96367,Kadena Air Force Base,JP-47,true,3,Eiko Maeshiro,eiko.maeshiro.jp@us.af.mil,,,"Sep 11, 2026 06:23 AM UTC","Oct 2, 2026 12:00 AM UTC","Sep 11, 2026 06:23 AM UTC",active
0409 AQ HQ CONTRACT,W912PB,2100,DEPT OF THE ARMY,W912PB26QA125,Solicitation,CR-3D Printers,"The Regional Contract Office Bavaria is soliciting for the purchase of CR-3D Printers, including all ancillary equipment and related accessories. T","Sep 17, 2026 12:00 PM UTC",,None,All Other Industrial Machinery Manufacturing,MISCELLANEOUS MACHINE TOOLS,DEU,,,,true,3,Madison Lim,madison.d.lim.mil@army.mil,,,"Sep 9, 2026 01:52 PM UTC","Oct 2, 2026 12:00 AM UTC","Sep 9, 2026 01:52 PM UTC",active
DEPT OF COMMERCE NIST,1333ND,1341,NATIONAL INSTITUTE OF STANDARDS AND TECHNOLOGY,1333QNB640598,Solicitation,Stable Isotopes for Biologics,See attached,"Sep 17, 2026 02:00 PM UTC",,None,All Other Basic Organic Chemical Manufacturing,CHEMICALS,USA,20899,Gaithersburg,MD,true,1,Rudolph Spencer,rudolph.spencer@nist.gov,,,"Sep 12, 2026 05:25 PM UTC","Oct 2, 2026 12:00 AM UTC","Sep 12, 2026 05:25 PM UTC",active
COLORADO STATE OFFICE,140L17,1422,BUREAU OF LAND MANAGEMENT,140L1726R0005,Solicitation,Z--BLM-CO TRFO BASIN WELL AND WATER SYSTEM,BLM-CO TRFO BASIN WELL AND WATER SYSTEM IMPROVEMENTS AMENDMENT 3 (09/03/2026)- This amendment is to add Q&A. This solicita,"Sep 17, 2026 02:00 PM UTC",Total Small Business Set-Aside (FAR 19.5),None,Water and Sewer Line and Related Structures Construction,REPAIR OR ALTERATION OF WATER SUPPLY FACILITIES,USA,,Naturita,CO,true,10,"Strickland, Courtni",cstrickland@ios.doi.gov,,,"Sep 3, 2026 08:11 PM UTC","Oct 2, 2026 12:00 AM UTC","Sep 3, 2026 08:11 PM UTC",active
261-NETWORK CONTRACT OFFICE 21 (36C261),36C261,3600,"VETERANS AFFAIRS, DEPARTMENT OF",36C26126Q1073,Solicitation,Dry Type Fire Suppression - Grease Hood and HAZMAT services,"See Soliciation, Performance Work Statment, Attachments and Amendments","Sep 17, 2026 02:00 PM UTC",,None,Commercial and Industrial Machinery and Equipment (except Automotive and Electronic) Repair and Maintenance,MAINT/REPAIR/REBUILD OF EQUIPMENT- CLEANING EQUIPMENT AND SUPPLIES,USA,94304,Palo Alto,CA,true,7,Gary W Christensen,Gary.Christensen@va.gov,,,"Sep 11, 2026 05:53 PM UTC","Oct 2, 2026 12:00 AM UTC","Sep 11, 2026 05:53 PM UTC",active
FA4407 375 CONS LGC,FA4407,5700,DEPT OF THE AIR FORCE,FA440727QDW04,Solicitation,FY27 Chiller Maintenance - Scott AFB - B1900,"The 375th Contracting Squadron intends to procure non-personal services for the comprehensive preventative maintenance, inspection, and repai","Sep 17, 2026 02:00 PM UTC",Total Small Business Set-Aside (FAR 19.5),None,"Plumbing, Heating, and Air-Conditioning Contractors","QUALITY CONTROL- REFRIGERATION, AIR CONDITIONING, AND AIR CIRCULATING EQUIPMENT",USA,,Scott Air Force Base,IL,true,9,Bryan Moore,bryan.moore.15@us.af.mil,,,"Sep 14, 2026 08:18 PM UTC","Oct 2, 2026 12:00 AM UTC","Sep 14, 2026 08:18 PM UTC",active
FA4814 6 CONS PK,FA4814,5700,DEPT OF THE AIR FORCE,FA481426Q0044,Solicitation,Electronic Locks Installation,See attached documents.,"Sep 17, 2026 02:00 PM UTC",,None,Security Systems Services (except Locksmiths),"MISCELLANEOUS ALARM, SIGNAL, AND SECURITY DETECTION SYSTEMS",USA,33621,Tampa,FL,true,5,Vincent R. Mata,vincent.mata.3@us.af.mil,,,"Sep 11, 2026 11:17 AM UTC","Oct 2, 2026 12:00 AM UTC","Sep 11, 2026 11:17 AM UTC",active
FA4814 6 CONS PK,FA4814,5700,DEPT OF THE AIR FORCE,FA481426Q0046,Solicitation,PKA-2nd Weapons Detection System-6 SFS,Ammendment 1: The purpose of this amendment is to add Attachment 2: Q&A ---------------------------------------------------------------,"Sep 17, 2026 02:00 PM UTC",Total Small Business Set-Aside (FAR 19.5),None,Other Measuring and Controlling Device Manufacturing,"MISCELLANEOUS ALARM, SIGNAL, AND SECURITY DETECTION SYSTEMS",USA,,Tampa,FL,true,4,TSgt Daniel Johnson,daniel.johnson.141@us.af.mil,,,"Sep 14, 2026 03:48 PM UTC","Oct 2, 2026 12:00 AM UTC","Sep 14, 2026 03:48 PM UTC",active
FA5587 48 CONS,FA5587,5700,DEPT OF THE AIR FORCE,FA558726Q0047,Solicitation,48 OG - OSA Secondary Crash Network,"The 48th Contracting Squadron at RAF Lakenheath, United Kingdom, is seeking sources of companies capable of providing an OSA Secondary Crash Networ","Sep 17, 2026 02:00 PM UTC",,None,Computer Terminal and Other Computer Peripheral Equipment Manufacturing,IT AND TELECOM - NETWORK: DIGITAL NETWORK PRODUCTS (HARDWARE AND PERPETUAL LICEN,GBR,09461,APO,,true,4,TSgt Christian Cuevas,christian.cuevas@us.af.mil,,,"Sep 10, 2026 07:15 AM UTC","Oct 2, 2026 12:00 AM UTC","Sep 10, 2026 07:15 AM UTC",active
FA5587 48 CONS,FA5587,5700,DEPT OF THE AIR FORCE,FA558726Q0053,Solicitation,48 LRS – 50 Ton Trailer,"The 48th Logistics Readiness Squadron, Ground Transportation Element requires one (1) HGV Flatbed Trailer to support mission-critical transportatio","Sep 17, 2026 02:00 PM UTC",,None,Commercial and Service Industry Machinery Manufacturing,TRAILERS,GBR,,Lakenheath,GB-SFK,true,3,TSgt Christian Cuevas,christian.cuevas@us.af.mil,,,"Sep 3, 2026 03:34 PM UTC","Oct 2, 2026 12:00 AM UTC","Sep 3, 2026 03:34 PM UTC",active
FA6712 911 AW LGC,FA6712,5700,DEPT OF THE AIR FORCE,FA671226Q0015,Solicitation,Procure and Install a Generator Building 125,****Amend 0003 is issued to post Request for Information (RFI) questions and answers and supporting documentation.**** ****Amend 0002 is issued to add,"Sep 17, 2026 02:00 PM UTC",Total Small Business Set-Aside (FAR 19.5),None,Electrical Contractors and Other Wiring Installation Contractors,MAINT/REPAIR/REBUILD OF EQUIPMENT- ELECTRIC WIRE AND POWER DISTRIBUTION EQUIPMEN,,,,,true,5,Claudette Bladt,claudette.baldt.1@us.af.mil,,,"Sep 11, 2026 07:37 PM UTC","Sep 11, 2027 12:00 AM UTC","Sep 11, 2026 07:37 PM UTC",active
"Grand Mesa, Uncompahgre & Gunnison National Forest",1282Y9,12C2,FOREST SERVICE,1240LP26Q0180,Solicitation,Gunnison Double Vault Toilet building-prefabricated,"Gunnison National Forest is in need of one (1) New Double Vault Toilet buiding that is prefabrication, on-site delivery, off loading an placement,&","Sep 17, 2026 03:00 PM UTC",Total Small Business Set-Aside (FAR 19.5),None,Other Concrete Product Manufacturing,CLAY AND CONCRETE PRODUCTS INDUSTRIES MACHINERY,USA,81230,Gunnison,CO,true,3,Sabrina Wilfong,sabrina.wilfong@usda.gov,,,"Sep 3, 2026 10:44 PM UTC","Oct 2, 2026 12:00 AM UTC","Sep 3, 2026 10:44 PM UTC",active
"FWS, IT SERVICES",140F1S,1448,U.S. FISH AND WILDLIFE SERVICE,140FNR26Q0008,Solicitation,F--AL DEEP HORIZON NRDA & RESTOR OF INSPECT,AL DEEP HORIZON NRDA North Breton Island Plant Inspection,"Sep 17, 2026 03:00 PM UTC",,None,"All Other Professional, Scientific, and Technical Services",NATURAL RESOURCES/CONSERVATION- OTHER,,,,,true,10,"Fluharty, William",william_fluharty@fws.gov,,,"Sep 10, 2026 06:48 PM UTC","Oct 2, 2026 12:00 AM UTC","Sep 10, 2026 06:48 PM UTC",active
245-NETWORK CONTRACT OFFICE 5 (36C245),36C245,3600,"VETERANS AFFAIRS, DEPARTMENT OF",36C24526Q0823,Solicitation,Karl Storz Endoscopy Service Contract DC VAMC,Scope of Services: The purpose of this requirement is to provide support for the Karl Storz scope and camera equipment at Washington DC VAM,"Sep 17, 2026 03:00 PM UTC",,None,Electronic and Precision Equipment Repair and Maintenance,"MAINT/REPAIR/REBUILD OF EQUIPMENT- MEDICAL, DENTAL, AND VETERINARY EQUIPMENT AND",USA,20422,Washington,DC,true,1,William Chris Galletta,willaim.galletta@va.gov,,,"Sep 9, 2026 06:56 PM UTC","Oct 2, 2026 12:00 AM UTC","Sep 9, 2026 06:56 PM UTC",active
249-NETWORK CONTRACT OFFICE 9 (36C249),36C249,3600,"VETERANS AFFAIRS, DEPARTMENT OF",36C24926Q0360,Solicitation,AHU Repairs Alvin C. York VAMC,"The Department of Veterans Affairs, Tennessee Valley Healthcare System, Alvin C. York VA Medical Center, has a requirement for the refurbishment of","Sep 17, 2026 03:00 PM UTC",Service-Disabled Veteran-Owned Small Business (SDVOSB) Set-Aside (FAR 19.14),None,"Plumbing, Heating, and Air-Conditioning Contractors","MAINT/REPAIR/REBUILD OF EQUIPMENT- REFRIGERATION, AIR CONDITIONING, AND AIR CIRC",USA,37129,Murfreesboro,TN,true,4,Shania Kimbrough,shania.kimbrough@va.gov,,,"Sep 10, 2026 03:26 PM UTC","Oct 2, 2026 12:00 AM UTC","Sep 10, 2026 03:26 PM UTC",active
252-NETWORK CONTRACT OFFICE 12 (36C252),36C252,3600,"VETERANS AFFAIRS, DEPARTMENT OF",36C25226Q0713,Solicitation,Formlabs Surgical Guide Resin Cleaning Validation,"One-time cleaning validation for Formlabs Surgical Guide Resin for Clement J Zablocki VA Medical Center in Milwaukee, WI. Services shall be perform","Sep 17, 2026 03:00 PM UTC",Total Small Business Set-Aside (FAR 19.5),None,Electronic and Precision Equipment Repair and Maintenance,OTHER QC/TEST/INSPECT- MISCELLANEOUS,USA,53295,Milwaukee,WI,true,2,Erika A Cannaday,erika.cannaday@va.gov,,,"Sep 11, 2026 05:37 PM UTC","Oct 2, 2026 12:00 AM UTC","Sep 11, 2026 05:37 PM UTC",active
6973GH FRANCHISE ACQUISITION SVCS,6973GH,6920,FEDERAL AVIATION ADMINISTRATION,6973GH-26-R-00223,Solicitation,PHOENIX CONNECT SURGE PROTECTION DEVICE- Brand Name Only,"The Federal Aviation Administration (FAA), Mike Monroney Aeronautical Center (MMAC) has a requirement for the procurement of Qty 4020 Phoenix Conne","Sep 17, 2026 03:00 PM UTC",,None,All Other Miscellaneous Electrical Equipment and Component Manufacturing,MISCELLANEOUS ELECTRICAL AND ELECTRONIC COMPONENTS,,,,,true,2,Samantha Pearce,samantha.a.pearce@faa.gov,,,"Sep 9, 2026 07:13 PM UTC","Oct 2, 2026 12:00 AM UTC","Sep 9, 2026 07:13 PM UTC",active
FA4407 375 CONS LGC,FA4407,5700,DEPT OF THE AIR FORCE,FA440726QTW15,Solicitation,B1990 Facility Management Services - Solicitation,*** SOLICITATION AMENDMENT 0002 NOTICE *** The purpose of Amendment 0002 is to incorporate the updated SCA Wage Determination (Attachment 5 -,"Sep 17, 2026 03:00 PM UTC",Total Small Business Set-Aside (FAR 19.5),None,Facilities Support Services,MAINTENANCE OF OFFICE BUILDINGS,USA,62225,,IL,true,15,Tymera Washington,tymera.washington@us.af.mil,,,"Sep 11, 2026 03:36 PM UTC","Oct 2, 2026 12:00 AM UTC","Sep 11, 2026 03:36 PM UTC",active
FA4621 22 CONS PK,FA4621,5700,DEPT OF THE AIR FORCE,FA462126Q0055,Solicitation,Containment Sump Replacement - McConnell AFB,"This announcement constitutes the only solicitation and quotes are being requested. This solicitation document, which incorporates provisions","Sep 17, 2026 03:00 PM UTC",Total Small Business Set-Aside (FAR 19.5),None,Oil and Gas Pipeline and Related Structures Construction,REPAIR OR ALTERATION OF FUEL SUPPLY FACILITIES,USA,67221,McConnell AFB,KS,true,4,2d Lt Susannah Mickey,susannah.mickey@us.af.mil,,,"Sep 8, 2026 01:52 PM UTC","Oct 2, 2026 12:00 AM UTC","Sep 8, 2026 01:52 PM UTC",active
FA4621 22 CONS PK,FA4621,5700,DEPT OF THE AIR FORCE,FA462126Q0056,Solicitation,22 AMXS Aircraft Spare Tool Storage Expansion,"McConnell AFB has a requirement for Aircraft Spare Tool Storage for the 22nd Maintenance Squadron at McConnell Air Force Base, Kansas. <p","Sep 17, 2026 03:00 PM UTC",Total Small Business Set-Aside (FAR 19.5),None,Other Metal Container Manufacturing,TOOL AND HARDWARE BOXES,USA,67221,McConnell AFB,KS,true,3,SrA Natalee Dykes,natalee.dykes@us.af.mil,,,"Sep 9, 2026 01:14 PM UTC","Oct 2, 2026 12:00 AM UTC","Sep 9, 2026 01:14 PM UTC",active
257-NETWORK CONTRACT OFFICE 17 (36C257),36C257,3600,"VETERANS AFFAIRS, DEPARTMENT OF",36C25726Q0431,Solicitation,36C25726Q0431 504-26-006 RE FINISH B4 N AND F ADM,504-26-006 - Re Finish B4 N and F Adm,"Sep 17, 2026 03:30 PM UTC",Service-Disabled Veteran-Owned Small Business (SDVOSB) Set-Aside (FAR 19.14),None,Flooring Contractors,MAINTENANCE OF HOSPITALS AND INFIRMARIES,USA,,Amarillo,TX,true,3,Genevieve Fain,Genevieve.Fain@va.gov,,,"Sep 12, 2026 02:48 PM UTC","Oct 2, 2026 12:00 AM UTC","Sep 12, 2026 02:48 PM UTC",active
246-NETWORK CONTRACTING OFFICE 6 (36C246),36C246,3600,"VETERANS AFFAIRS, DEPARTMENT OF",36C24626Q1036,Solicitation,Richmond VAMC Parking Attendant (Valet) Services,Richmond VAMC Parking Attendant (Valet) Services,"Sep 17, 2026 04:00 PM UTC",Service-Disabled Veteran-Owned Small Business (SDVOSB) Set-Aside (FAR 19.14),None,Parking Lots and Garages,OPERATION OF PARKING FACILITIES,USA,23249,Richmond,VA,true,2,Cole J Culley,cole.culley@va.gov,,,"Sep 4, 2026 05:37 PM UTC","Oct 2, 2026 12:00 AM UTC","Sep 4, 2026 05:37 PM UTC",active
FEDERAL DEPOSIT INSURANCE CORPORATION,F05603,5100,FEDERAL DEPOSIT INSURANCE CORPORATION,CORHQ-26-Q-0339,Solicitation,Thruput MGR Software Maintenance for FDIC,The Federal Deposit Insurance Corporation invites you to submit a quote for RFQ CORHQ-26-Q- 0339 for Thruput Manager Software Maintenance. We reque,"Sep 17, 2026 04:00 PM UTC",,None,Computer and Computer Peripheral Equipment and Software Merchant Wholesalers,IT AND TELECOM - BUSINESS APPLICATION SOFTWARE (PERPETUAL LICENSE SOFTWARE),USA,22226,Arlington,VA,true,2,Ellisha Smith,ellismith@FDIC.gov,,,"Sep 2, 2026 07:19 PM UTC","Sep 17, 2026 12:00 AM UTC","Sep 2, 2026 07:19 PM UTC",active
FA2517 21 CONS BLDG 350,FA2517,5700,DEPT OF THE AIR FORCE,FA251726QA048,Solicitation,Bldg 1 Mechanical Room Door Upgrade,"This requirement is for the replacement of exterior and interior mechanical room doors, and an auditorium control booth door. The project also incl","Sep 17, 2026 04:00 PM UTC",Total Small Business Set-Aside (FAR 19.5),None,Metal Window and Door Manufacturing,"BUILDING COMPONENTS, PREFABRICATED",USA,80914,Colorado Springs,CO,true,4,Armand Galindez,armand.galindez@spaceforce.mil,,,"Sep 11, 2026 07:50 PM UTC","Oct 2, 2026 12:00 AM UTC","Sep 11, 2026 07:50 PM UTC",active
FA2835 AFLCMC HANSCOM PZI,FA2835,5700,DEPT OF THE AIR FORCE,FA283526Q0033,Solicitation,NBSFS Water Tank Maintenance,"This action is for the repair, cleaning, and inspection of two underground water storage tanks while maintaining the potable water supply distribut","Sep 17, 2026 04:00 PM UTC",Total Small Business Set-Aside (FAR 19.5),None,Water and Sewer Line and Related Structures Construction,MAINTENANCE OF WATER SUPPLY FACILITIES,USA,,New Boston,NH,true,5,Kristin Morrison,kristin.morrison.1@us.af.mil,,,"Aug 24, 2026 02:08 PM UTC","Oct 2, 2026 12:00 AM UTC","Aug 24, 2026 02:08 PM UTC",active
DEFENSE HEALTH AGENCY,HT9406,97DH,DEFENSE HEALTH AGENCY (DHA),HT940626QE114,Solicitation,Extracorporeal Shock Wave Therapy (ESWT) System for Winn Army Community Hospital and Martin Army Community Hospital,This is a solicitation for commercial items for Extracorporeal Shock Wave Therapy (ESWT) Systems in support of Winn Army Community Hospital an,"Sep 17, 2026 04:00 PM UTC",,None,Electromedical and Electrotherapeutic Apparatus Manufacturing,"MEDICAL AND SURGICAL INSTRUMENTS, EQUIPMENT, AND SUPPLIES",USA,31314,Fort Stewart,GA,true,3,Heather Clipson,Heather.y.clipson.civ@health.mil,,,"Sep 10, 2026 02:54 PM UTC","Oct 2, 2026 12:00 AM UTC","Sep 10, 2026 02:54 PM UTC",active
246-NETWORK CONTRACTING OFFICE 6 (36C246),36C246,3600,"VETERANS AFFAIRS, DEPARTMENT OF",_1,Solicitation,DENTAL WATER LINE TESTING,Dental Water Line TEsting for Hampton Medical Center,"Sep 17, 2026 04:00 PM UTC",Service-Disabled Veteran-Owned Small Business (SDVOSB) Set-Aside (FAR 19.14),None,Testing Laboratories and Services,TECHNICAL REPRESENTATIVE- WATER PURIFICATION AND SEWAGE TREATMENT EQUIPMENT,USA,23667,,,true,1,Francine Valverde,Francine.Valverde@va.gov,,,"Sep 14, 2026 05:56 PM UTC","Oct 2, 2026 12:00 AM UTC","Sep 14, 2026 05:56 PM UTC",active
262-NETWORK CONTRACT OFFICE 22 (36C262),36C262,3600,"VETERANS AFFAIRS, DEPARTMENT OF",36C26226Q1401,Solicitation,Uninterruptible Power Supply Semi-Annual Maintenance SAVAHCS,Southern Arizona VA Health Care Systems (SAVAHCS) requires semi-annual maintenance of their Uninterruptible Power Supply (UPS) systems.,"Sep 17, 2026 05:00 PM UTC",Service-Disabled Veteran-Owned Small Business (SDVOSB) Set-Aside (FAR 19.14),None,Electronic and Precision Equipment Repair and Maintenance,MAINT/REPAIR/REBUILD OF EQUIPMENT- ELECTRIC WIRE AND POWER DISTRIBUTION EQUIPMEN,USA,85723,Tucson,AZ,true,3,Jordan Alonzo,jordan.alonzo@va.gov,,,"Sep 4, 2026 09:03 PM UTC","Oct 2, 2026 12:00 AM UTC","Sep 4, 2026 09:03 PM UTC",active
ARGONNE NATL LAB - DOE CONTRACTOR,899031,8900,"ENERGY, DEPARTMENT OF",6-B141-Q-00444-00,Solicitation,Linear Encoder System Components,Argonne National Laboratory is seeking to source: Please see attached solicitation package - on the ANL-70 form:<,"Sep 17, 2026 05:00 PM UTC",,None,"Instruments and Related Products Manufacturing for Measuring, Displaying, and Controlling Industrial Process Variables","OPTICAL INSTRUMENTS, TEST EQUIPMENT, COMPONENTS AND ACCESSORIES",USA,60439,Lemont,IL,true,3,Beth DeCarlo,bdecarlo@anl.gov,,,"Sep 15, 2026 02:56 AM UTC","Sep 17, 2026 12:00 AM UTC","Sep 15, 2026 02:56 AM UTC",active
FA4613 90 CONS PK,FA4613,5700,DEPT OF THE AIR FORCE,FA461326R0008,Solicitation,"PKAB Tree Removal and Disposal Services at FE Warren AFB, WY","This is a solicitation for a one time commercial service. The Contractor shall provide all management, tools, supplies, equipment, and labor necess","Sep 17, 2026 05:00 PM UTC",Total Small Business Set-Aside (FAR 19.5),None,Landscaping Services,HOUSEKEEPING- LANDSCAPING/GROUNDSKEEPING,USA,82005,FE Warren AFB,WY,true,6,SSgt Kyle Harris,kyle.harris.23@us.af.mil,,,"Sep 10, 2026 09:18 PM UTC","Oct 2, 2026 12:00 AM UTC","Sep 10, 2026 09:18 PM UTC",active
FA9301 AFTC PZIO,FA9301,5700,DEPT OF THE AIR FORCE,FA930126Q0033,Solicitation,FES Hovercraft,Request for Quote (RFQ): FES Hovercraft (i) This is a combined synopsis/solicitation for commercial products or com,"Sep 17, 2026 05:00 PM UTC",,None,Boat Building,SMALL CRAFT,USA,93524,Edwards,CA,true,1,Steven Confer,Steven.Confer@us.af.mil,,,"Sep 14, 2026 07:59 PM UTC","Oct 2, 2026 12:00 AM UTC","Sep 14, 2026 07:59 PM UTC",active
COMMANDING GENERAL,M67001,1700,DEPT OF THE NAVY,M6700126Q0147,Solicitation,High Security Shredder,Please see attached solicitation.,"Sep 17, 2026 05:00 PM UTC",Total Small Business Set-Aside (FAR 19.5),None,Office Supplies (except Paper) Manufacturing,OFFICE DEVICES AND ACCESSORIES,USA,28542,Camp Lejeune,NC,false,1,Tiffany Morris,tiffany.morris@usmc.mil,,,"Sep 10, 2026 05:26 PM UTC","Oct 2, 2026 12:00 AM UTC","Sep 10, 2026 05:26 PM UTC",active
245-NETWORK CONTRACT OFFICE 5 (36C245),36C245,3600,"VETERANS AFFAIRS, DEPARTMENT OF",36C24527Q0788,Solicitation,DME AND RELATED SERVICES,"The contractor shall provide all supplies, materials, equipment, labor, supervision, transportation, infection control, storage, cleaning, delivery","Sep 17, 2026 06:00 PM UTC",Total Small Business Set-Aside (FAR 19.5),None,Home Health Care Services,MEDICAL- MANAGED HEALTHCARE,USA,20422,Washington,DC,true,1,Aria Melville,Aria.Melville@va.gov,,,"Sep 9, 2026 12:03 AM UTC","Oct 2, 2026 12:00 AM UTC","Sep 9, 2026 12:03 AM UTC",active
CEU PROVIDENCE(000G1),70Z0G1,7008,U.S. COAST GUARD,70Z0G126BSNNESW01,Solicitation,USCG Sector Field Office Southwest Harbor - Major Maintenance and Repair Galley and Housing,"USCG Sector Field Office Southwest Harbor - Major Maintenance and Repair Galley and Housing, Project No. PSN: 21776733 Solicitation issued","Sep 17, 2026 06:00 PM UTC",Total Small Business Set-Aside (FAR 19.5),None,Commercial and Institutional Building Construction,REPAIR OR ALTERATION OF OTHER ADMINISTRATIVE FACILITIES AND SERVICE BUILDINGS,USA,04679,Southwest Harbor,ME,true,9,Christopher L. Hunsberger,Christopher.L.Hunsberger2@uscg.mil,,,"Sep 9, 2026 01:07 PM UTC","Nov 16, 2026 12:00 AM UTC","Sep 9, 2026 01:07 PM UTC",active
FA4460 19 CONS PKA,FA4460,5700,DEPT OF THE AIR FORCE,FA446026Q0059,Solicitation,E-36 Smart Trailer Airfield Deicer Trailer,"Amended addiontal of the Questions and answers form. Little Rock AFB is seeking aE-36 Smart Trailer Airfield Deicer IAW Attachment, 1 &ndas","Sep 17, 2026 06:00 PM UTC",Total Small Business Set-Aside (FAR 19.5),None,Truck Trailer Manufacturing,TRAILERS,USA,72099,Little Rock Air Force Base,AR,true,7,SrA Joshua Duval,joshua.duval@us.af.mil,,,"Sep 14, 2026 01:02 PM UTC","Oct 2, 2026 12:00 AM UTC","Sep 14, 2026 01:02 PM UTC",active
FA4620 92 CONS LGC,FA4620,5700,DEPT OF THE AIR FORCE,FA462026QA310,Solicitation,MXG Air Compressor Maintenance,"This is a new Solicitation from a previously canceled requirement. The contractor shall provide all necessary labor, personnel, equipment,","Sep 17, 2026 06:00 PM UTC",Total Small Business Set-Aside (FAR 19.5),None,Commercial and Industrial Machinery and Equipment (except Automotive and Electronic) Repair and Maintenance,MAINT/REPAIR/REBUILD OF EQUIPMENT- PUMPS AND COMPRESSORS,USA,99011,Fairchild Air Force Base,WA,true,5,Angelo Bolanos,angelo.bolanos@us.af.mil,,,"Sep 11, 2026 04:22 PM UTC","Oct 2, 2026 12:00 AM UTC","Sep 11, 2026 04:22 PM UTC",active
246-NETWORK CONTRACTING OFFICE 6 (36C246),36C246,3600,"VETERANS AFFAIRS, DEPARTMENT OF",36C24626Q0844_0001,Solicitation,Electric Truck,THIS IS AN AMENDMENT TO THE SOLICITATION. SEE AMENDMENT FOR DETAILS.,"Sep 17, 2026 07:00 PM UTC",Total Small Business Set-Aside (FAR 19.5),None,Automobile and Light Duty Motor Vehicle Manufacturing,"TRUCKS AND TRUCK TRACTORS, WHEELED",USA,28805,Asheville,NC,true,1,Zanona Pickett,zanona.pickett@va.gov,,,"Sep 10, 2026 07:32 PM UTC","Nov 30, 2026 12:00 AM UTC","Sep 10, 2026 07:32 PM UTC",active
CDC OFFICE OF ACQUISITION SERVICES,75D301,7523,CENTERS FOR DISEASE CONTROL AND PREVENTION,75D30126Q79281,Solicitation,"Installation, Configuration, Software Upgrade, Preventive Maintenance, and Repair Services for the Government-Owned Sci-Print VXL/VXQ Automated Tube Labeling System",***Please see attached Solicitation 75D30126Q79281 for full instructions and details*** Subject:&nbs,"Sep 17, 2026 07:00 PM UTC",,None,Analytical Laboratory Instrument Manufacturing,MAINT/REPAIR/REBUILD OF EQUIPMENT- INSTRUMENTS AND LABORATORY EQUIPMENT,USA,30329,Atlanta,GA,true,1,Latoya Michel,zrb5@cdc.gov,,,"Sep 14, 2026 01:44 PM UTC","Oct 2, 2026 12:00 AM UTC","Sep 14, 2026 01:44 PM UTC",active
FA4610 30 CONS PK,FA4610,5700,DEPT OF THE AIR FORCE,FA461026Q9994,Solicitation,"Vandenberg Structural Engineering Study, SLC-3 Tower",This is a combined synopsis/solicitation for third-party engineering firm to perform a limited structural condition assessment of the 156-foot SLC-,"Sep 17, 2026 07:00 PM UTC",Total Small Business Set-Aside (FAR 19.5),None,Engineering Services,SUPPORT- PROFESSIONAL: ENGINEERING/TECHNICAL,USA,93437,Lompoc,CA,true,8,Guenevere Lastimoza-Williston,guenevere.lastimoza-williston@spaceforce.mil,,,"Sep 14, 2026 08:45 PM UTC","Oct 2, 2026 12:00 AM UTC","Sep 14, 2026 08:45 PM UTC",active
FA8809 SDA AND CMBT PWR SSC/SZK-IK,FA8809,5700,DEPT OF THE AIR FORCE,FA8809-26-R-B002,Solicitation,HADES (Hybrid Architecture and Development for Experimental Systems) Request for Proposal,"1 September 2026 – FA8809-26-R-B002 Amendment 0002 The purpose of Amendment 0002 is to update Section L&M, in addition to updates","Sep 17, 2026 07:00 PM UTC",,None,"Research and Development in the Physical, Engineering, and Life Sciences (except Nanotechnology and Biotechnology)",SUPPORT- PROFESSIONAL: ENGINEERING/TECHNICAL,USA,87117,Kirtland AFB,NM,true,60,Lt Col John Purcell,john.purcell.3@spaceforce.mil,,,"Sep 2, 2026 12:16 AM UTC","Feb 9, 2027 12:00 AM UTC","Sep 2, 2026 12:16 AM UTC",active
"692M15 ACQUISITION & GRANTS, AAQ600",692M15,6920,FEDERAL AVIATION ADMINISTRATION,RFQCT2600534A2,Solicitation,Request for Quote (RFQ) for Lycoming Engines Aircraft Engines and their components,"AMEND 01: In preparing a quote for this RFQ, vendors are hereby advised that the FAA will not be providing a","Sep 17, 2026 07:00 PM UTC",,None,Aircraft Engine and Engine Parts Manufacturing,"GASOLINE RECIPROCATING ENGINES, AIRCRAFT PRIME MOVER; AND COMPONENTS",USA,08405,Atlantic City,NJ,true,1,Christine Yezzo,christine.yezzo@faa.gov,,,"Sep 14, 2026 07:41 PM UTC","Oct 2, 2026 12:00 AM UTC","Sep 14, 2026 07:41 PM UTC",active
DLA TROOP SUPPORT,SPE1C1,97AS,DEFENSE LOGISTICS AGENCY,SPE1C126Q0487,Solicitation,AF Curvy Dress Skirts,"This solicitation is for the procurement of 4,500 EA of the new Air Force Curvy Dress Skirts. Closing date is Sepember 17th, 2026. Pre-Production S","Sep 17, 2026 07:00 PM UTC",Total Small Business Set-Aside (FAR 19.5),None,Cut and Sew Apparel Contractors,"OUTERWEAR, WOMEN'S",USA,,Philadelphia,PA,true,1,Alexi Marin,alexi.marin@dla.mil,,,"Sep 3, 2026 06:15 PM UTC","Sep 17, 2026 12:00 AM UTC","Sep 3, 2026 06:15 PM UTC",active
DLA TROOP SUPPORT,SPE1C1,97AS,DEFENSE LOGISTICS AGENCY,SPE1C126Q0491,Solicitation,AF Straight Dress Skirts,"This solicitation is for the procurement of 4,770 EA of the new Air Force Straight Dress Skirts. Closing date is September 17th, 2026. Pre-Producti","Sep 17, 2026 07:00 PM UTC",Total Small Business Set-Aside (FAR 19.5),None,Cut and Sew Apparel Contractors,"OUTERWEAR, WOMEN'S",USA,,Philadelphia,PA,true,1,Alexi Marin,alexi.marin@dla.mil,,,"Sep 3, 2026 06:11 PM UTC","Sep 17, 2026 12:00 AM UTC","Sep 3, 2026 06:11 PM UTC",active
DLA LAND WARREN,SPRDL1,97AS,DEFENSE LOGISTICS AGENCY,SPRDL1-26-R-0076,Solicitation,"Motor, Ball Screw AC","Posting of solicitation expected to result in a firm fixed price contract with one, 1-year, 100% option. NSN: 6105-01-136-0964 P/N:","Sep 17, 2026 07:00 PM UTC",,None,Motor and Generator Manufacturing,"MOTORS, ELECTRICAL",,,,,true,1,Stephen Granch,Stephen.Granch@dla.mil,,,"Aug 3, 2026 02:04 PM UTC","Feb 28, 2027 12:00 AM UTC","Aug 3, 2026 02:04 PM UTC",active
697DCK REGIONAL ACQUISITIONS SVCS,697DCK,6920,FEDERAL AVIATION ADMINISTRATION,697DCK-26-R-00302,Solicitation,"Janitorial services Salt Lake City, UT (multiple locations)",AMENDMENT 0001 The purpose of this amendment is to accomplish the following: Provide the Question and,"Sep 17, 2026 07:30 PM UTC",8(a) Set-Aside (FAR 19.8),None,Janitorial Services,HOUSEKEEPING- CUSTODIAL JANITORIAL,USA,84116,Salt Lake City,UT,true,17,kristen moran,kristen.moran@faa.gov,,,"Sep 14, 2026 04:29 PM UTC","Oct 2, 2026 12:00 AM UTC","Sep 14, 2026 04:29 PM UTC",active
AMERICAN CONSULATE TORONTO,19CA70,1900,"STATE, DEPARTMENT OF",19CA7026Q0005,Solicitation,19CA7026Q0005 for Painting at U.S. Consul General’s Residence (CGR).,Enclosed is a Request for Quotation (RFQ) for painting in the U.S. Consul General’s residence (CGR). If you would like to submit a quot,"Sep 17, 2026 08:00 PM UTC",,None,Painting and Wall Covering Contractors,"PAINTS, DOPES, VARNISHES, AND RELATED PRODUCTS",CAN,M4V 2S5,Toronto,CA-ON,true,1,Jay Daniliuk,torontoprocurement@state.gov,,,"Aug 25, 2026 06:47 PM UTC","Oct 2, 2026 12:00 AM UTC","Aug 25, 2026 06:47 PM UTC",active
255-NETWORK CONTRACT OFFICE 15 (36C255),36C255,3600,"VETERANS AFFAIRS, DEPARTMENT OF",36C25526Q0654,Solicitation,Telephone Operator Support Services l KCVA | Base plus four (4) option years,"The Department of Veterans Affairs (VA), Kansas City VA Medical Center (KCVAMC), requires 24 hours per day, 7 days per week Telephone Operator Serv","Sep 17, 2026 08:00 PM UTC",Service-Disabled Veteran-Owned Small Business (SDVOSB) Set-Aside (FAR 19.14),None,Telephone Answering Services,SUPPORT- PROFESSIONAL: COMMUNICATIONS,USA,64128,Kansas City,MO,true,1,Aubrey Visocsky,Aubrey.Visocsky@va.gov,,,"Sep 10, 2026 08:50 PM UTC","Oct 2, 2026 12:00 AM UTC","Sep 10, 2026 08:50 PM UTC",active
FA3016 502 CONS CL,FA3016,5700,DEPT OF THE AIR FORCE,FA301626R6034,Solicitation,MACC - Attachment_8_Q_and_A_Consolidated - GOV Response - Repair Lackland Youth Center Playground,Login at https://piee.eb.mil and search for 'FA301626R6034' to obtain more details.*,"Sep 17, 2026 08:00 PM UTC",,None,Other Heavy and Civil Engineering Construction,CONSTRUCTION OF RECREATION FACILITIES (NON-BUILDING),,78236,,,true,3,Francisco MARTINEZ MARTINEZ,francisco.martinez_martinez.1@us.af.mil,,,"Sep 10, 2026 08:12 PM UTC","Oct 1, 2026 12:00 AM UTC","Sep 10, 2026 08:12 PM UTC",active
FA4887 56 CONS CC,FA4887,5700,DEPT OF THE AIR FORCE,FA488726Q0064,Solicitation,"Tube Bending and Flare Tube Machines Luke AFB, AZ",14 SEP 2026 UPDATE - CUSTOMER UPATED SALIENT CHARACTERISTICS FOR TUBE MACHINE This requirement covers two separate industrial metalwo,"Sep 17, 2026 08:00 PM UTC",Total Small Business Set-Aside (FAR 19.5),None,Machine Tool Manufacturing,BENDING AND FORMING MACHINES,USA,85309,Luke Air Force Base,AZ,true,5,2d Lt Angelo Donisi,angelo.donisi.1@us.af.mil,,,"Sep 14, 2026 11:12 PM UTC","Oct 2, 2026 12:00 AM UTC","Sep 14, 2026 11:12 PM UTC",active
"DLA AVIATION AT PHILADELPHIA, PA",SPRPA1,97AS,DEFENSE LOGISTICS AGENCY,SPRPA126QRB13,Solicitation,"MOTOR,DIRECT CURREN",CONTACT INFORMATION|4|APAB.42|YGR|445-737-7416|SABRINA.FIOCCA@DLA.MIL |\rITEM UNIQUE IDENTIFICATION AND VALUATION (JAN 2023)|19||||||||||||||||||||\rINS,"Sep 17, 2026 08:30 PM UTC",,None,Motor and Generator Manufacturing,"MOTORS, ELECTRICAL",,,,,false,1,Telephone: 2157373017,SABRINA.FIOCCA@DLA.MIL,,,"Aug 18, 2026 11:03 AM UTC","Oct 2, 2026 12:00 AM UTC","Aug 18, 2026 11:03 AM UTC",active
"DLA AVIATION AT PHILADELPHIA, PA",SPRPA1,97AS,DEFENSE LOGISTICS AGENCY,SPRPA126QZB63,Solicitation,"EMERGENCY BOX,AIRCR",ITEM UNIQUE IDENTIFICATION AND VALUATION (JAN 2023)|19||||||||||||||||||||\rHIGHER-LEVEL CONTRACT QUALITY REQUIREMENT|8|X||||||||\rWIDE AREA WORKFLOW PA,"Sep 17, 2026 08:30 PM UTC",,None,Other Aircraft Parts and Auxiliary Equipment Manufacturing,MISCELLANEOUS AIRCRAFT ACCESSORIES AND COMPONENTS,,,,,false,1,Telephone: 4557370386,SARA.PAGAN-RAMOS@DLA.MIL,,,"Aug 18, 2026 11:13 AM UTC","Oct 2, 2026 12:00 AM UTC","Aug 18, 2026 11:13 AM UTC",active
"FWS, GAOA",140FGA,1448,U.S. FISH AND WILDLIFE SERVICE,140FGA26R0038,Solicitation,Tishomingo NFH Replace Pond Liners,EO 14398 - Tishomingo NFH Replace Pond Liners 10/01/2026 - 02/28/2027,"Sep 17, 2026 09:00 PM UTC",Total Small Business Set-Aside (FAR 19.5),None,Other Heavy and Civil Engineering Construction,REPAIR OR ALTERATION OF OTHER NON-BUILDING FACILITIES,,,,,true,4,"Luang-Khot, Johnny",johnny_luang-khot@fws.gov,,,"Aug 17, 2026 02:41 PM UTC","Oct 2, 2026 12:00 AM UTC","Aug 17, 2026 02:41 PM UTC",active
"FWS, SAT TEAM 2",140FS2,1448,U.S. FISH AND WILDLIFE SERVICE,140FS226Q0195,Solicitation,Z--MN RICE LAKE NWR PARKING LOT SEALING & RESTRIPING,MN RICE LAKE NWR PARKING LOT SEALING AND RESTRIPING Amendment 001 to update pavement size,"Sep 17, 2026 09:00 PM UTC",Service-Disabled Veteran-Owned Small Business (SDVOSB) Set-Aside (FAR 19.14),None,"Highway, Street, and Bridge Construction",REPAIR OR ALTERATION OF HIGHWAYS/ROADS/STREETS/BRIDGES/RAILWAYS,,,,,true,5,"Riva, Jeremy",jeremy_riva@ios.doi.gov,,,"Sep 8, 2026 09:40 PM UTC","Oct 2, 2026 12:00 AM UTC","Sep 8, 2026 09:40 PM UTC",active
DOL - CAS DIVISION 4 PROCUREMENT,1605C4,1605,OFFICE OF THE ASSISTANT SECRETARY FOR ADMINISTRATION AND MANAGEMENT,1605C4-26-R-00035,Solicitation,MSHA - Digitization Services,"The U.S. Department of Labor (DOL), Office of the Senior Procurement Executive (OSPE), on behalf of the Mine Safety and Health Administration (MSHA","Sep 17, 2026 09:00 PM UTC",Total Small Business Set-Aside (FAR 19.5),None,"Computing Infrastructure Providers, Data Processing, Web Hosting, and Related Services",SUPPORT â€“ ADMINISTRATIVE: ELECTRONIC RECORDS MANAGEMENT SERVICES,USA,20210,Washington,DC,true,1,Alicia M. Jackson,Jackson.Alicia.M@dol.gov,,,"Sep 10, 2026 03:44 PM UTC","Oct 2, 2026 12:00 AM UTC","Sep 10, 2026 03:44 PM UTC",active
697DCK REGIONAL ACQUISITIONS SVCS,697DCK,6920,FEDERAL AVIATION ADMINISTRATION,697DCK-26-R-00397,Solicitation,ZTL Childcare Facility Paving Project,Amendment 0002 is released to provide additional questions and answers. Supplemental attachments have also been included for certain answe,"Sep 17, 2026 09:00 PM UTC",,None,"Highway, Street, and Bridge Construction",CONSTRUCTION OF RADAR AND NAVIGATIONAL FACILITIES,USA,,Hampton,GA,true,8,Joshua Espinosa,joshua.j.espinosa@faa.gov,,,"Sep 10, 2026 07:46 PM UTC","Oct 17, 2026 12:00 AM UTC","Sep 10, 2026 07:46 PM UTC",active
FA7060 11TH CONTRACTING SQ PK,FA7060,5700,DEPT OF THE AIR FORCE,FA706026Q0023,Solicitation,PKA - USAF Band Custom Uniform Alterations Project,"The vendor shall perform alterations to provide custom fitted tunics for 50 members of the USAF Band. Work will include fittings, sewing, and","Sep 17, 2026 09:00 PM UTC",Total Small Business Set-Aside (FAR 19.5),None,Cut and Sew Apparel Contractors,"MODIFICATION OF EQUIPMENT- CLOTHING, INDIVIDUAL EQUIPMENT, AND INSIGNIA",USA,20032,Bolling AFB,DC,true,5,SSgt Anthony Dickerson,anthony.dickerson.2@us.af.mil,,,"Sep 10, 2026 09:45 PM UTC","Oct 2, 2026 12:00 AM UTC","Sep 10, 2026 09:45 PM UTC",active
FA8121 AFSC PZAAA,FA8121,5700,DEPT OF THE AIR FORCE,FA812126R0016,Solicitation,"LINER,COMBUSTION CH",issue date for Solicitation: 17 August 2026 Estimated closing/response date for Solicitation: 17 September 2026,"Sep 17, 2026 09:00 PM UTC",,None,Aircraft Engine and Engine Parts Manufacturing,"AIRCRAFT, FIXED WING",USA,,,,true,15,Jared Walker,jared.walker.15@us.af.mil,,,"Aug 17, 2026 06:14 PM UTC","Oct 2, 2026 12:00 AM UTC","Aug 17, 2026 06:14 PM UTC",active
AMES LABORATORY - DOE CONTRACTOR,899030,8900,"ENERGY, DEPARTMENT OF",RFP-A26-1148,Solicitation,Glove box with purification system for storing high value and oxygen-sensitive materials,Ames National Laboratory is seeking to acquire a Glove box with purification system for storing high value and oxygen-sensitive material,"Sep 17, 2026 09:00 PM UTC",,None,Analytical Laboratory Instrument Manufacturing,LABORATORY EQUIPMENT AND SUPPLIES,USA,50011,,IA,true,6,Jennifer Vawter,jvawter@ameslab.gov,,,"Sep 1, 2026 06:55 PM UTC","Oct 2, 2026 12:00 AM UTC","Sep 1, 2026 06:55 PM UTC",active
BROOKHAVEN NATL LAB -DOE CONTRACTOR,899033,8900,"ENERGY, DEPARTMENT OF",RP483321,Solicitation,"Mixed Domain Oscilloscope, No Substitutions or Equivalents",Please provide a quotation for the items listed below. The quote should include the applicable lead time. Please also extend any available di,"Sep 17, 2026 09:00 PM UTC",,None,Instrument Manufacturing for Measuring and Testing Electricity and Electrical Signals,OPERATION OF GOVERNMENT-OWNED CONTRACTOR-OPERATED (GOCO) R&D FACILITIES,USA,11973,Upton,NY,true,2,Rachel Plihcik,Rplihcik@bnl.gov,,,"Sep 11, 2026 07:11 PM UTC","Oct 2, 2026 12:00 AM UTC","Sep 11, 2026 07:11 PM UTC",active
"DLA AVIATION AT OKLAHOMA CITY, OK",SPRTA1,97AS,DEFENSE LOGISTICS AGENCY,SPRTA126R0192,Solicitation,New Manufacture - RECEIVER-TRANSMITTER - PN 822-3616-001,Solicitation SPRTA126R0192,"Sep 17, 2026 09:00 PM UTC",,None,Other Aircraft Parts and Auxiliary Equipment Manufacturing,"RADIO AND TELEVISION COMMUNICATION EQUIPMENT, EXCEPT AIRBORNE",USA,,,,true,1,Kevin Howe,kevin.howe.1@us.af.mil,,,"Jul 17, 2026 07:14 PM UTC","Dec 31, 2026 12:00 AM UTC","Jul 17, 2026 07:14 PM UTC",active
252-NETWORK CONTRACT OFFICE 12 (36C252),36C252,3600,"VETERANS AFFAIRS, DEPARTMENT OF",36C25226Q0515-0001,Solicitation,"J078--Bowling Lanes Repair and Resurfacing for the Tomah VA Medical Center, Tomah, Wisconsin","Bowling Lanes Repair and Resurfacing for the Tomah VA Medical Center, Tomah, Wisconsin","Sep 17, 2026 10:00 PM UTC",Total Small Business Set-Aside (FAR 19.5),None,All Other Specialty Trade Contractors,MAINT/REPAIR/REBUILD OF EQUIPMENT- RECREATIONAL AND ATHLETIC EQUIPMENT,USA,54660,Tomah,WI,true,1,Dayanna Wallace,Dayanna.Wallace@va.gov,,,"Sep 3, 2026 02:46 PM UTC","Oct 2, 2026 12:00 AM UTC","Sep 3, 2026 02:46 PM UTC",active
252-NETWORK CONTRACT OFFICE 12 (36C252),36C252,3600,"VETERANS AFFAIRS, DEPARTMENT OF",36C25226Q0665,Solicitation,Patient Celling Lift Slings – Brand name only,"This is for the purchase of Guldmann Patient Ceiling Lift Slings - Brand name only for the Patient Care Service Dept. In addition, this","Sep 17, 2026 10:00 PM UTC",,None,Surgical Appliance and Supplies Manufacturing,"HOSPITAL FURNITURE, EQUIPMENT, UTENSILS, AND SUPPLIES",USA,54660,Tomah,WI,true,1,Arneil Genus - Contracting Officer,arneil.genus@va.gov,,,"Sep 15, 2026 12:12 AM UTC","Sep 30, 2026 12:00 AM UTC","Sep 15, 2026 12:12 AM UTC",active
FA9401 377 MSG PK,FA9401,5700,DEPT OF THE AIR FORCE,FA940126R0023,Solicitation,SOR Waterline Repair,"The primary purpose and objective of this project is to outline the scope for the design and construction of a new 7,900 feet high-pressure waterli","Sep 17, 2026 11:00 PM UTC",Total Small Business Set-Aside (FAR 19.5),None,Water and Sewer Line and Related Structures Construction,ARCHITECT AND ENGINEERING- CONSTRUCTION: WATER SUPPLY FACILITIES,USA,87117,Kirtland AFB,NM,true,17,TSgt Hillarie Johnson,hillarie.johnson@us.af.mil,,,"Sep 11, 2026 08:00 PM UTC","Oct 2, 2026 12:00 AM UTC","Sep 11, 2026 08:00 PM UTC",active
FA4877 355 CONS PK,FA4877,5700,DEPT OF THE AIR FORCE,FA487726QA110,Solicitation,79 RGS - Carpet Replacement/Installation B4851,"79 RGS is requesting replacement of approximately 2.7K sq ft of carpet in Bldg 4851, Davis-Monthan AFB, AZ. // This is a solicitation for commercial","Sep 18, 2026 02:00 AM UTC",Total Small Business Set-Aside (FAR 19.5),None,Carpet and Rug Mills,FLOOR COVERINGS,,85707,,,true,4,ANDREW JOHNSON,andrew.johnson.162@us.af.mil,,,"Sep 9, 2026 07:11 PM UTC","Oct 20, 2026 12:00 AM UTC","Sep 9, 2026 07:11 PM UTC",active
COMMANDING GENERAL,M29000,1700,DEPT OF THE NAVY,M2900026Q1000,Solicitation,HAZMAT PICK UP GUAM,3D EXPEDITIONARY CONTRACTING PLATOON (ECP) REQUEST FOR QUOTE PURSUANT TO FAR 12 Solicitation Number / RFQ Number: M29000-26-Q-1000,"Sep 18, 2026 02:00 AM UTC",Total Small Business Set-Aside (FAR 19.5),None,Hazardous Waste Collection,ENVIRONMENTAL SYSTEMS PROTECTION- ENVIRONMENTAL REMEDIATION,USA,,,GU,true,2,"SSgt Loftis, Jaydian",jaydian.loftis@usmc.mil,,,"Sep 15, 2026 02:15 AM UTC","Oct 3, 2026 12:00 AM UTC","Sep 15, 2026 02:15 AM UTC",active
FA5240 36 CONS LGC,FA5240,5700,DEPT OF THE AIR FORCE,FA524026Q0036,Solicitation,Electric Forklift Reach Trucks (Guam),15 September 2026: The purpose of this update is to provide instructions for an optional pre-quote site visit. See attached Site Visit Instructions,"Sep 18, 2026 03:00 AM UTC",,None,"Industrial Truck, Tractor, Trailer, and Stacker Machinery Manufacturing","WAREHOUSE TRUCKS AND TRACTORS, SELF-PROPELLED",USA,96929,Yigo,GU,true,3,Cynthia R. Cruz,cynthia.cruz.3@us.af.mil,,,"Sep 14, 2026 11:59 PM UTC","Oct 3, 2026 12:00 AM UTC","Sep 14, 2026 11:59 PM UTC",active
FA5240 36 CONS LGC,FA5240,5700,DEPT OF THE AIR FORCE,FA524026Q0046,Solicitation,36 CRS and 736 SFS Polaris MRZR Repair Parts,The 36th Contracting Squadron (36 CONS) has a requirement for Polaris MRZR Repair Parts. See attached Solicitation and associated attachmen,"Sep 18, 2026 03:00 AM UTC",Total Small Business Set-Aside (FAR 19.5),None,Other Motor Vehicle Parts Manufacturing,MISCELLANEOUS VEHICULAR COMPONENTS,USA,96929,Yigo,GU,true,4,Thomas Houle,thomas.houle.4@us.af.mil,,,"Sep 14, 2026 10:48 PM UTC","Oct 3, 2026 12:00 AM UTC","Sep 14, 2026 10:48 PM UTC",active
0906 AQ CO CONTRACTING BAT,W90VN6,2100,DEPT OF THE ARMY,W91QVN26QA060,Solicitation,"[SOL Amendment P00003]USFK HQ's VTC Equipment Purchase and Installation Work, Camp Humphreys, Korea",(14 September 2026) Solicitation has been amended to address several concerns. See the SF30 P00003 for the details. (11 Septem,"Sep 18, 2026 04:00 AM UTC",,None,Electronic Computer Manufacturing,VIDEO RECORDING AND REPRODUCING EQUIPMENT,KOR,,Camp Humphreys,KR-41,true,14,Patrick Jubrey,patrick.d.jubrey.mil@army.mil,,,"Sep 14, 2026 01:28 PM UTC","Sep 25, 2026 12:00 AM UTC","Sep 14, 2026 01:28 PM UTC",active
252-NETWORK CONTRACT OFFICE 12 (36C252),36C252,3600,"VETERANS AFFAIRS, DEPARTMENT OF",36C25226Q0712_1,Solicitation,Unrestricted Solicitation Brand Name Only Guldmann Ceiling,UNRESTRICTED BRAND NAME ONLY GULDMANN CEILING LIFTS FOR THE MILWAUKEE VAMC.,"Sep 18, 2026 04:59 AM UTC",,None,Surgical and Medical Instrument Manufacturing,"MEDICAL AND SURGICAL INSTRUMENTS, EQUIPMENT, AND SUPPLIES",USA,53295,Milwaukee,WI,true,2,Matthew Hohl,Matthew.Hohl@va.gov,,,"Sep 11, 2026 07:02 PM UTC","Oct 9, 2026 12:00 AM UTC","Sep 11, 2026 07:02 PM UTC",active
"DLA AVIATION AT OGDEN, UT",SPRHA1,97AS,DEFENSE LOGISTICS AGENCY,SPRHA4-26-Q-0889,Solicitation,"F-16 TRANSMITTER, PRESSURE NSN 6685011496398WF",The Government intends to purchase a total of 2 EA of NSN 6685011496398WF.,"Sep 18, 2026 05:59 AM UTC",,None,"Instruments and Related Products Manufacturing for Measuring, Displaying, and Controlling Industrial Process Variables","PRESSURE, TEMPERATURE, AND HUMIDITY MEASURING AND CONTROLLING INSTRUMENTS",,,,,false,6,Ben Shoop,benjamin.shoop@us.af.mil,,,"Aug 17, 2026 07:51 PM UTC","Sep 17, 2027 12:00 AM UTC","Aug 17, 2026 07:51 PM UTC",active
DISA/DITCO EUROPE,HC1021,97AK,DEFENSE INFORMATION SYSTEMS AGENCY (DISA),HC102126R001,Solicitation,Network Services – AFRICOM CENTCOM EUCOM (NS-ACE) MAC IDIQ,The purpose of this amendment is to extend the proposal due date to 18 September 2026 at 10:00AM CEST. The Government is working through the questi,"Sep 18, 2026 08:00 AM UTC",,None,Wired Telecommunications Carriers,IT and Telecom - Network: Satellite Communications and Telecom Access Services,DEU,,,,true,,Kacee Copus,kacee.l.copus.civ@mail.mil,,,"Aug 27, 2026 08:18 AM UTC","Dec 31, 2026 12:00 AM UTC","Aug 27, 2026 08:18 AM UTC",active
DEFENSE HEALTH AGENCY,HT9406,97DH,DEFENSE HEALTH AGENCY (DHA),HT940626QE034,Solicitation,Siemens Maintenance Services,Please see attached RFQ and PWS for more details.,"Sep 18, 2026 10:00 AM UTC",,None,Electronic and Precision Equipment Repair and Maintenance,"MAINT/REPAIR/REBUILD OF EQUIPMENT- MEDICAL, DENTAL, AND VETERINARY EQUIPMENT AND",DEU,,Landstuhl,DE-RP,true,2,Bouaphet Phanvongsa,bouaphet.phanvongsa2.civ@health.mil,,,"Sep 8, 2026 12:09 PM UTC","Oct 3, 2026 12:00 AM UTC","Sep 8, 2026 12:09 PM UTC",active
DEFENSE CI AND SECURITY AGENCY,HS0021,97AV,DEFENSE COUNTERINTELLIGENCE AND SECURITY AGENCY (DCSA),DCSAInnovationCall01,Solicitation,Unified Application Access and Integration Prototype,DCSA INNOVATION GATEWAY INNOVATION CALL #01 Unified Application Access and Integration Pr,"Sep 18, 2026 01:00 PM UTC",,None,Computer Systems Design Services,IT AND TELECOM - BUSINESS APPLICATION/APPLICATION DEVELOPMENT SUPPORT SERVICES (,USA,22134,Quantico,VA,true,4,Daniela Garavito,daniela.garavito2.civ@mail.mil,,,"Sep 10, 2026 02:28 PM UTC","Oct 3, 2026 12:00 AM UTC","Sep 10, 2026 02:28 PM UTC",active
FA4690 28 CONS PKC,FA4690,5700,DEPT OF THE AIR FORCE,FA469026Q0044,Solicitation,CherryLOCK G689 Rivet Kit,***Funds are not presently available for this contract. The Government's obligation under this contract is contingent upon the ava,"Sep 18, 2026 01:00 PM UTC",Total Small Business Set-Aside (FAR 19.5),None,Power-Driven Handtool Manufacturing,"HAND TOOLS, POWER DRIVEN",USA,57706,Ellsworth AFB,SD,true,5,Addison Fox,addison.fox.1@us.af.mil,,,"Sep 14, 2026 10:57 PM UTC","Oct 3, 2026 12:00 AM UTC","Sep 14, 2026 10:57 PM UTC",active
FA5587 48 CONS,FA5587,5700,DEPT OF THE AIR FORCE,FA558726Q0050,Solicitation,48 SFS - Vans,48 SFS is in need of 3 12-Seat Passenger Vans & 4 14-Seat Passenger Vans. *This solicitation has been ammended to reflect,"Sep 18, 2026 01:00 PM UTC",,None,Prefabricated Metal Building and Component Manufacturing,TENTS AND TARPAULINS,GBR,,Brandon,,true,4,Marcus Howard,marcus.howard.8@us.af.mil,,,"Sep 2, 2026 03:10 PM UTC","Oct 3, 2026 12:00 AM UTC","Sep 2, 2026 03:10 PM UTC",active
242-NETWORK CONTRACT OFFICE 02 (36C242),36C242,3600,"VETERANS AFFAIRS, DEPARTMENT OF",36C24226Q0920,Solicitation,Y1DZ--Castle Point PT Flooring Replacement,620-26-15HPT Replace PT Flooring,"Sep 18, 2026 01:45 PM UTC",Service-Disabled Veteran-Owned Small Business (SDVOSB) Set-Aside (FAR 19.14),None,Roofing Contractors,CONSTRUCTION OF OTHER HOSPITAL BUILDINGS,USA,10548,Montrose,NY,true,14,Dany Humphreys,dany.humphreys2@va.gov,,,"Sep 11, 2026 05:14 PM UTC","Nov 2, 2026 12:00 AM UTC","Sep 11, 2026 05:14 PM UTC",active
DEPT OF COMMERCE NOAA,1305M3,1330,NATIONAL OCEANIC AND ATMOSPHERIC ADMINISTRATION,1305M326Q0510,Solicitation,DNA and RNA Sequencing in Fish and Crab Species,DNA sequencing of commercially important groundfish for the National Marine Fisheries Service (NMFS) Alaska Fisheries Science Center (AFSC).,"Sep 18, 2026 02:00 PM UTC",Total Small Business Set-Aside (FAR 19.5),None,"All Other Professional, Scientific, and Technical Services",SPECIAL STUDIES/ANALYSIS- ANIMAL/FISHERIES,,,,,false,1,"BHARGAVA, AAKANKSHA",AAKANKSHA.BHARGAVA@NOAA.GOV,,,"Sep 10, 2026 05:41 PM UTC","Oct 3, 2026 12:00 AM UTC","Sep 10, 2026 05:41 PM UTC",active
DEPT OF COMMERCE NOAA,1333MJ,1330,NATIONAL OCEANIC AND ATMOSPHERIC ADMINISTRATION,1333MJ26Q0078,Solicitation,Guildline Autosal Salinometer 8400B and Accessories,"Email quotes directly to darrin.moore@noaa.gov using ""Sol_1333MJ26Q0078"" In the subject line. Guildline Autosal Salinometer Model","Sep 18, 2026 02:00 PM UTC",,None,Other Measuring and Controlling Device Manufacturing,GEOPHYSICAL INSTRUMENTS,USA,33149,Key Biscayne,FL,true,1,"Moore, Darrin",darrin.moore@noaa.gov,,,"Sep 14, 2026 10:56 PM UTC","Oct 3, 2026 12:00 AM UTC","Sep 14, 2026 10:56 PM UTC",active
CDC OFFICE OF ACQUISITION SERVICES,75D301,7523,CENTERS FOR DISEASE CONTROL AND PREVENTION,75D301-26-Q-79289,Solicitation,Flyability Elios 3 Surveying LiDAR Drone,Notice of Intent The Centers for Disease Control and Prevention intends to award a sole source firm fixed price purchase o,"Sep 18, 2026 02:00 PM UTC",,None,Aircraft Manufacturing,UNMANNED AIRCRAFT,USA,15236,Pittsburgh,PA,true,2,Sandra Adams,ab41@cdc.gov,,,"Sep 14, 2026 08:00 PM UTC","Sep 18, 2026 12:00 AM UTC","Sep 14, 2026 08:00 PM UTC",active
ARMY MED RES ACQ ACTIVITY,HT9425,97DH,DEFENSE HEALTH AGENCY (DHA),HT9425-26-R-E004,Solicitation,"Women, Infant, Children Overseas Contract",The contractor shall manage and support approximately 38 WIC Overseas offices at all Outside the Continental United States (OCONUS) sites that prov,"Sep 18, 2026 02:00 PM UTC",8(a) Set-Aside (FAR 19.8),None,Administrative Management and General Management Consulting Services,SUPPORT- PROFESSIONAL: PROGRAM MANAGEMENT/SUPPORT,USA,,Falls Church,VA,true,20,NATHAN ANDERSON,nathan.p.anderson19.civ@health.mil,,,"Aug 27, 2026 03:39 PM UTC","Oct 3, 2026 12:00 AM UTC","Aug 27, 2026 03:39 PM UTC",active
DEPT OF COMMERCE NIST,1333ND,1341,NATIONAL INSTITUTE OF STANDARDS AND TECHNOLOGY,1333ND26QNB030595,Solicitation,Ultra-High Vacuum (UHV) Translation Stages,(I) This is a solicitation for commercial products or commercial services prepared in accordance with Revolutionary FAR Overhaul (,"Sep 18, 2026 03:00 PM UTC",,None,Analytical Laboratory Instrument Manufacturing,"OPTICAL INSTRUMENTS, TEST EQUIPMENT, COMPONENTS AND ACCESSORIES",USA,20899,Gaithersburg,MD,true,1,Collin Randall,collin.randall@nist.gov,,,"Sep 14, 2026 12:16 PM UTC","Oct 3, 2026 12:00 AM UTC","Sep 14, 2026 12:16 PM UTC",active
ACQUISITIONS - RPSO FRANKFURT,19GE50,1900,"STATE, DEPARTMENT OF",19GE5026Q0150,Solicitation,"Catheterization Laboratory at Hôpital Militaire de Kamenge in Bujumbura, Burundi",link to Unison Marketplace: https://gcc02.safelinks.protection.outlook.com/?url=https%3A%2F%2Fmarketplace.unisonglobal.com%2Ffbweb%2Ffbobuy,"Sep 18, 2026 03:00 PM UTC",,None,"Medical, Dental, and Hospital Equipment and Supplies Merchant Wholesalers","IMAGING EQUIPMENT AND SUPPLIES: MEDICAL, DENTAL, VETERINARY",BDI,,Bujumbura,BI-BM,true,,Mr. Anthony WALKER,WalkerAK@state.gov,,,"Sep 10, 2026 01:25 PM UTC","Oct 3, 2026 12:00 AM UTC","Sep 10, 2026 01:25 PM UTC",active
252-NETWORK CONTRACT OFFICE 12 (36C252),36C252,3600,"VETERANS AFFAIRS, DEPARTMENT OF",36C25226B0037_01,Solicitation,Z1DA--Replace Cast Iron Fittings 676-23-009,"The contractor shall provide for and furnish all labor, materials, equipment, qualified supervision, and other items designated in this contract in","Sep 18, 2026 03:00 PM UTC",Veteran-Owned Small Business Set-Aside (specific to Department of Veterans Affairs),None,"Plumbing, Heating, and Air-Conditioning Contractors",MAINTENANCE OF HOSPITALS AND INFIRMARIES,USA,54660,,WI,true,8,Bobby Holman,bobby.holman@va.gov,,,"Aug 27, 2026 12:54 PM UTC","Dec 1, 2026 12:00 AM UTC","Aug 27, 2026 12:54 PM UTC",active
FA4803 20 CONS LGCA,FA4803,5700,DEPT OF THE AIR FORCE,FA480326Q0113,Solicitation,Bird/Wildlife Aircraft Strike Hazard equipment,Ninth Air Force (AFCENT) Safety and Bird/Wildlife Aircraft Strike Hazard (BASH) program managers require the procurement of specific Commercial Off,"Sep 18, 2026 03:00 PM UTC",Total Small Business Set-Aside (FAR 19.5),None,"Small Arms, Ordnance, and Ordnance Accessories Manufacturing","GUNS, THROUGH 30MM",USA,29152,Shaw AFB,SC,true,4,Uriah Hinton,uriah.hinton@us.af.mil,,,"Sep 11, 2026 07:51 PM UTC","Oct 3, 2026 12:00 AM UTC","Sep 11, 2026 07:51 PM UTC",active
CDC OFFICE OF ACQUISITION SERVICES,75D301,7523,CENTERS FOR DISEASE CONTROL AND PREVENTION,75D301-26-R-73515,Solicitation,Electronic Key Box System,"This service is for the procurement, installation, configuration, and commissioning of a modern electronic smart key box system to support secure,","Sep 18, 2026 04:00 PM UTC",Total Small Business Set-Aside (FAR 19.5),None,Security Systems Services (except Locksmiths),INSTALLATION OF EQUIPMENT- INSTRUMENTS AND LABORATORY EQUIPMENT,USA,30329,,GA,true,1,Kourtney Marshall,qrz9@cdc.gov,,,"Sep 3, 2026 04:16 PM UTC","Oct 3, 2026 12:00 AM UTC","Sep 3, 2026 04:16 PM UTC",active
FEDERAL CIRCUIT COURT OF APPEALS,103261,1027,ADMINISTRATIVE OFFICE OF THE U.S. COURTS,CAFC-8-28-2026,Solicitation,CAFC Dolley Madison Exterior Painting - Amendment 1 & QA1,"Amendment 1: Thank you all to submitted proposals. In order to answer the adequately answer the submitted questions, the du","Sep 18, 2026 04:00 PM UTC",,None,Painting and Wall Covering Contractors,REPAIR OR ALTERATION OF RESTORATION OF REAL PROPERTY (PUBLIC OR PRIVATE),USA,20439,Washington,DC,true,6,Procurement Department,pcs@cafc.uscourts.gov,,,"Sep 14, 2026 07:17 PM UTC","Oct 3, 2026 12:00 AM UTC","Sep 14, 2026 07:17 PM UTC",active
FA4600 55 CONS PKP,FA4600,5700,DEPT OF THE AIR FORCE,FA460026Q0117,Solicitation,B515 Carpet and Vinyl Installation,"Amendment 1: This amendment is to add information about the site visit. The site visit will take place at Building 515, addre","Sep 18, 2026 04:00 PM UTC",Total Small Business Set-Aside (FAR 19.5),None,Carpet and Rug Mills,HOUSEKEEPING- CARPET LAYING/CLEANING,USA,68113,Offutt AFB,NE,true,4,Eyvind Boyesen,eyvind.boyesen@us.af.mil,,,"Sep 3, 2026 03:20 PM UTC","Oct 3, 2026 12:00 AM UTC","Sep 3, 2026 03:20 PM UTC",active
FA4803 20 CONS LGCA,FA4803,5700,DEPT OF THE AIR FORCE,FA480326Q0114,Solicitation,2000-Gallon Double-Wall Aviation Fuel Trailer,Shaw AFB has a requirement to procure 1 commercial-off-the-shelf (COTS) 2000-gallon double-wall aviation fuel trailer. The proposed equipment m,"Sep 18, 2026 04:00 PM UTC",Total Small Business Set-Aside (FAR 19.5),None,Truck Trailer Manufacturing,TRAILERS,USA,29152,Shaw AFB,SC,true,2,SSgt Shaun Gann,shaun.gann@us.af.mil,,,"Sep 11, 2026 08:28 PM UTC","Sep 18, 2026 12:00 AM UTC","Sep 11, 2026 08:28 PM UTC",active
FA4830 23 CONS CC,FA4830,5700,DEPT OF THE AIR FORCE,FA483026Q0074,Solicitation,Vinyl Printer and Cutter,This is a combined synopsis/solicitation for commercial products or commercial services prepared in accordance with RFO Part 12. This announcement,"Sep 18, 2026 04:00 PM UTC",Total Small Business Set-Aside (FAR 19.5),None,Computer Terminal and Other Computer Peripheral Equipment Manufacturing,"PRINTING, DUPLICATING, AND BOOKBINDING EQUIPMENT",USA,31699,Moody AFB,GA,true,2,SrA Maximos Ramirez,maximos.ramirez@us.af.mil,,,"Sep 14, 2026 08:22 PM UTC","Sep 19, 2026 12:00 AM UTC","Sep 14, 2026 08:22 PM UTC",active
FA5587 48 CONS,FA5587,5700,DEPT OF THE AIR FORCE,FA558726Q0045,Solicitation,48 CMS Fuels Shop Rolling Cabinets,Rolling shelving unit as described to be delivered and installed IAW the specifications outlined in the SOW. AMMENDMENT,"Sep 18, 2026 04:00 PM UTC",,None,"Showcase, Partition, Shelving, and Locker Manufacturing","CABINETS, LOCKERS, BINS, AND SHELVING",GBR,,RAF Lakenheath,,true,7,Zachary Meier,zachary.meier@us.af.mil,,,"Sep 15, 2026 09:49 AM UTC","Oct 3, 2026 12:00 AM UTC","Sep 15, 2026 09:49 AM UTC",active
248-NETWORK CONTRACT OFFICE 8 (36C248),36C248,3600,"VETERANS AFFAIRS, DEPARTMENT OF",36C24826Q1236,Solicitation,FY26 Condenser Pumps and Motor,"The Orlando Veterans Affairs Healthcare System (OVAHCS) is in need Vertical Turbine Pumps and one Totallly enclosed, Fan Cooled (TEFC) Electric AC","Sep 18, 2026 05:00 PM UTC",,None,Turbine and Turbine Generator Set Units Manufacturing,WATER TURBINES AND WATER WHEELS; AND COMPONENTS,USA,32827,,FL,true,1,Benjamin M Amato,Benjamin.Amato@va.gov,,,"Sep 10, 2026 02:26 PM UTC","Sep 30, 2026 12:00 AM UTC","Sep 10, 2026 02:26 PM UTC",active
248-NETWORK CONTRACT OFFICE 8 (36C248),36C248,3600,"VETERANS AFFAIRS, DEPARTMENT OF",36C24827Q0004-1,Solicitation,Z1DZ--FY27 NRM (PROJ 516-26-117) BB Repair Steam Piping in Manhole Near Building 1,PROJECT TITLE: BB Repair Steam Piping in Manhole Near Building 1; PROJECT NUMBER: 516-26-117 LOCATION: Bay Pines VAMC 10000 Bay Pines,"Sep 18, 2026 05:00 PM UTC",Service-Disabled Veteran-Owned Small Business (SDVOSB) Set-Aside (FAR 19.14),None,Commercial and Institutional Building Construction,MAINTENANCE OF OTHER HOSPITAL BUILDINGS,USA,33744,Bay Pines,FL,true,15,DAVID HERNANDEZ,DAVID.HERNANDEZ1@VA.GOV,,,"Sep 2, 2026 04:41 PM UTC","Jan 8, 2027 12:00 AM UTC","Sep 2, 2026 04:41 PM UTC",active
FA3300 42 CONS CC,FA3300,5700,DEPT OF THE AIR FORCE,FA330026AV_Install_RFQ,Solicitation,FA330026Q0025 -Eaker Center Bldg. 832 AV Install,"This is a solicitation for the installation of AV Equipment in four (4) locations in Bldg G832 on Maxwell AFB. The contractor shall design, furnish","Sep 18, 2026 05:00 PM UTC",Total Small Business Set-Aside (FAR 19.5),None,Audio and Video Equipment Manufacturing,VIDEO RECORDING AND REPRODUCING EQUIPMENT,USA,36112,Montgomery,AL,true,4,Phillip Taylor,phillip.taylor.11@us.af.mil,,,"Sep 10, 2026 05:01 PM UTC","Oct 3, 2026 12:00 AM UTC","Sep 10, 2026 05:01 PM UTC",active
FA4661 7 CONS CD,FA4661,5700,DEPT OF THE AIR FORCE,FA466126R0010,Solicitation,Replace Substation Alpha Relay B11912 Amendment 0002,The purpose of this amendment is to: 1. Attach the following documents related to contractor questions arising from the mandatory site visi,"Sep 18, 2026 05:00 PM UTC",Total Small Business Set-Aside (FAR 19.5),None,Commercial and Industrial Machinery and Equipment (except Automotive and Electronic) Repair and Maintenance,MAINT/REPAIR/REBUILD OF EQUIPMENT- MATERIALS HANDLING EQUIPMENT,USA,79607,Dyess AFB,TX,true,10,Robert Albrightson,robert.albrightson@us.af.mil,,,"Sep 14, 2026 08:23 PM UTC","Oct 3, 2026 12:00 AM UTC","Sep 14, 2026 08:23 PM UTC",active
DLA MARITIME - PUGET SOUND,SPMYM2,97AS,DEFENSE LOGISTICS AGENCY,SPMYM226Q7906,Solicitation,12-GANG LOAD CENTER (SOLE SOURCE),SEE ATTACHED SOLICITATION,"Sep 18, 2026 05:00 PM UTC",Total Small Business Set-Aside (FAR 19.5),None,All Other Miscellaneous General Purpose Machinery Manufacturing,"GENERATORS AND GENERATOR SETS, ELECTRICAL",USA,98315,Silverdale,WA,false,3,TRICIA WINTERSTEEN,TRICIA.WINTERSTEEN@DLA.MIL,,,"Sep 14, 2026 05:34 PM UTC","Oct 3, 2026 12:00 AM UTC","Sep 14, 2026 05:34 PM UTC",active
"DLA AVIATION AT HUNTSVILLE, AL",SPRRA2,97AS,DEFENSE LOGISTICS AGENCY,SPRRA2-26-R-0089,Solicitation,"MOTOR, IMPELLER ASSEMBLY","No telephone requests will be accepted. Direct your requests and communications to ATTN: DLA-Huntsville Weapons Support, Christian Tillmon, Contrac","Sep 18, 2026 05:00 PM UTC",,None,Motor and Generator Manufacturing,"MOTORS, ELECTRICAL",USA,35640,Hartselle,AL,true,1,Christian Tillmon,Christian.Tillmon@dla.mil,,,"Aug 18, 2026 07:18 PM UTC","Oct 3, 2026 12:00 AM UTC","Aug 18, 2026 07:18 PM UTC",active
FA3016 502 CONS CL,FA3016,5700,DEPT OF THE AIR FORCE,FA301626Q0271,Solicitation,Bldg 3820 Chiller Diagnostic and VFD Services,"This requirement is for diagnostic work and repair services for a Trane Chiller located at Bldg 3820, JBSA Fort Sam Houston as described in the att","Sep 18, 2026 05:30 PM UTC",Total Small Business Set-Aside (FAR 19.5),None,"Plumbing, Heating, and Air-Conditioning Contractors","MAINT/REPAIR/REBUILD OF EQUIPMENT- REFRIGERATION, AIR CONDITIONING, AND AIR CIRC",USA,78234,JBSA Ft Sam Houston,TX,true,2,Erika Turner,erika.turner.1@us.af.mil,,,"Sep 10, 2026 09:32 PM UTC","Oct 3, 2026 12:00 AM UTC","Sep 10, 2026 09:32 PM UTC",active
244-NETWORK CONTRACT OFFICE 4 (36C244),36C244,3600,"VETERANS AFFAIRS, DEPARTMENT OF",36C24426Q0951,Solicitation,RFQ - GI Video Integration System,GI Video Integration System for the Philadelphia VA Medical Center. Please reference the attached RFQ for further details outlining the requirement,"Sep 18, 2026 06:00 PM UTC",,None,Surgical and Medical Instrument Manufacturing,"MEDICAL AND SURGICAL INSTRUMENTS, EQUIPMENT, AND SUPPLIES",USA,19104,Philadelphia,PA,true,1,Tyler Kraft,tyler.kraft@va.gov,,,"Sep 3, 2026 03:07 PM UTC","Oct 3, 2026 12:00 AM UTC","Sep 3, 2026 03:07 PM UTC",active
248-NETWORK CONTRACT OFFICE 8 (36C248),36C248,3600,"VETERANS AFFAIRS, DEPARTMENT OF",36C24826Q1025,Solicitation,7B20--Conference Room AV Equipment and Installation Upgrade Bay Pines,"Amendment 0004 - See attached Amendment 0004 document. **REVISED** Quotes are due NLT 09/14/2026; 2:00PM, EST to colleen.houser@va.gov""","Sep 18, 2026 06:00 PM UTC",Service-Disabled Veteran-Owned Small Business (SDVOSB) Set-Aside (FAR 19.14),None,Engineering Services,IT AND TELECOM - HIGH PERFORMANCE COMPUTE (HARDWARE AND PERPETUAL LICENSE SOFTWA,USA,33744,Bay Pines,FL,true,7,Colleen Houser,colleen.houser@va.gov,,,"Sep 11, 2026 08:21 PM UTC","Oct 3, 2026 12:00 AM UTC","Sep 11, 2026 08:21 PM UTC",active
250-NETWORK CONTRACT OFFICE 10 (36C250),36C250,3600,"VETERANS AFFAIRS, DEPARTMENT OF",36C25027Q0001,Solicitation,"G004--Intensive Outpatient Program (IOP) Beds to be located in Summit County, OH","This Solicitation 36C25027Q0001 is for Intensive Outpatient Program (IOP) beds to be provided for qualified Veterans in Summit County, Ohio, as descri","Sep 18, 2026 06:00 PM UTC",,None,Residential Mental Health and Substance Abuse Facilities,SOCIAL- SOCIAL REHABILITATION,,,,,true,8,Karen Williams,Karen.Williams4@va.gov,,,"Sep 4, 2026 06:15 PM UTC","Nov 17, 2026 12:00 AM UTC","Sep 4, 2026 06:15 PM UTC",active
252-NETWORK CONTRACT OFFICE 12 (36C252),36C252,3600,"VETERANS AFFAIRS, DEPARTMENT OF",36C25226B0034,Solicitation,"Z1DA--Construction of Heat Exchangers, Ogden and Damen Building",Page 57 of 57 4.14 VAAR 852.236-80 SUBCONTRACTS AND WORK COORDINATION (APR 2019) (a) Nothing contained in this contract shall be construed as creat,"Sep 18, 2026 06:00 PM UTC",,None,"Plumbing, Heating, and Air-Conditioning Contractors",MAINTENANCE OF HOSPITALS AND INFIRMARIES,,,,,true,6,Misty L Gates,Misty.Gates1@va.gov,,,"Sep 8, 2026 06:05 PM UTC","Nov 3, 2026 12:00 AM UTC","Sep 8, 2026 06:05 PM UTC",active
FA2550 50 CONS PKP,FA2550,5700,DEPT OF THE AIR FORCE,FA255026Q0050,Solicitation,50 DSA CAT Furniture Relocation/Reconfiguration,50 DSA has existing CAT modular cubicle systems and associated workspace furniture need to be reconfigured and relocated between multiple buildings,"Sep 18, 2026 06:00 PM UTC",Total Small Business Set-Aside (FAR 19.5),None,Used Household and Office Goods Moving,INSTALLATION OF EQUIPMENT- FURNITURE,USA,80912,Colorado Springs,CO,true,3,Brant Sewell,branton.sewell@spaceforce.mil,,,"Sep 12, 2026 05:24 AM UTC","Oct 3, 2026 12:00 AM UTC","Sep 12, 2026 05:24 AM UTC",active
FA4690 28 CONS PKC,FA4690,5700,DEPT OF THE AIR FORCE,FA469026Q0040,Solicitation,Audio Video Upgrade,"The 28th Contracting Squadron at Ellsworth AFB, is issuing this Request for Quotation (RFQ) for an audio visual system overhaul and installation. O","Sep 18, 2026 06:00 PM UTC",Total Small Business Set-Aside (FAR 19.5),None,Audio and Video Equipment Manufacturing,VIDEO RECORDING AND REPRODUCING EQUIPMENT,USA,57706,Ellsworth AFB,SD,true,3,Zachary Dunham,zachary.dunham@us.af.mil,,,"Sep 9, 2026 09:52 PM UTC","Oct 3, 2026 12:00 AM UTC","Sep 9, 2026 09:52 PM UTC",active
FA4690 28 CONS PKC,FA4690,5700,DEPT OF THE AIR FORCE,FA469026Q0041,Solicitation,Audio Video Upgrade 2,"The 28th Contracting Squadron at Ellsworth AFB, is issuing this Request for Quotation (RFQ) for component 2 of an audio visual system overhaul and","Sep 18, 2026 06:00 PM UTC",Total Small Business Set-Aside (FAR 19.5),None,Audio and Video Equipment Manufacturing,VIDEO RECORDING AND REPRODUCING EQUIPMENT,USA,57706,Ellsworth AFB,SD,true,3,Zachary Dunham,zachary.dunham@us.af.mil,,,"Sep 9, 2026 09:53 PM UTC","Oct 3, 2026 12:00 AM UTC","Sep 9, 2026 09:53 PM UTC",active
FA6703 94TH CONTRACTING FLIGHT PK,FA6703,5700,DEPT OF THE AIR FORCE,FA670326Q0015,Solicitation,Cable Fiber Install ATC Tower Dobbins ARB,Amendment 00001 posted Admin Changes to Section L: (1) adding the requirment to provide the last four (4) digits of SSN to pass security re,"Sep 18, 2026 06:00 PM UTC",Total Small Business Set-Aside (FAR 19.5),None,Electrical Contractors and Other Wiring Installation Contractors,INSTALLATION OF EQUIPMENT- ELECTRICAL AND ELECTRONIC EQUIPMENT COMPONENTS,USA,30069,Marietta,GA,true,4,Warren Derrick Deeds,warren.deeds@us.af.mil,,,"Sep 10, 2026 10:52 AM UTC","Oct 3, 2026 12:00 AM UTC","Sep 10, 2026 10:52 AM UTC",active
FA8125 AFSC PZIMA,FA8125,5700,DEPT OF THE AIR FORCE,FA812526Q0078,Solicitation,C26-032 Altitude Test Chamber Blower Replacement,"Amendment 2 posted to incorporate Q&As and extend closing date/time to 9/18/2026, by 1:00pm CST. Amendment 1 posted to","Sep 18, 2026 06:00 PM UTC",Total Small Business Set-Aside (FAR 19.5),None,Air and Gas Compressor Manufacturing,COMPRESSORS AND VACUUM PUMPS,USA,73145,Tinker AFB,OK,true,5,Jordan Rausch,jordan.rausch@us.af.mil,,,"Sep 12, 2026 09:57 PM UTC","Oct 3, 2026 12:00 AM UTC","Sep 12, 2026 09:57 PM UTC",active
"DLA AVIATION AT PHILADELPHIA, PA",SPRPA1,97AS,DEFENSE LOGISTICS AGENCY,SPRPA126RYC85,Solicitation,17--SHUTTLE ASSEMBLY,ITEM UNIQUE IDENTIFICATION AND VALUATION (JAN 2023)|19||||||||||||||||||||\rINSPECTION OF SUPPLIES--FIXED-PRICE (AUG 1996)|2|||\rHIGHER-LEVEL CONTRACT Q,"Sep 18, 2026 06:00 PM UTC",,None,Other Aircraft Parts and Auxiliary Equipment Manufacturing,AIRCRAFT LAUNCHING EQUIPMENT,,,,,false,2,Telephone: 2157374024,THOMAS.KUHNLE@DLA.MIL,,,"Sep 4, 2026 11:59 AM UTC","Oct 3, 2026 12:00 AM UTC","Sep 4, 2026 11:59 AM UTC",active
"DLA AVIATION AT PHILADELPHIA, PA",SPRPA1,97AS,DEFENSE LOGISTICS AGENCY,SPRPA126RYC86,Solicitation,SHUTTLE ASSEMBLY,ITEM UNIQUE IDENTIFICATION AND VALUATION (JAN 2023)|19||||||||||||||||||||\rINSPECTION OF SUPPLIES--FIXED-PRICE (AUG 1996)|2|||\rHIGHER-LEVEL CONTRACT Q,"Sep 18, 2026 06:00 PM UTC",,None,Other Aircraft Parts and Auxiliary Equipment Manufacturing,AIRCRAFT LAUNCHING EQUIPMENT,,,,,false,3,Telephone: 2157374024,THOMAS.KUHNLE@DLA.MIL,,,"Sep 4, 2026 11:54 AM UTC","Oct 3, 2026 12:00 AM UTC","Sep 4, 2026 11:54 AM UTC",active
0413 AQ HQ RCO-HI,W912CN,2100,DEPT OF THE ARMY,W912CN-26-Q-A048,Solicitation,"Elevator Modernization SB B777, B778, and WAAF B901",14-SEP-26 Amendment 0008 The purpose of this amendment is to incorporate changes to ADDENDUM TO SECTION L (INSTRUC,"Sep 18, 2026 06:00 PM UTC",,None,All Other Specialty Trade Contractors,MAINT/REPAIR/REBUILD OF EQUIPMENT- MATERIALS HANDLING EQUIPMENT,USA,,Schofield Barracks,HI,true,19,Kyle Tanaka,kyle.m.tanaka.civ@army.mil,,,"Sep 15, 2026 12:27 AM UTC","Oct 3, 2026 12:00 AM UTC","Sep 15, 2026 12:27 AM UTC",active
FWS SAT TEAM 3,140FS3,1448,U.S. FISH AND WILDLIFE SERVICE,140FS326Q0154,Solicitation,S--R4-PR-Cabo Rojo NWR-126204A4CI0 Janitorial Service,R4-PR-Cabo Rojo NWR-126204A4CI0 Janitorial Services - Option Yr Contract,"Sep 18, 2026 07:00 PM UTC",Total Small Business Set-Aside (FAR 19.5),None,Janitorial Services,HOUSEKEEPING- CUSTODIAL JANITORIAL,,,,,true,8,"Banks, Merenica",merenica_banks@fws.gov,,,"Sep 14, 2026 01:22 PM UTC","Oct 3, 2026 12:00 AM UTC","Sep 14, 2026 01:22 PM UTC",active
FWS SAT TEAM 3,140FS3,1448,U.S. FISH AND WILDLIFE SERVICE,140FS326Q0168,Solicitation,R4-PR-Cabo Rojo NWR-126204A4CI0 Janitorial Service,R4-PR-Vieques NWR-126204A4CI0 Janitorial Services,"Sep 18, 2026 07:00 PM UTC",,None,Janitorial Services,HOUSEKEEPING- CUSTODIAL JANITORIAL,,,,,true,5,"Banks, Merenica",merenica_banks@fws.gov,,,"Aug 29, 2026 11:36 PM UTC","Oct 3, 2026 12:00 AM UTC","Aug 29, 2026 11:36 PM UTC",active
FWS SAT TEAM 3,140FS3,1448,U.S. FISH AND WILDLIFE SERVICE,140FS326Q0169,Solicitation,AR-CACHE RIVER NWR-AGGREGATE,AR-CACHE RIVER NWR-AGGREGATE,"Sep 18, 2026 07:00 PM UTC",Total Small Business Set-Aside (FAR 19.5),None,Construction Sand and Gravel Mining,"MINERAL CONSTRUCTION MATERIALS, BULK",,,,,true,5,"Banks, Merenica",merenica_banks@fws.gov,,,"Sep 4, 2026 08:41 PM UTC","Oct 3, 2026 12:00 AM UTC","Sep 4, 2026 08:41 PM UTC",active
FWS SAT TEAM 3,140FS3,1448,U.S. FISH AND WILDLIFE SERVICE,140FS326Q0171,Solicitation,R4-PR-Cabo Rojo NWR-126204A4CI0 Janitorial Service,R4-SC-Janitorial Services at Office at Carolina Sandhills NWR - Option Year Contract,"Sep 18, 2026 07:00 PM UTC",,None,Janitorial Services,HOUSEKEEPING- CUSTODIAL JANITORIAL,,,,,true,5,"Banks, Merenica",merenica_banks@fws.gov,,,"Sep 1, 2026 08:21 PM UTC","Oct 3, 2026 12:00 AM UTC","Sep 1, 2026 08:21 PM UTC",active
BASE ALAMEDA(00031),70Z031,7008,U.S. COAST GUARD,20180PR260000029,Solicitation,Hangar Bath and Locker Room Renovations at Air Station San Francisco,This requirement is set aside for small businesses. One site visit shall be held for this requirement; please contact the contract,"Sep 18, 2026 07:00 PM UTC",Total Small Business Set-Aside (FAR 19.5),None,"Plumbing, Heating, and Air-Conditioning Contractors",MAINTENANCE OF OTHER ADMINISTRATIVE FACILITIES AND SERVICE BUILDINGS,USA,94128,San Francisco,CA,true,3,Shawn Jenkins,shawn.t.jenkins@uscg.mil,,,"Sep 3, 2026 08:24 PM UTC","Oct 3, 2026 12:00 AM UTC","Sep 3, 2026 08:24 PM UTC",active
BASE ALAMEDA(00031),70Z031,7008,U.S. COAST GUARD,30462PR260000060,Solicitation,Replace Front Gate at USCG Station Bodega Bay,This requirement is set aside for small businesses. One site visit shall be held for this requirement; please contact the contract,"Sep 18, 2026 07:00 PM UTC",Total Small Business Set-Aside (FAR 19.5),None,All Other Specialty Trade Contractors,REPAIR OR ALTERATION OF OTHER NON-BUILDING FACILITIES,USA,94923,Bodega Bay,CA,true,3,Shawn Jenkins,shawn.t.jenkins@uscg.mil,,,"Sep 2, 2026 01:38 AM UTC","Oct 3, 2026 12:00 AM UTC","Sep 2, 2026 01:38 AM UTC",active
BASE ALAMEDA(00031),70Z031,7008,U.S. COAST GUARD,30464PR260000002,Solicitation,Bathroom Renovations at USCG Station Noyo River,AMENDMENT 001 is issued to post site visit information. See below. 52.236-27,"Sep 18, 2026 07:00 PM UTC",Total Small Business Set-Aside (FAR 19.5),None,"Plumbing, Heating, and Air-Conditioning Contractors",MAINTENANCE OF OTHER ADMINISTRATIVE FACILITIES AND SERVICE BUILDINGS,USA,95437,Fort Bragg,CA,true,2,Shawn Jenkins,shawn.t.jenkins@uscg.mil,,,"Sep 2, 2026 09:29 PM UTC","Oct 3, 2026 12:00 AM UTC","Sep 2, 2026 09:29 PM UTC",active
BASE ALAMEDA(00031),70Z031,7008,U.S. COAST GUARD,30670PR260000032,Solicitation,Galley Renovation at USCG Station Lake Tahoe,AMENDMENT 001 is issued to provide answers to submitted questions. See the attachment section of this notice. Thi,"Sep 18, 2026 07:00 PM UTC",Total Small Business Set-Aside (FAR 19.5),None,"Plumbing, Heating, and Air-Conditioning Contractors",MAINTENANCE OF OTHER ADMINISTRATIVE FACILITIES AND SERVICE BUILDINGS,USA,96145,Tahoe City,CA,true,4,Shawn Jenkins,shawn.t.jenkins@uscg.mil,,,"Sep 12, 2026 05:06 AM UTC","Oct 3, 2026 12:00 AM UTC","Sep 12, 2026 05:06 AM UTC",active
BASE ALAMEDA(00031),70Z031,7008,U.S. COAST GUARD,31090PR260000393,Solicitation,Thermoplastic Crosswalk Installation at Coast Guard Base Alameda,This requirement is set aside for small businesses. One site visit shall be held for this requirement; please contact the contract,"Sep 18, 2026 07:00 PM UTC",Total Small Business Set-Aside (FAR 19.5),None,"Highway, Street, and Bridge Construction",REPAIR OR ALTERATION OF HIGHWAYS/ROADS/STREETS/BRIDGES/RAILWAYS,USA,94501,Alameda,CA,true,5,Shawn Jenkins,shawn.t.jenkins@uscg.mil,,,"Aug 31, 2026 05:59 PM UTC","Oct 3, 2026 12:00 AM UTC","Aug 31, 2026 05:59 PM UTC",active
BASE ALAMEDA(00031),70Z031,7008,U.S. COAST GUARD,34360PR260000085,Solicitation,Locker Room and Bathroom Flooring and Locker Replacement,AMENDMENT 002 is issued to provide answers to submitted questions. See the attachment portion of this opportunity. <,"Sep 18, 2026 07:00 PM UTC",Total Small Business Set-Aside (FAR 19.5),None,"Plumbing, Heating, and Air-Conditioning Contractors",MAINTENANCE OF OTHER ADMINISTRATIVE FACILITIES AND SERVICE BUILDINGS,USA,94949,Novato,CA,true,4,Shawn Jenkins,shawn.t.jenkins@uscg.mil,,,"Sep 14, 2026 12:02 AM UTC","Oct 3, 2026 12:00 AM UTC","Sep 14, 2026 12:02 AM UTC",active
241-NETWORK CONTRACT OFFICE 01 (36C241),36C241,3600,"VETERANS AFFAIRS, DEPARTMENT OF",36C24126Q0704,Solicitation,608-26-4-4808-0202: Water Tower Inspection & Maintenance- Service Contract (VA-26-00079725),"WATER TOWER INSPECTION & MAINTENANCE SERVICE RFQ DUE 18 SEP 2026, 3 PM EST.","Sep 18, 2026 07:00 PM UTC",Service-Disabled Veteran-Owned Small Business (SDVOSB) Set-Aside (FAR 19.14),None,Water and Sewer Line and Related Structures Construction,MAINT/REPAIR/REBUILD OF EQUIPMENT- WATER PURIFICATION AND SEWAGE TREATMENT EQUIP,,,,,true,3,Claudia M Hansley-Contractor,claudia.hansley@va.gov,,,"Sep 14, 2026 08:16 PM UTC","Oct 18, 2026 12:00 AM UTC","Sep 14, 2026 08:16 PM UTC",active
261-NETWORK CONTRACT OFFICE 21 (36C261),36C261,3600,"VETERANS AFFAIRS, DEPARTMENT OF",36C26127Q0022,Solicitation,VA San Francisco Dental Lab Prostheses Supplies and Related Services,"The Dental Services at the VA San Francisco Health Care (Dental) located at 4150 Clement St, San Francisco, California 94121 and at the South Santa","Sep 18, 2026 07:00 PM UTC",,None,Dental Laboratories,"MEDICAL AND SURGICAL INSTRUMENTS, EQUIPMENT, AND SUPPLIES",USA,94121,San Francisco,CA,true,2,Edward B Hunter,Edward.Hunter@va.gov,,,"Sep 4, 2026 09:43 PM UTC","Oct 3, 2026 12:00 AM UTC","Sep 4, 2026 09:43 PM UTC",active
FA4664 452 MSG PK,FA4664,5700,DEPT OF THE AIR FORCE,FA466426Q0010,Solicitation,MARCH AIR RESERVE BASE NODE UPGRADE,The 452d Communications Squadron (CS) is looking to procure Cisco products to replace their Core Nodes to align with the Department of the Ai,"Sep 18, 2026 07:00 PM UTC",Total Small Business Set-Aside (FAR 19.5),None,Computer and Computer Peripheral Equipment and Software Merchant Wholesalers,"IT and Telecom - End User: Help Desk;Tier 1-2,Workspace,Print,Output,Productivit",USA,92518,March Air Reserve Base,CA,true,8,Joshua Davidson,Joshua.Davidson.16@us.af.mil,,,"Sep 10, 2026 04:33 PM UTC","Oct 3, 2026 12:00 AM UTC","Sep 10, 2026 04:33 PM UTC",active
FA4809 4TH CONS SQ CC,FA4809,5700,DEPT OF THE AIR FORCE,FA480926Q0088,Solicitation,MC Machinery Press Brake - Model BB6020 or Equal with Installation and Training,Seymour Johnson Air Force Base has a requirement under the North American Industry Classification Systems (NAICS) Code 333517. The size standard fo,"Sep 18, 2026 07:00 PM UTC",Total Small Business Set-Aside (FAR 19.5),None,Machine Tool Manufacturing,"HYDRAULIC AND PNEUMATIC PRESSES, POWER DRIVEN",USA,27531,Goldsboro,NC,true,5,2d Lt Flowers McDowell,flowers.mcdowell.1@us.af.mil,,,"Sep 14, 2026 03:28 PM UTC","Oct 3, 2026 12:00 AM UTC","Sep 14, 2026 03:28 PM UTC",active
FA8539 AFSC PZABA,FA8539,5700,DEPT OF THE AIR FORCE,FA8539-26-Q-B001,Solicitation,Repair of Communication Modem - E-4B Aircraft,"Request for Quote (RFQ) – E-4B Pacer Link Communication Modem, NSN 5895-01-311-1185BY The Government is solici","Sep 18, 2026 07:00 PM UTC",,None,Electronic and Precision Equipment Repair and Maintenance,MISCELLANEOUS COMMUNICATION EQUIPMENT,USA,35160,Talladega,AL,true,6,Genell Wright,genell.wright.1@us.af.mil,,,"Sep 3, 2026 06:48 PM UTC","Oct 3, 2026 12:00 AM UTC","Sep 3, 2026 06:48 PM UTC",active
COMMANDING GENERAL,M00681,1700,DEPT OF THE NAVY,M0068126Q0089,Solicitation,Self-Paced Military/Leadership AI Training,"The Regional Contracting Office (RCO) is soliciting a requirement for a one-year, subscription-based commercial Artificial Intelligence (AI) workfo","Sep 18, 2026 07:00 PM UTC",Total Small Business Set-Aside (FAR 19.5),None,Professional and Management Development Training,EDUCATION/TRAINING- INFORMATION TECHNOLOGY/TELECOMMUNICATIONS TRAINING,USA,92278,Twentynine Palms,CA,false,3,Randy Zielinski,randy.zielinski@usmc.mil,,,"Sep 10, 2026 09:54 PM UTC","Oct 3, 2026 12:00 AM UTC","Sep 10, 2026 09:54 PM UTC",active
DLA MARITIME - NORFOLK,SPMYM1,97AS,DEFENSE LOGISTICS AGENCY,SPMYM126Q4145,Solicitation,DMG MORI NLX 2500/700 HORIZONTAL TURNING CENTER,Questions and Answers (Q&A): Vendors may submit questions regarding clarification of solicitation requirements to Shawnta Well,"Sep 18, 2026 07:00 PM UTC",Total Small Business Set-Aside (FAR 19.5),None,Machine Tool Manufacturing,MACHINING CENTERS AND WAY-TYPE MACHINES,USA,23709,Portsmouth,VA,false,3,SHAWNTA WELLS,shawnta.wells@dla.mil,,,"Sep 11, 2026 05:36 PM UTC","Oct 3, 2026 12:00 AM UTC","Sep 11, 2026 05:36 PM UTC",active
FA8136 AFSC PZIOB,FA8136,5700,DEPT OF THE AIR FORCE,F3Y0AK6124A001,Solicitation,Bowling Center Furniture,"1- Kensington Single Sofa - LEFT **VEN500-2130-84S** 3/4"" plywood frame. Components CNC cut for consistency & accuracy<b","Sep 18, 2026 08:00 PM UTC",Total Small Business Set-Aside (FAR 19.5),None,Institutional Furniture Manufacturing,MISCELLANEOUS FURNITURE AND FIXTURES,USA,73145,Tinker AFB,OK,true,2,Darrius Miller,darrius.miller.2@us.af.mil,,,"Sep 8, 2026 06:14 PM UTC","Oct 3, 2026 12:00 AM UTC","Sep 8, 2026 06:14 PM UTC",active
FA2550 50 CONS PKP,FA2550,5700,DEPT OF THE AIR FORCE,FA255026Q0056,Solicitation,50 CES Safety-Fire Extinguisher Training Trailer Combo,"The Contractor shall provide a complete turn-key Life Safety Education Trailer and Fire Extinguisher Trainer package, along with any ancillary item","Sep 18, 2026 08:00 PM UTC",Total Small Business Set-Aside (FAR 19.5),None,Truck Trailer Manufacturing,TRAILERS,USA,,Colorado Springs,CO,true,3,A1C Richard Barrera,richard.barrera.4@spaceforce.mil,,,"Sep 11, 2026 07:26 PM UTC","Oct 3, 2026 12:00 AM UTC","Sep 11, 2026 07:26 PM UTC",active
FA4626 341 CONS LGC,FA4626,5700,DEPT OF THE AIR FORCE,FA462626Q0044,Solicitation,EMCS Survey and Firmware Support,THIS IS A TRIDIUM CERTIFIED TECHNICIAN BRAND NAME ONLY SOLICITATION. The 341st Civil Enginee,"Sep 18, 2026 08:00 PM UTC",Total Small Business Set-Aside (FAR 19.5),None,Engineering Services,ARCHITECT AND ENGINEERING- GENERAL: OTHER,USA,59402,Malmstrom AFB,MT,true,4,Jean-Denis Ducimetiere,jean-denis.ducimetiere@us.af.mil,,,"Sep 14, 2026 10:43 PM UTC","Oct 3, 2026 12:00 AM UTC","Sep 14, 2026 10:43 PM UTC",active
"DLA AVIATION AT OKLAHOMA CITY, OK",SPRTA1,97AS,DEFENSE LOGISTICS AGENCY,SPRTA1-26-Q-0434,Solicitation,"NOZZLE SEGMENT,TURB",NSN: 2840-01-290-3233 NZ / PN: 4059480 or 4067092 / AMC: 1C,"Sep 18, 2026 08:00 PM UTC",,None,Aircraft Engine and Engine Parts Manufacturing,"GAS TURBINES AND JET ENGINES, AIRCRAFT, PRIME MOVING; AND COMPONENTS",,,,,true,2,Adrian Campos,adrian.campos@us.af.mil,,,"Aug 14, 2026 04:47 PM UTC","Oct 3, 2026 12:00 AM UTC","Aug 14, 2026 04:47 PM UTC",active
"DLA AVIATION AT OKLAHOMA CITY, OK",SPRTA1,97AS,DEFENSE LOGISTICS AGENCY,SPRTA126R0343,Solicitation,RotorTurbineAircr_End_Item_F110_NSN_2840016759398PR_PN_2215M18G04,"ROTOR, TURBINE, AIRCRAFT; NSN 2840-01-675-9398PR PROPOSAL DUE ON OR BEFORE 18 SEPT 2026","Sep 18, 2026 08:00 PM UTC",,None,Aircraft Engine and Engine Parts Manufacturing,"GAS TURBINES AND JET ENGINES, AIRCRAFT, PRIME MOVING; AND COMPONENTS",USA,,,,true,1,Asaycia Clayton,asaycia.clayton.1@us.af.mil,,,"Aug 18, 2026 04:18 PM UTC","Sep 18, 2027 12:00 AM UTC","Aug 18, 2026 04:18 PM UTC",active
DLA LAND WARREN,SPRDL1,97AS,DEFENSE LOGISTICS AGENCY,SPRDL1-26-Q-0040,Solicitation,"VALVE, LINEAR, DIRECT",THIS SOLICITATION HAS BEEN AMENDED TO FULL AND OPEN COMPETITION Amendment 0002 is to increase the quantity from 5 ea to 121 ea for CLIN 000,"Sep 18, 2026 08:30 PM UTC",,None,Other Metal Valve and Pipe Fitting Manufacturing,"VALVES, POWERED",USA,36201,Anniston,AL,true,6,JANECA DENT,JANECA.DENT@DLA.MIL,,,"Aug 18, 2026 08:18 PM UTC","Dec 31, 2026 12:00 AM UTC","Aug 18, 2026 08:18 PM UTC",active
"DLA AVIATION AT PHILADELPHIA, PA",SPRPA1,97AS,DEFENSE LOGISTICS AGENCY,SPRPA126QUB65,Solicitation,"16--HYDRAULIC,FLOW RATE",ITEM UNIQUE IDENTIFICATION AND VALUATION (JAN 2023)|19||||||||||||||||||||\rFMS DELIVERY AND SHIPPING INSTRUCTIONS|3|||N52214.12|\rNAVY USE OF ABILITYON,"Sep 18, 2026 08:30 PM UTC",,None,Other Aircraft Parts and Auxiliary Equipment Manufacturing,MISCELLANEOUS AIRCRAFT ACCESSORIES AND COMPONENTS,,,,,false,1,Telephone: 2157373861,KELI.BARISH@DLA.MIL,,,"Sep 8, 2026 10:23 AM UTC","Oct 3, 2026 12:00 AM UTC","Sep 8, 2026 10:23 AM UTC",active
"DLA AVIATION AT PHILADELPHIA, PA",SPRPA1,97AS,DEFENSE LOGISTICS AGENCY,SPRPA126QUB66,Solicitation,"16--PUMP,WINDOW WASHER",ITEM UNIQUE IDENTIFICATION AND VALUATION (JAN 2023)|19||||||||||||||||||||\rNAVY USE OF ABILITYONE SUPPORT CONTRACTOR - RELEASE OF OFFEROR INFORMATION,"Sep 18, 2026 08:30 PM UTC",,None,Other Aircraft Parts and Auxiliary Equipment Manufacturing,MISCELLANEOUS AIRCRAFT ACCESSORIES AND COMPONENTS,,,,,false,1,Telephone: 2157373861,KELI.BARISH@DLA.MIL,,,"Sep 8, 2026 10:25 AM UTC","Oct 3, 2026 12:00 AM UTC","Sep 8, 2026 10:25 AM UTC",active
"DLA AVIATION AT PHILADELPHIA, PA",SPRPA1,97AS,DEFENSE LOGISTICS AGENCY,SPRPA126QWC23,Solicitation,"PISTON,LINEAR ACTUA",ITEM UNIQUE IDENTIFICATION AND VALUATION (JAN 2023)|19||||||||||||||||||||\rHIGHER-LEVEL CONTRACT QUALITY REQUIREMENT|8|||x|AS/EN/JISQ 9100 or equivale,"Sep 18, 2026 08:30 PM UTC",,None,Other Aircraft Parts and Auxiliary Equipment Manufacturing,"AIRCRAFT HYDRAULIC, VACUUM, AND DE-ICING SYSTEM COMPONENTS",,,,,false,1,Telephone: 2676608638,GINA.PALUMBO@DLA.MIL,,,"Sep 15, 2026 11:03 AM UTC","Oct 3, 2026 12:00 AM UTC","Sep 15, 2026 11:03 AM UTC",active
"DLA AVIATION AT PHILADELPHIA, PA",SPRPA1,97AS,DEFENSE LOGISTICS AGENCY,SPRPA126QXB73,Solicitation,"VALVE,FLOW CONTROL",CONTACT INFORMATION|4|APBA.33|KC130-J System|445-737-6069|Lawrence.Eaddy@dla.mil|\rITEM UNIQUE IDENTIFICATION AND VALUATION (JAN 2023)|19||||||||||||||,"Sep 18, 2026 08:30 PM UTC",,None,Other Metal Valve and Pipe Fitting Manufacturing,"VALVES, NONPOWERED",,,,,false,1,Telephone: 4557376069,LAWRENCE.EADDY@DLA.MIL,,,"Sep 2, 2026 10:30 AM UTC","Oct 3, 2026 12:00 AM UTC","Sep 2, 2026 10:30 AM UTC",active
"FWS, GAOA",140FGA,1448,U.S. FISH AND WILDLIFE SERVICE,140FGA26R0042,Solicitation,N--Lamar National Fish Hatchery Pennsylvania Install,EO 14398 - Lamar National Fish Hatchery Pennsylvania Install Fish Pump 10/01/2026 - 11/15/2026,"Sep 18, 2026 09:00 PM UTC",Total Small Business Set-Aside (FAR 19.5),None,Electrical Contractors and Other Wiring Installation Contractors,INSTALLATION OF EQUIPMENT- PUMPS AND COMPRESSORS,,,,,true,4,"Luang-Khot, Johnny",johnny_luang-khot@fws.gov,,,"Sep 14, 2026 06:04 PM UTC","Oct 3, 2026 12:00 AM UTC","Sep 14, 2026 06:04 PM UTC",active
ACQUISITIONS - AQM MOMENTUM,19AQMM,1900,"STATE, DEPARTMENT OF",19AQMM26R0279,Solicitation,DOS Overseas Furniture Install Services,"NEW DUE DATE: September 18, 2026 @5PM EDT An amended solicitation has been posted along with supporting attachments and Q & A Round 2&n","Sep 18, 2026 09:00 PM UTC",Total Small Business Set-Aside (FAR 19.5),None,Other Building Finishing Contractors,INSTALLATION OF EQUIPMENT- FURNITURE,USA,,Rosslyn,VA,true,13,Charlotte Cameron,CameronCR@state.gov,,,"Sep 9, 2026 07:25 PM UTC","Dec 12, 2090 12:00 AM UTC","Sep 9, 2026 07:25 PM UTC",active
250-NETWORK CONTRACT OFFICE 10 (36C250),36C250,3600,"VETERANS AFFAIRS, DEPARTMENT OF",36C25026Q0837,Solicitation,J041--Chiller Plant Preventative Maintenance,"RFQ for chiller plant preventative maintenance services at the Richard L. Roudebush VA Medical Center, 1481 W. 10th Street, Indianapolis, IN 46202.","Sep 18, 2026 09:00 PM UTC",,None,"Plumbing, Heating, and Air-Conditioning Contractors","MAINT/REPAIR/REBUILD OF EQUIPMENT- REFRIGERATION, AIR CONDITIONING, AND AIR CIRC",,,,,true,2,Jeffrey P. Rozema,Jeffrey.Rozema@va.gov,,,"Aug 26, 2026 08:46 PM UTC","Dec 17, 2026 12:00 AM UTC","Aug 26, 2026 08:46 PM UTC",active
252-NETWORK CONTRACT OFFICE 12 (36C252),36C252,3600,"VETERANS AFFAIRS, DEPARTMENT OF",36C25226Q0711,Solicitation,Paging System Upgrade Expansion,"Madison VA Hospital is seeking Fiber Optic Cable with installation for the paging system upgrade and expansion. Provide, install, and test a d","Sep 18, 2026 09:00 PM UTC",Total Small Business Set-Aside (FAR 19.5),None,Electrical Contractors and Other Wiring Installation Contractors,ELECTRICAL HARDWARE AND SUPPLIES,USA,53705,Madison,WI,true,3,Parris S Weidenbach,parris.weidenbach@va.gov,,,"Sep 14, 2026 04:33 PM UTC","Oct 3, 2026 12:00 AM UTC","Sep 14, 2026 04:33 PM UTC",active
FA3099 47 CONF CC,FA3099,5700,DEPT OF THE AIR FORCE,FA309926Q0023,Solicitation,North Gate – Clear Brush and Tree Removal,Request for Quotes (RFQ): North Gate Clear Brush and Tree Removal Solicitation Number: FA3099-26-Q-0023 <em,"Sep 18, 2026 09:00 PM UTC",,None,Landscaping Services,HOUSEKEEPING- LANDSCAPING/GROUNDSKEEPING,USA,78840,Del Rio,TX,true,4,Karina Gloria,karina.gloria@us.af.mil,,,"Sep 2, 2026 03:08 AM UTC","Oct 3, 2026 12:00 AM UTC","Sep 2, 2026 03:08 AM UTC",active
FA4484 87 CONS PK,FA4484,5700,DEPT OF THE AIR FORCE,FA448426Q0040,Solicitation,"Business cable, Internet, and Ethernet Services",THE PURPOSE OF THIS AMMENDMENT IS TO EXTEND THE SOLICITATION DUE DATE TO 18 SEPT 2026 AT 1700EST The contractor will furnish all l,"Sep 18, 2026 09:00 PM UTC",,None,Wired Telecommunications Carriers,SUPPORT- PROFESSIONAL: COMMUNICATIONS,USA,08641,Joint Base MDL,NJ,false,1,Jeramiah Birdsong,Jeramiah.birdsong.2@us.af.mil,,,"Sep 14, 2026 03:02 PM UTC","Oct 3, 2026 12:00 AM UTC","Sep 14, 2026 03:02 PM UTC",active
FERMILAB - DOE CONTRACTOR,899034,8900,"ENERGY, DEPARTMENT OF",SM-381952,Solicitation,Cathodic Protection Maintenance Services,Amendment 1 changes the Procurement Specialist to Dustin Hansrote. and extends the questions due date and proposal due date. **************,"Sep 18, 2026 09:00 PM UTC",Total Small Business Set-Aside (FAR 19.5),None,Engineering Services,EQUIPMENT AND MATERIALS TESTING- MISCELLANEOUS,USA,60510,,IL,true,14,Dustin Hansrote,hansrote@fnal.gov,,,"Sep 1, 2026 09:22 PM UTC","Oct 3, 2026 12:00 AM UTC","Sep 1, 2026 09:22 PM UTC",active
DLA LAND WARREN,SPRDL1,97AS,DEFENSE LOGISTICS AGENCY,SPRDL126R0060,Solicitation,"Wheel Assembly, Pneumatic","ITEM: WHEEL ASSEMBLY, PNEUMATIC. NSN: 2530-01-626-2559. P/N: 13034099. QTY: 494 (3 YEAR MAX). OPTION: NON","Sep 18, 2026 09:00 PM UTC",,None,Tire Manufacturing (except Retreading),"VEHICULAR BRAKE, STEERING, AXLE, WHEEL, AND TRACK COMPONENTS",USA,,,,true,1,CHRISTA LANGOHR,CHRISTA.LANGOHR@DLA.MIL,,,"Aug 17, 2026 01:13 PM UTC","Oct 3, 2026 12:00 AM UTC","Aug 17, 2026 01:13 PM UTC",active
"DLA AVIATION AT OKLAHOMA CITY, OK",SPRTA1,97AS,DEFENSE LOGISTICS AGENCY,SPRTA1-26-R-0051,Solicitation,"Valve, Linear, Direct",Synopsis PR: FD2030-24-01274 1. Estimated issue date and estimated closing/response date: Issue:,"Sep 18, 2026 09:00 PM UTC",,None,Other Aircraft Parts and Auxiliary Equipment Manufacturing,"VALVES, POWERED",USA,,,,true,9,Chrissy Turnage,christine.turnage@us.af.mil,,,"Aug 12, 2026 05:05 PM UTC","Sep 18, 2027 12:00 AM UTC","Aug 12, 2026 05:05 PM UTC",active
ALASKA STATE OFFICE,140L63,1422,BUREAU OF LAND MANAGEMENT,140L6326Q0023,Solicitation,SEWARD PENINSULA STRUCTURE & EQUIP REMOV,SEWARD PENINSULA STRUCTURE & EQUIP REMOV,"Sep 18, 2026 11:00 PM UTC",Total Small Business Set-Aside (FAR 19.5),None,Site Preparation Contractors,NATURAL RESOURCES/CONSERVATION- SURFACE MINING RECLAMATION (NON-CONSTRUCTION),,,,,true,3,"Sherman, Laura",lsherman@blm.gov,,,"Sep 11, 2026 11:49 PM UTC","Oct 3, 2026 12:00 AM UTC","Sep 11, 2026 11:49 PM UTC",active
FA4626 341 CONS LGC,FA4626,5700,DEPT OF THE AIR FORCE,FA462626Q0035,Solicitation,Fiber Optic Cabling Requirement Contract,14 September 2026 Posted Questions and Answers. 02 September 2026 The purpose of this amendment is to: 1.,"Sep 18, 2026 11:00 PM UTC",Total Small Business Set-Aside (FAR 19.5),None,Electrical Contractors and Other Wiring Installation Contractors,INSTALLATION OF EQUIPMENT- ELECTRICAL AND ELECTRONIC EQUIPMENT COMPONENTS,USA,59402,Malmstrom AFB,MT,true,12,Jean-Denis Ducimetiere,jean-denis.ducimetiere@us.af.mil,,,"Sep 15, 2026 03:10 AM UTC","Oct 3, 2026 12:00 AM UTC","Sep 15, 2026 03:10 AM UTC",active
GRAND COULEE POWER OFFICE,140R17,1425,BUREAU OF RECLAMATION,140R1726Q0053,Solicitation,61--UPS AND TEMP MONITOR,Extend RFQ Due Date,"Sep 19, 2026 12:00 AM UTC",SBA Certified Women-Owned Small Business (WOSB) Program Set-Aside (FAR 19.15),None,All Other Miscellaneous Electrical Equipment and Component Manufacturing,ELECTRICAL CONTROL EQUIPMENT,,,,,true,3,"Mest, Terry",tmest@usbr.gov,,,"Sep 14, 2026 06:20 PM UTC","Oct 3, 2026 12:00 AM UTC","Sep 14, 2026 06:20 PM UTC",active
AMERICAN CONSULATE CASABLANCA,19M030,1900,"STATE, DEPARTMENT OF",PR16214159,Solicitation,Digital Literacy and Innovation Services,"U.S. Consulate General Casablanca Date: September 04, 2026 Dear Prospective Quoter: Subject: Re","Sep 19, 2026 03:00 PM UTC",,None,Administration of Education Programs,SUPPORT- PROFESSIONAL: PROGRAM MANAGEMENT/SUPPORT,MAR,,Casablanca,MA-18,true,5,Procurement Team,CasablancaProc@state.gov,,,"Sep 15, 2026 10:38 AM UTC","Oct 4, 2026 12:00 AM UTC","Sep 15, 2026 10:38 AM UTC",active
AMERICAN CONSULATE CASABLANCA,19M030,1900,"STATE, DEPARTMENT OF",PR16125951,Solicitation,ICASS Van Purchase for FAC,Enclosed is a Request for Quotations (RFQ) for Purchase of one vehicle for U.S. Consulate Casablanca. If you,"Sep 19, 2026 04:00 PM UTC",,None,Motor Vehicle Manufacturing,GROUND EFFECT VEHICLES,MAR,20000,CASABLANCA,MA-18,true,2,Procurement Team,CasablancaProc@state.gov,,,"Sep 4, 2026 12:46 PM UTC","Oct 4, 2026 12:00 AM UTC","Sep 4, 2026 12:46 PM UTC",active
AMERICAN CONSULATE CASABLANCA,19M030,1900,"STATE, DEPARTMENT OF",PR16234954,Solicitation,Purchase of Two Vehicles for U.S. Consulate Casablanca,Subject: PR16234954 – Purchase of Two Vehicles for U.S. Consulate Casablanca Dear Prospect,"Sep 19, 2026 04:00 PM UTC",,None,Motor Vehicle Manufacturing,GROUND EFFECT VEHICLES,MAR,,Casablanca,MA-18,true,2,Procurement Team,CasablancaProc@state.gov,,,"Sep 4, 2026 12:09 PM UTC","Oct 4, 2026 12:00 AM UTC","Sep 4, 2026 12:09 PM UTC",active
AMERICAN CONSULATE CAPE TOWN,19SF20,1900,"STATE, DEPARTMENT OF",19SF2026Q0021,Solicitation,Request for quotes for the installation and commissioning of one (1) 65KVA standby generator at a U.S. Government residential compound in Cape Town,1. General Summary of Services Required The U.S. Consulate General Cape Town invites qualified vendors to submit quotation,"Sep 21, 2026 08:00 AM UTC",,None,Electrical Contractors and Other Wiring Installation Contractors,INSTALLATION OF EQUIPMENT- ELECTRIC WIRE AND POWER DISTRIBUTION EQUIPMENT,ZAF,7945,Cape Town,ZA-WC,true,2,Natheer Ford,fordn@state.gov,,,"Aug 31, 2026 01:56 PM UTC","Sep 21, 2026 12:00 AM UTC","Aug 31, 2026 01:56 PM UTC",active
0409 AQ HQ CONTRACT,W912PB,2100,DEPT OF THE ARMY,W912PB26QA076,Solicitation,"Disposal Food Waste, Hohenfels, USAG Bavaria","SITE VISIT INVITATION - 11 Sep 2026, 10 a.m. This is a non-personal services contract to provide collection, pick up, and di","Sep 21, 2026 08:00 AM UTC",,None,Other Nonhazardous Waste Treatment and Disposal,HOUSEKEEPING- TRASH/GARBAGE COLLECTION,DEU,,,DE-BY,false,5,Evelyn Butter,evelyn.butter.ln@army.mil,,,"Sep 8, 2026 09:37 AM UTC","Oct 6, 2026 12:00 AM UTC","Sep 8, 2026 09:37 AM UTC",active
AMERICAN EMBASSY HONG KONG,19HK30,1900,"STATE, DEPARTMENT OF",19HK3026Q0020,Solicitation,"BME Preventative Maintenance for Elevators at Consulate Office Building, 26 Garden Road, Hong Kong","The U.S. Consulate General Hong Kong and Macau has arequirement for elevator maintenace services at 26 Garden Road, Hong Kong. The anticipated perf","Sep 21, 2026 09:00 AM UTC",,None,Other Building Equipment Contractors,MAINTENANCE OF OFFICE BUILDINGS,HKG,,,N/A,true,3,Monica Edwards,EdwardsMN@state.gov,,,"Aug 12, 2026 06:24 AM UTC","Dec 31, 2026 12:00 AM UTC","Aug 12, 2026 06:24 AM UTC",active
246-NETWORK CONTRACTING OFFICE 6 (36C246),36C246,3600,"VETERANS AFFAIRS, DEPARTMENT OF",36C24626Q1053,Solicitation,Cardboard Removal for Salisbury VAMC,A quantity of six (6) eight (8) yard dumpsters for cardboard collection with regular pickups. See solicitation documents.,"Sep 21, 2026 12:00 PM UTC",Service-Disabled Veteran-Owned Small Business (SDVOSB) Set-Aside (FAR 19.14),None,Other Waste Collection,HOUSEKEEPING- TRASH/GARBAGE COLLECTION,USA,28144,,NC,true,4,Maurice Anderson,maurice.anderson1@va.gov,,,"Sep 9, 2026 06:47 PM UTC","Oct 6, 2026 12:00 AM UTC","Sep 9, 2026 06:47 PM UTC",active
FA2550 50 CONS PKP,FA2550,5700,DEPT OF THE AIR FORCE,FA255026Q0053,Solicitation,FY26 - Flooring Requirement,Important Details: Restricted Documents: You may request access to documents through SAM.gov,"Sep 21, 2026 01:00 PM UTC",Total Small Business Set-Aside (FAR 19.5),None,Carpet and Rug Mills,FLOOR COVERINGS,USA,80912,Colorado Springs,CO,true,2,Kaitlyn Guldan,Kaitlyn.guldan@spaceforce.mil,,,"Sep 9, 2026 10:46 PM UTC","Oct 6, 2026 12:00 AM UTC","Sep 9, 2026 10:46 PM UTC",active
244-NETWORK CONTRACT OFFICE 4 (36C244),36C244,3600,"VETERANS AFFAIRS, DEPARTMENT OF",36C24426Q0840,Solicitation,Hood Inspection and Certification for Laboratory Service,"Performance inspection, testing and calibration of all fume hoods, incubators, laminar flow hoods and other forms of local exhaust ventilation (bio","Sep 21, 2026 02:00 PM UTC",,None,Testing Laboratories and Services,INSPECTION- MISCELLANEOUS,USA,19104,Philadelphia,PA,true,4,Loretta Payne,loretta.payne@va.gov,,,"Sep 11, 2026 03:20 PM UTC","Oct 6, 2026 12:00 AM UTC","Sep 11, 2026 03:20 PM UTC",active
FA5587 48 CONS,FA5587,5700,DEPT OF THE AIR FORCE,FA558726Q0060,Solicitation,48 OG - F35 Locker Room Refurbish,RAFL has requested the refurbishment of their Pilot locker rooms within building 1355 at RAF Lakenheath.,"Sep 21, 2026 02:00 PM UTC",,None,Commercial and Service Industry Machinery Manufacturing,TRAILERS,GBR,,Lakenheath,GB-SFK,true,3,TSgt Christian Cuevas,christian.cuevas@us.af.mil,,,"Sep 3, 2026 03:51 PM UTC","Oct 6, 2026 12:00 AM UTC","Sep 3, 2026 03:51 PM UTC",active
FA6656 910 AW LGC YNGSTN WRN ARPT,FA6656,5700,DEPT OF THE AIR FORCE,FA665626Q0017,Solicitation,Laundry Services,"SITE VISIT ADDED FOR 9 SEPTEMBER 2026- IF INTERESTED IN ATTENDING, SEE ATTACHMENT FOR BASE ACCESS REQUIREMENTS. NEW DUE DATE OF 21 SEPT 202","Sep 21, 2026 02:00 PM UTC",,None,Drycleaning and Laundry Services (except Coin-Operated),HOUSEKEEPING- LAUNDRY/DRYCLEANING,USA,44473,Vienna,OH,true,6,Jasmine Corpa,jasmine.corpa@us.af.mil,,,"Sep 2, 2026 06:22 PM UTC","Oct 6, 2026 12:00 AM UTC","Sep 2, 2026 06:22 PM UTC",active
FA6656 910 AW LGC YNGSTN WRN ARPT,FA6656,5700,DEPT OF THE AIR FORCE,FA665626R0006,Solicitation,REPAIR LIVE FIRE TRAINING FACILITY AIRCRAFT MOCK-UP,The 910th Airlift Wing requires repair and corrective work to the Aircraft Fire Training Facility (AFTF) aircraft mock-up located at Youngstown Air,"Sep 21, 2026 02:00 PM UTC",SBA Certified Women-Owned Small Business (WOSB) Program Set-Aside (FAR 19.15),None,Commercial and Institutional Building Construction,REPAIR OR ALTERATION OF OTHER AIRFIELD STRUCTURES,USA,44473,Vienna,OH,true,10,Joseph Perry,joseph.perry.14@us.af.mil,,,"Sep 14, 2026 03:48 PM UTC","Oct 6, 2026 12:00 AM UTC","Sep 14, 2026 03:48 PM UTC",active
FDA OFFICE OF ACQ GRANT SVCS,75F401,7524,FOOD AND DRUG ADMINISTRATION,75F40126Q000430,Solicitation,Vanquish Neo System and Ion Chromatography system,The U.S. Food and Drug Administration (FDA) is soliciting quotations for the acquisition of two laboratory chromatography systems under one award:<,"Sep 21, 2026 02:30 PM UTC",,None,Analytical Laboratory Instrument Manufacturing,LABORATORY EQUIPMENT AND SUPPLIES,,,,,false,3,Iris Johnson,Iris.Johnson1@fda.hhs.gov,,,"Sep 10, 2026 09:49 PM UTC","Oct 6, 2026 12:00 AM UTC","Sep 10, 2026 09:49 PM UTC",active
"FWS, SAT TEAM 2",140FS2,1448,U.S. FISH AND WILDLIFE SERVICE,140FS226Q0199,Solicitation,NM-SW NATIVE ARC - Lochinvar Heat Exchanger Replac,NM-SW NATIVE ARC - Lochinvar Heat Exchanger Replacement,"Sep 21, 2026 03:00 PM UTC",Total Small Business Set-Aside (FAR 19.5),None,Commercial and Industrial Machinery and Equipment (except Automotive and Electronic) Repair and Maintenance,REPAIR OR ALTERATION OF OFFICE BUILDINGS,,,,,true,4,"Arnold, Dana",dana_arnold@ios.doi.gov,,,"Sep 10, 2026 10:11 PM UTC","Oct 6, 2026 12:00 AM UTC","Sep 10, 2026 10:11 PM UTC",active
246-NETWORK CONTRACTING OFFICE 6 (36C246),36C246,3600,"VETERANS AFFAIRS, DEPARTMENT OF",36C24626R0078,Solicitation,J056--Correct Fire (Life) Safety Issues (Construction),AMENDMENT 0001 See SF 30 above for details.,"Sep 21, 2026 03:00 PM UTC",,None,Commercial and Institutional Building Construction,MAINT/REPAIR/REBUILD OF EQUIPMENT- CONSTRUCTION AND BUILDING MATERIALS,,,,,true,8,Moses Deng,Moses.Deng2@va.gov,,,"Aug 26, 2026 06:28 PM UTC","Nov 20, 2026 12:00 AM UTC","Aug 26, 2026 06:28 PM UTC",active
249-NETWORK CONTRACT OFFICE 9 (36C249),36C249,3600,"VETERANS AFFAIRS, DEPARTMENT OF",36C24926R0077,Solicitation,J045--Project # 596-26-4 Construction for FMS Boiler Replacement,36C24926R0077-FMS Boiler Replacement,"Sep 21, 2026 03:00 PM UTC",Service-Disabled Veteran-Owned Small Business (SDVOSB) Set-Aside (FAR 19.14),None,"Plumbing, Heating, and Air-Conditioning Contractors","MAINT/REPAIR/REBUILD OF EQUIPMENT- PLUMBING, HEATING, AND WASTE DISPOSAL EQUIPME",USA,40511,Lexington,KY,true,8,Brian Bentley,Brian.Bentley@va.gov,,,"Sep 14, 2026 07:21 PM UTC","Dec 12, 2026 12:00 AM UTC","Sep 14, 2026 07:21 PM UTC",active
257-NETWORK CONTRACT OFFICE 17 (36C257),36C257,3600,"VETERANS AFFAIRS, DEPARTMENT OF",36C25726B0004A0001,Solicitation,Z2DA--671-24-004 NRM Replace 2nd Floor Roof,"**Amendment 0004 to extend the bid date, include the site visit sign in sheet, and to re-word the price/schedule. See attached amendment.","Sep 21, 2026 03:00 PM UTC",,None,Roofing Contractors,REPAIR OR ALTERATION OF HOSPITALS AND INFIRMARIES,,,,,true,7,Eileen F Myers,Eileen.Myers@va.gov,,,"Aug 27, 2026 07:48 PM UTC","Dec 8, 2026 12:00 AM UTC","Aug 27, 2026 07:48 PM UTC",active
257-NETWORK CONTRACT OFFICE 17 (36C257),36C257,3600,"VETERANS AFFAIRS, DEPARTMENT OF",36C25726B0004_1,Solicitation,Z2DA--671-24-004 NRM Replace 2nd Floor Roof,Reference 36C25726B0004A0001 for updated amendments pertaining to this requirement. This is an Invitation for Bid (IF,"Sep 21, 2026 03:00 PM UTC",,None,Roofing Contractors,REPAIR OR ALTERATION OF HOSPITALS AND INFIRMARIES,,,,,true,5,Eileen F Myers,Eileen.Myers@va.gov,,,"Sep 4, 2026 04:47 PM UTC","Dec 15, 2026 12:00 AM UTC","Sep 4, 2026 04:47 PM UTC",active
FEDERAL DEPOSIT INSURANCE CORPORATION,F05603,5100,FEDERAL DEPOSIT INSURANCE CORPORATION,CORHQ-26-Q-0162,Solicitation,FDIC BMC Software Maintenance,The Federal Deposit Insurance Corporation (FDIC) invites you to submit a quote in response to Request for Quote (RFQ) CORHQ-26-Q-0162 for BMC Softw,"Sep 21, 2026 03:00 PM UTC",,None,Computer and Computer Peripheral Equipment and Software Merchant Wholesalers,IT AND TELECOM - BUSINESS APPLICATION SOFTWARE (PERPETUAL LICENSE SOFTWARE),USA,22226,Arlington,VA,true,2,Tammy Mattox,tmattox@fdic.gov,,,"Sep 10, 2026 09:29 PM UTC","Oct 6, 2026 12:00 AM UTC","Sep 10, 2026 09:29 PM UTC",active
FA2550 50 CONS PKP,FA2550,5700,DEPT OF THE AIR FORCE,FA255026Q0032,Solicitation,3 TES Furniture,"This is a new requirement to procure office furniture (cubicles, desks, chairs, and cabinets) and install it on Schriever Space Force Base. A","Sep 21, 2026 03:00 PM UTC",Total Small Business Set-Aside (FAR 19.5),None,Office Furniture (except Wood) Manufacturing,OFFICE FURNITURE,USA,80930,Colorado Springs,CO,true,8,Kaitlyn Guldan,Kaitlyn.guldan@spaceforce.mil,,,"Sep 3, 2026 08:18 PM UTC","Oct 6, 2026 12:00 AM UTC","Sep 3, 2026 08:18 PM UTC",active
DEPT OF COMMERCE ESO,1331L5,1301,OFFICE OF THE SECRETARY,1331L526TBRENOVAT,Solicitation,Table Mountain T1 and B9 Renovation,"This solicitation is 100% small business set aside to Renovate two buildings at Table Mountain, in Longmount Co.","Sep 21, 2026 04:00 PM UTC",Total Small Business Set-Aside (FAR 19.5),None,Commercial and Institutional Building Construction,CONSTRUCTION OF OTHER ADMINISTRATIVE FACILITIES AND SERVICE BUILDINGS,USA,80503,Longmont,CO,true,7,Jacqueline Brown,jbrown4@doc.gov,,,"Sep 11, 2026 03:18 AM UTC","Oct 6, 2026 12:00 AM UTC","Sep 11, 2026 03:18 AM UTC",active
"FWS, SAT TEAM 2",140FS2,1448,U.S. FISH AND WILDLIFE SERVICE,140FS226Q0198,Solicitation,AZ-IMPERIAL NWR-INSTALLATION OF NON-MOTORIZED SWIN,AZ-IMPERIAL NWR-INSTALLATION OF NON-MOTORIZED SWING GATE,"Sep 21, 2026 04:00 PM UTC",Total Small Business Set-Aside (FAR 19.5),None,All Other Specialty Trade Contractors,REPAIR OR ALTERATION OF HIGHWAYS/ROADS/STREETS/BRIDGES/RAILWAYS,,,,,true,4,"Brown, Khalilah",khalilah_brown@fws.gov,,,"Sep 9, 2026 06:37 PM UTC","Oct 6, 2026 12:00 AM UTC","Sep 9, 2026 06:37 PM UTC",active
FA2860 316 CONS PK,FA2860,5700,DEPT OF THE AIR FORCE,FA286026Q0029,Solicitation,1 AS Special Air Mision Pilot Indoctrination Training,"This requirement is a firm-fixed price contract for PILOT INDOCTRINATION TRAINING under full and open competition, in support of the 1st Airlift Sq","Sep 21, 2026 04:00 PM UTC",,None,Professional and Management Development Training,EDUCATION/TRAINING- OTHER,USA,20762,Andrews Air Force Base,MD,true,4,Jamahl Tyson,Jamahl.Tyson@us.af.mil,,,"Sep 11, 2026 07:30 PM UTC","Nov 21, 2026 12:00 AM UTC","Sep 11, 2026 07:30 PM UTC",active
FA4418 628 CONS PK,FA4418,5700,DEPT OF THE AIR FORCE,FA441826R0009,Solicitation,JB Charleston Multiple Award Construction Contract,Amendment 001 (17 August 2026) - The purpose of this amendment is to update the pre-proposal questions due date to 20 August 2026 as briefed during,"Sep 21, 2026 04:00 PM UTC",,None,Commercial and Institutional Building Construction,CONSTRUCTION OF MISCELLANEOUS BUILDINGS,USA,29404,,SC,true,32,Lauren Parker,lauren.parker.4@us.af.mil,,,"Aug 17, 2026 07:37 PM UTC","Oct 6, 2026 12:00 AM UTC","Aug 17, 2026 07:37 PM UTC",active
FA4484 87 CONS PK,FA4484,5700,DEPT OF THE AIR FORCE,FA448426Q0035,Solicitation,Bird Waste Cleaning,"This is a combined synopsis/solicitation for commercial items prepared in accordance with the format in RFO subpart 12.202(b), as supple","Sep 21, 2026 04:00 PM UTC",Total Small Business Set-Aside (FAR 19.5),None,Other Services to Buildings and Dwellings,HOUSEKEEPING- CUSTODIAL JANITORIAL,USA,08641,Joint Base MDL,NJ,true,7,Jeramiah Birdsong,Jeramiah.birdsong.2@us.af.mil,,,"Aug 14, 2026 12:22 AM UTC","Oct 6, 2026 12:00 AM UTC","Aug 14, 2026 12:22 AM UTC",active
FA4600 55 CONS PKP,FA4600,5700,DEPT OF THE AIR FORCE,FA460026Q0088,Solicitation,55 FSS Basketball Court Resurface,AMENDMENT 00001 7 SEP 2026 All EAL request for the site visit must be submitted to the CO and CS listed,"Sep 21, 2026 04:00 PM UTC",Total Small Business Set-Aside (FAR 19.5),None,Flooring Contractors,REPAIR OR ALTERATION OF RECREATION FACILITIES (NON-BUILDING),USA,68113,Offutt AFB,NE,true,3,Joshua Connelly,joshua.connelly.3@us.af.mil,,,"Sep 7, 2026 02:54 PM UTC","Oct 6, 2026 12:00 AM UTC","Sep 7, 2026 02:54 PM UTC",active
FA4600 55 CONS PKP,FA4600,5700,DEPT OF THE AIR FORCE,FA460026Q0089,Solicitation,55 FSS TACFIT Flooring,AMENDMENT 00002 10 SEP 2026 PWS has been update to remove mandatory pre-award site visit.,"Sep 21, 2026 04:00 PM UTC",Total Small Business Set-Aside (FAR 19.5),None,Flooring Contractors,HOUSEKEEPING- CARPET LAYING/CLEANING,USA,68113,Offutt AFB,NE,true,4,Joshua Connelly,joshua.connelly.3@us.af.mil,,,"Sep 10, 2026 08:52 PM UTC","Oct 6, 2026 12:00 AM UTC","Sep 10, 2026 08:52 PM UTC",active
FA4600 55 CONS PKP,FA4600,5700,DEPT OF THE AIR FORCE,FA460026Q0119,Solicitation,Emergency Power and Switchgear,"Amendment 0001 - The servicing location is restricted and no electronic devices will be permitted. This includes cameras, phones, smart watches, bl","Sep 21, 2026 04:00 PM UTC",,None,Facilities Support Services,MAINT/REPAIR/REBUILD OF EQUIPMENT- MECHANICAL POWER TRANSMISSION EQUIPMENT,USA,,,NE,true,9,Nichole Barragan,nichole.barragan.2@us.af.mil,,,"Sep 8, 2026 08:53 PM UTC","Oct 6, 2026 12:00 AM UTC","Sep 8, 2026 08:53 PM UTC",active
FA8571 MAINT CONTRACTING AFSC PZIM,FA8571,5700,DEPT OF THE AIR FORCE,FA857126Q0118,Solicitation,Surfcam Annual Maintenance,"This is a solicitation for commercial products or commercial services prepared in accordance with the format in RFO 12.201-1, as supplemented with","Sep 21, 2026 04:00 PM UTC",,None,Software Publishers,IT AND TELECOM - BUSINESS APPLICATION SOFTWARE (PERPETUAL LICENSE SOFTWARE),USA,31098,Warner Robins,GA,true,2,Phillip Braswell,phillip.braswell.1@us.af.mil,,,"Sep 10, 2026 03:11 PM UTC","Oct 6, 2026 12:00 AM UTC","Sep 10, 2026 03:11 PM UTC",active
COMMANDING GENERAL,M67001,1700,DEPT OF THE NAVY,M6700126Q0112,Solicitation,Maintenance Management Specialist,**Update 20260910 - Amendment 0002 has been posted to answer all questions received. Additional changes are included in the amendment as we,"Sep 21, 2026 04:00 PM UTC",SBA Certified Women-Owned Small Business (WOSB) Program Set-Aside (FAR 19.15),None,Office Administrative Services,SUPPORT- ADMINISTRATIVE: OTHER,USA,,Camp Lejeune,NC,true,5,Emily Tsan,emily.n.tsan.civ@usmc.mil,,,"Sep 10, 2026 08:45 PM UTC","Oct 6, 2026 12:00 AM UTC","Sep 10, 2026 08:45 PM UTC",active
DEPT OF COMMERCE NIST,1333ND,1341,NATIONAL INSTITUTE OF STANDARDS AND TECHNOLOGY,1333ND26QNB190466,Solicitation,1333ND26QNB190466-RFQ Electrical Maintenance Services,"Vendor is to provide electrical maintenance services for the NIST Gaithersburg, MD Campus. See attached RFQ and applicable attachments.","Sep 21, 2026 05:00 PM UTC",,None,Electrical Contractors and Other Wiring Installation Contractors,MAINTENANCE OF MISCELLANEOUS BUILDINGS,USA,,Gaithersburg,MD,true,8,Brandon Butler,brandon.butler@nist.gov,,,"Sep 11, 2026 08:00 PM UTC","Oct 6, 2026 12:00 AM UTC","Sep 11, 2026 08:00 PM UTC",active
FA3016 502 CONS CL,FA3016,5700,DEPT OF THE AIR FORCE,FA301626Q0286,Solicitation,CoSA CDD Valley Hi Project_ Revised,"The 502d Contracting Squadron (502 CONS) at Joint Base San Antonio (JBSA) Lackland, TX, has issued Request for Quotation (RFQ) FA301626Q02860001 as","Sep 21, 2026 05:00 PM UTC",Total Small Business Set-Aside (FAR 19.5),None,Electronic Computer Manufacturing,IT AND TELECOM - NETWORK: DIGITAL NETWORK PRODUCTS (HARDWARE AND PERPETUAL LICEN,USA,78236,JBSA Lackland,TX,true,3,Autumn Mauran,autumn.mauran@us.af.mil,,,"Sep 14, 2026 06:02 PM UTC","Oct 6, 2026 12:00 AM UTC","Sep 14, 2026 06:02 PM UTC",active
FA8601 AFLCMC PZIO,FA8601,5700,DEPT OF THE AIR FORCE,FA860126Q0113,Solicitation,AFIT River Rock Border Solicitation,"9/14/2026 - Update to solicitation 1) The solicitation has been extended to Monday, 21 September 2026 at 1:00PM","Sep 21, 2026 05:00 PM UTC",Total Small Business Set-Aside (FAR 19.5),None,Landscaping Services,HOUSEKEEPING- LANDSCAPING/GROUNDSKEEPING,USA,45433,Wright Patterson AFB,OH,false,5,Christopher Hall,christopher.hall.113@us.af.mil,,,"Sep 14, 2026 08:11 PM UTC","Oct 6, 2026 12:00 AM UTC","Sep 14, 2026 08:11 PM UTC",active
FWS SAT TEAM 3,140FS3,1448,U.S. FISH AND WILDLIFE SERVICE,140FS326Q0180,Solicitation,"41--Two Seed Coolers, FWS NCTC, WV","This is a combined synopsis/solicitation for commercial products and commercial services prepared in accordance with the format in Subpart 12.6, as su","Sep 21, 2026 06:00 PM UTC",,None,Refrigerated Warehousing and Storage,REFRIGERATION EQUIPMENT,,,,,true,5,"Riley, Fred",fred_riley@ios.doi.gov,,,"Sep 10, 2026 08:19 PM UTC","Oct 6, 2026 12:00 AM UTC","Sep 10, 2026 08:19 PM UTC",active
257-NETWORK CONTRACT OFFICE 17 (36C257),36C257,3600,"VETERANS AFFAIRS, DEPARTMENT OF",36C25726Q0864,Solicitation,Replace Fisher House 1 HVAC System,"The Contractor shall provide all personnel, equipment, supplies, facilities, transportation, tools, materials, supervision, and other items necessa","Sep 21, 2026 06:00 PM UTC",Service-Disabled Veteran-Owned Small Business (SDVOSB) Set-Aside (FAR 19.14),None,"Plumbing, Heating, and Air-Conditioning Contractors",MAINTENANCE OF HOSPITALS AND INFIRMARIES,USA,78229,,TX,true,18,Miguel Gonzalez,Miguel.gonzalez4@va.gov,,,"Sep 14, 2026 04:54 PM UTC","Oct 6, 2026 12:00 AM UTC","Sep 14, 2026 04:54 PM UTC",active
AOUSC-PROCUREMENT MANAGEMENT DIV,103299,1027,ADMINISTRATIVE OFFICE OF THE U.S. COURTS,USCA26Q0172-01,Solicitation,"Streaming Media Hosting, Management, and Distribution Services",This is a solicitation for a COTS streaming media platform prepared in accordance with the Administrative Offices of the U.S. Courts Judiciary Guid,"Sep 21, 2026 06:00 PM UTC",,None,"Media Streaming Distribution Services, Social Networks, and Other Media Networks and Content Providers",IT AND TELECOM - STORAGE AS A SERVICE,USA,,Washington,DC,true,5,David Kelley,david_kelley@ao.uscourts.gov,,,"Sep 2, 2026 12:46 PM UTC","Oct 6, 2026 12:00 AM UTC","Sep 2, 2026 12:46 PM UTC",active
244-NETWORK CONTRACT OFFICE 4 (36C244),36C244,3600,"VETERANS AFFAIRS, DEPARTMENT OF",36C24426Q0961,Solicitation,Philadelphia VA Medical Center Radiopharmacueticals,"The Corporal Michael J. Crescenz VA Medical Center (CMCVAMC) is seeking a licensed vendor, accredited by the Nuclear Regulatory Commission, to prov","Sep 21, 2026 07:00 PM UTC",,None,Pharmaceutical Preparation Manufacturing,DRUGS AND BIOLOGICALS,USA,19104,Philadelphia,PA,true,1,Keri Hester,keri.hester1@va.com,,,"Sep 14, 2026 08:45 PM UTC","Oct 6, 2026 12:00 AM UTC","Sep 14, 2026 08:45 PM UTC",active
FLETC ARTESIA PROCUREMENT OFFICE,70LART,7015,FEDERAL LAW ENFORCEMENT TRAINING CENTER,70LART26QPFB00029,Solicitation,Hardwood pistol rack with 14 aluminum pins,"Hardwood pistol rack with 1/4"" aluminum pins","Sep 21, 2026 07:00 PM UTC",Total Small Business Set-Aside (FAR 19.5),None,All Other Miscellaneous Fabricated Metal Product Manufacturing,MISCELLANEOUS ITEMS,USA,88210,Artesia,NM,true,6,Nicholas Antal,nicholas.j.antal@fletc.dhs.gov,,,"Sep 14, 2026 03:55 PM UTC","Oct 6, 2026 12:00 AM UTC","Sep 14, 2026 03:55 PM UTC",active
FA2521 45 CONS LGC,FA2521,5700,DEPT OF THE AIR FORCE,FA252126QB120,Solicitation,Auto Doors Maintenance Services,"The objective is procure automatic door inspections, testing, preventive maintenance and repairs services at Patrick Space Force Base, Florida.","Sep 21, 2026 07:00 PM UTC",Total Small Business Set-Aside (FAR 19.5),None,Other Building Equipment Contractors,MAINT/REPAIR/REBUILD OF EQUIPMENT- CONSTRUCTION AND BUILDING MATERIALS,USA,32925,Patrick Air Force Base,FL,true,4,Cynthia Whittaker,cynthia.whittaker@spaceforce.mil,,,"Sep 14, 2026 02:57 PM UTC","Oct 6, 2026 12:00 AM UTC","Sep 14, 2026 02:57 PM UTC",active
FA4460 19 CONS PKA,FA4460,5700,DEPT OF THE AIR FORCE,FA446026Q0055,Solicitation,Horizontal Baler and Conveyor,"Solicitation for the delivery, installation and startup of a horizontal baler at the Recycle Center, Bldg. 1568, located on Little Rock Air Force B","Sep 21, 2026 07:00 PM UTC",Total Small Business Set-Aside (FAR 19.5),None,All Other Industrial Machinery Manufacturing,RECYCLING AND RECLAMATION EQUIPMENT,USA,72099,Little Rock Air Force Base,AR,true,6,Alexander Kennison,alexander.kennison@us.af.mil,,,"Sep 8, 2026 07:29 PM UTC","Oct 6, 2026 12:00 AM UTC","Sep 8, 2026 07:29 PM UTC",active
FA4484 87 CONS PK,FA4484,5700,DEPT OF THE AIR FORCE,FA448426Q0041,Solicitation,Thermal Imaging Binoculars,"This is a combined synopsis/solicitation for commercial products prepared in accordance with the format in RFO 12.201-1, as supplemented with addit","Sep 21, 2026 07:00 PM UTC",,None,"Search, Detection, Navigation, Guidance, Aeronautical, and Nautical System and Instrument Manufacturing","OPTICAL INSTRUMENTS, TEST EQUIPMENT, COMPONENTS AND ACCESSORIES",USA,08641,Joint Base MDL,NJ,true,7,Theodore Hyatt,theodore.hyatt@us.af.mil,,,"Sep 1, 2026 04:19 PM UTC","Oct 6, 2026 12:00 AM UTC","Sep 1, 2026 04:19 PM UTC",active
FA4819 325 CONS PKP,FA4819,5700,DEPT OF THE AIR FORCE,FA481926R0001,Solicitation,Tyndall Mess Attendant Recompete,This is a contract for mess attendant support services for the Berg-Liles Dining Facility which will remain under the full operational and management,"Sep 21, 2026 07:00 PM UTC",8(a) Set-Aside (FAR 19.8),None,Food Service Contractors,HOUSEKEEPING- FOOD,USA,32403,Tyndall AFB,FL,true,4,Scott Dubuque,scott.dubuque@us.af.mil,,,"Aug 26, 2026 05:58 PM UTC","Sep 21, 2026 12:00 AM UTC","Aug 26, 2026 05:58 PM UTC",active
DLA DISPOSTION SERVICE - EBS,SP4500,97AS,DEFENSE LOGISTICS AGENCY,SP450026R0011,Solicitation,Tucson Regional Hazardous Waste Removal and Disposal,Amendment 2 Amendment updates the Ordering History document with descriptions and also updated the Price Schedule w,"Sep 21, 2026 07:00 PM UTC",,None,Hazardous Waste Treatment and Disposal,HOUSEKEEPING- WASTE TREATMENT/STORAGE,USA,,Tucson,AZ,true,13,Scott Horrigan,Scott.Horrigan@dla.mil,,,"Sep 3, 2026 03:14 PM UTC","Oct 6, 2026 12:00 AM UTC","Sep 3, 2026 03:14 PM UTC",active
DEPT OF COMMERCE ESO,1331L5,1301,OFFICE OF THE SECRETARY,1331L526FIBEROPTI,Solicitation,Fiber Optic Network Rebuild,The purpose of Amendment 1 is to correct the dates in the RFQ. All other terms and conditions remain unchanged. -,"Sep 21, 2026 08:00 PM UTC",Total Small Business Set-Aside (FAR 19.5),None,Electrical Contractors and Other Wiring Installation Contractors,MAINT/REPAIR/REBUILD OF EQUIPMENT- ELECTRIC WIRE AND POWER DISTRIBUTION EQUIPMEN,USA,80503,Longmont,CO,true,5,Jacqueline Brown,jbrown4@doc.gov,,,"Sep 10, 2026 04:48 PM UTC","Oct 6, 2026 12:00 AM UTC","Sep 10, 2026 04:48 PM UTC",active
FA4819 325 CONS PKP,FA4819,5700,DEPT OF THE AIR FORCE,FA481926R0012,Solicitation,Vehicle Maintenance Services,"The purpose of this contract is to provide vehicle maintenance services for 801st Red Horse Squadron (RHS) at Tyndall AFB, FL in accordance with the P","Sep 21, 2026 08:00 PM UTC",Total Small Business Set-Aside (FAR 19.5),None,General Automotive Repair,"MAINT/REPAIR/REBUILD OF EQUIPMENT- GROUND EFFECT VEHICLES, MOTOR VEHICLES, TRAIL",,32403,,,true,4,Christian Baldwin,christian.baldwin.3@us.af.mil,,,"Aug 26, 2026 09:12 PM UTC","Aug 26, 2027 12:00 AM UTC","Aug 26, 2026 09:12 PM UTC",active
FA5000 673 CONS LGC,FA5000,5700,DEPT OF THE AIR FORCE,FA500026Q0047,Solicitation,"Local & Long-Distance Telecommunications Service - Joint Base Elmendorf-Richardson, Alaska - Amendment 1","Amendment 1 - Povides updated Pricing Schedule (Attachment 3) to provide anticipated periods of performance, updated Provisions and Clauses (Attach","Sep 21, 2026 08:00 PM UTC",,None,Wired Telecommunications Carriers,IT and Telecom - Network: Satellite Communications and Telecom Access Services,USA,99506,JBER,AK,true,8,Clay Schott,clay.schott@us.af.mil,,,"Sep 8, 2026 08:26 PM UTC","Oct 6, 2026 12:00 AM UTC","Sep 8, 2026 08:26 PM UTC",active
FA8121 AFSC PZAAA,FA8121,5700,DEPT OF THE AIR FORCE,FA812126R0015,Solicitation,"FD20302600549 - F100, SUPPORT,TURBINE COM",2. Request for Proposal (RFP) Number: FA8121-26-R-0015 3. PR Number(s): FD2030-26-00549 4. &nb,"Sep 21, 2026 08:00 PM UTC",Total Small Business Set-Aside (FAR 19.5),None,Aircraft Engine and Engine Parts Manufacturing,"GAS TURBINES AND JET ENGINES, AIRCRAFT, PRIME MOVING; AND COMPONENTS",USA,,Tinker AFB,OK,true,17,Savannah Mincey,savannah.mincey@us.af.mil,,,"Sep 10, 2026 06:14 PM UTC","Oct 6, 2026 12:00 AM UTC","Sep 10, 2026 06:14 PM UTC",active
"DLA AVIATION AT OGDEN, UT",SPRHA1,97AS,DEFENSE LOGISTICS AGENCY,SPRHA1-27-R-0003,Solicitation,"CONTROL UNIT, ANTISKID (27-R-0003)",RFP - Solicitation: SPRHA127R0003 NSN: 1630-01-654-0287 P/N: 42-767-1 Quantity: 6<,"Sep 21, 2026 08:00 PM UTC",,None,Other Aircraft Parts and Auxiliary Equipment Manufacturing,AIRCRAFT WHEEL AND BRAKE SYSTEMS,USA,,,,true,4,Johnny Wakefield,johnny.wakefield.2@us.af.mil,,,"Aug 6, 2026 12:18 PM UTC","Sep 21, 2027 12:00 AM UTC","Aug 6, 2026 12:18 PM UTC",active
248-NETWORK CONTRACT OFFICE 8 (36C248),36C248,3600,"VETERANS AFFAIRS, DEPARTMENT OF",36C24827Q0019,Solicitation,Digital Denture and Prosthodontic Training,The Department of Veteran Affairs is looking for a vendor to provide Dental Service with specialized in person training to support validated digita,"Sep 21, 2026 08:30 PM UTC",,None,Professional and Management Development Training,EDUCATION/TRAINING- OTHER,USA,32608,Gainesville,FL,true,1,Jeremy Parrish,Jeremy.Parrish@va.gov,,,"Sep 14, 2026 03:17 PM UTC","Oct 6, 2026 12:00 AM UTC","Sep 14, 2026 03:17 PM UTC",active
248-NETWORK CONTRACT OFFICE 8 (36C248),36C248,3600,"VETERANS AFFAIRS, DEPARTMENT OF",36C24827Q0023,Solicitation,FY27 GNV Rebuild Cooling Towers,The Department of Veterans Affairs seeks a qualified contractor to provide repair and replacement services for cooling tower components and associa,"Sep 21, 2026 08:30 PM UTC",Service-Disabled Veteran-Owned Small Business (SDVOSB) Set-Aside (FAR 19.14),None,Industrial and Commercial Fan and Blower and Air Purification Equipment Manufacturing,"MAINT/REPAIR/REBUILD OF EQUIPMENT- REFRIGERATION, AIR CONDITIONING, AND AIR CIRC",USA,32608,Gainesville,FL,true,1,Jeremy Parrish,Jeremy.Parrish@va.gov,,,"Sep 14, 2026 03:48 PM UTC","Oct 6, 2026 12:00 AM UTC","Sep 14, 2026 03:48 PM UTC",active
"DLA AVIATION AT PHILADELPHIA, PA",SPRPA1,97AS,DEFENSE LOGISTICS AGENCY,SPRPA126QWB63,Solicitation,"TANK,FUEL,AIRCRAFT",ITEM UNIQUE IDENTIFICATION AND VALUATION (JAN 2023)|19||||||||||||||||||||\rINSPECTION OF SUPPLIES--FIXED-PRICE (AUG 1996)|2|||\rHIGHER-LEVEL CONTRACT Q,"Sep 21, 2026 08:30 PM UTC",,None,Other Aircraft Parts and Auxiliary Equipment Manufacturing,AIRFRAME STRUCTURAL COMPONENTS,,,,,false,2,Telephone: 2157370865,NASEEM.AOUN@DLA.MIL,,,"Sep 1, 2026 11:08 AM UTC","Oct 6, 2026 12:00 AM UTC","Sep 1, 2026 11:08 AM UTC",active
"DLA AVIATION AT PHILADELPHIA, PA",SPRPA1,97AS,DEFENSE LOGISTICS AGENCY,SPRPA126QWB76,Solicitation,"TANK,FUEL,AIRCRAFT",ITEM UNIQUE IDENTIFICATION AND VALUATION (JAN 2023)|19||||||||||||||||||||\rINSPECTION OF SUPPLIES--FIXED-PRICE (AUG 1996)|2|||\rHIGHER-LEVEL CONTRACT Q,"Sep 21, 2026 08:30 PM UTC",,None,Other Aircraft Parts and Auxiliary Equipment Manufacturing,AIRFRAME STRUCTURAL COMPONENTS,,,,,false,2,Telephone: 2157370865,NASEEM.AOUN@DLA.MIL,,,"Sep 1, 2026 11:23 AM UTC","Oct 6, 2026 12:00 AM UTC","Sep 1, 2026 11:23 AM UTC",active
"DLA AVIATION AT PHILADELPHIA, PA",SPRPA1,97AS,DEFENSE LOGISTICS AGENCY,SPRPA126QWB78,Solicitation,"FUEL CELL,AIRCRAFT,",ITEM UNIQUE IDENTIFICATION AND VALUATION (JAN 2023)|19||||||||||||||||||||\rINSPECTION OF SUPPLIES--FIXED-PRICE (AUG 1996)|2|||\rHIGHER-LEVEL CONTRACT Q,"Sep 21, 2026 08:30 PM UTC",,None,Other Aircraft Parts and Auxiliary Equipment Manufacturing,MISCELLANEOUS AIRCRAFT ACCESSORIES AND COMPONENTS,,,,,false,2,Telephone: 2157370865,NASEEM.AOUN@DLA.MIL,,,"Sep 1, 2026 10:52 AM UTC","Oct 6, 2026 12:00 AM UTC","Sep 1, 2026 10:52 AM UTC",active
"DLA AVIATION AT PHILADELPHIA, PA",SPRPA1,97AS,DEFENSE LOGISTICS AGENCY,SPRPA126QWC10,Solicitation,TRIM AIR PRESSURE R,ITEM UNIQUE IDENTIFICATION AND VALUATION (JAN 2023)|19||||||||||||||||||||\rHIGHER-LEVEL CONTRACT QUALITY REQUIREMENT|8|||x|AS/EN/JISQ 9100 or equivale,"Sep 21, 2026 08:30 PM UTC",,None,Other Aircraft Parts and Auxiliary Equipment Manufacturing,MISCELLANEOUS AIRCRAFT ACCESSORIES AND COMPONENTS,,,,,false,1,Telephone: 2157370865,NASEEM.AOUN@DLA.MIL,,,"Sep 9, 2026 11:01 AM UTC","Oct 6, 2026 12:00 AM UTC","Sep 9, 2026 11:01 AM UTC",active
"DLA AVIATION AT PHILADELPHIA, PA",SPRPA1,97AS,DEFENSE LOGISTICS AGENCY,SPRPA126QWC13,Solicitation,LANDING LIGHT POWER,ITEM UNIQUE IDENTIFICATION AND VALUATION (JAN 2023)|19||||||||||||||||||||\rHIGHER-LEVEL CONTRACT QUALITY REQUIREMENT|8|||x|AS/EN/JISQ 9100 or equivale,"Sep 21, 2026 08:30 PM UTC",,None,Other Aircraft Parts and Auxiliary Equipment Manufacturing,MISCELLANEOUS AIRCRAFT ACCESSORIES AND COMPONENTS,,,,,false,1,Telephone: 2157370865,NASEEM.AOUN@DLA.MIL,,,"Sep 9, 2026 10:51 AM UTC","Oct 6, 2026 12:00 AM UTC","Sep 9, 2026 10:51 AM UTC",active
"DLA AVIATION AT PHILADELPHIA, PA",SPRPA1,97AS,DEFENSE LOGISTICS AGENCY,SPRPA126QZC09,Solicitation,BLD AIR SHUTOFF VLV,ITEM UNIQUE IDENTIFICATION AND VALUATION (JAN 2023)|19||||||||||||||||||||\rHIGHER-LEVEL CONTRACT QUALITY REQUIREMENT|8|||X|TBD|||||\rWIDE AREA WORKFLOW,"Sep 21, 2026 08:30 PM UTC",,None,Other Aircraft Parts and Auxiliary Equipment Manufacturing,MISCELLANEOUS AIRCRAFT ACCESSORIES AND COMPONENTS,,,,,false,1,Telephone: 4457378863,DYLAN.KENDRA@DLA.MIL,,,"Sep 9, 2026 10:48 AM UTC","Oct 6, 2026 12:00 AM UTC","Sep 9, 2026 10:48 AM UTC",active
"DLA AVIATION AT PHILADELPHIA, PA",SPRPA1,97AS,DEFENSE LOGISTICS AGENCY,SPRPA126QZC10,Solicitation,"TRUSS ASSY,AIRCRAFT",ITEM UNIQUE IDENTIFICATION AND VALUATION (JAN 2023)|19||||||||||||||||||||\rHIGHER-LEVEL CONTRACT QUALITY REQUIREMENT|8|||X|TBD|||||\rWIDE AREA WORKFLOW,"Sep 21, 2026 08:30 PM UTC",,None,Other Aircraft Parts and Auxiliary Equipment Manufacturing,MISCELLANEOUS AIRCRAFT ACCESSORIES AND COMPONENTS,,,,,false,1,Telephone: 4457378863,DYLAN.KENDRA@DLA.MIL,,,"Sep 9, 2026 10:36 AM UTC","Oct 6, 2026 12:00 AM UTC","Sep 9, 2026 10:36 AM UTC",active
CURLEW JOB CORPS,1205G0,12C2,FOREST SERVICE,1282A726Q0038,Solicitation,"Electrical Services at CURLEW JOB CORPS CENTER, CURLEW, WA","This solicitation is for Electrical Services at CURLEW JOB CORPS CENTER, CURLEW, WA. The contract is subject to Service Contract Act","Sep 21, 2026 09:00 PM UTC",Total Small Business Set-Aside (FAR 19.5),None,Electrical Contractors and Other Wiring Installation Contractors,MAINT/REPAIR/REBUILD OF EQUIPMENT- ELECTRICAL AND ELECTRONIC EQUIPMENT COMPONENT,USA,99118,Curlew,WA,true,4,Gary Durham,Gary.durham@usda.gov,,,"Sep 14, 2026 01:28 PM UTC","Oct 6, 2026 12:00 AM UTC","Sep 14, 2026 01:28 PM UTC",active
CURLEW JOB CORPS,1205G0,12C2,FOREST SERVICE,1282A726Q0073,Solicitation,Curlew Job Corps HVAC Inspection and Service,"This solicitation is for HVAC SYSTEM MAINTENANCE AND REPAIR CURLEW JOB CORPS CENTER, CURLEW, WA. The contract is subject to Service Contr","Sep 21, 2026 09:00 PM UTC",Total Small Business Set-Aside (FAR 19.5),None,Electrical Contractors and Other Wiring Installation Contractors,MAINT/REPAIR/REBUILD OF EQUIPMENT- ELECTRICAL AND ELECTRONIC EQUIPMENT COMPONENT,USA,99118,Curlew,WA,true,4,Gary Durham,Gary.durham@usda.gov,,,"Sep 12, 2026 10:45 PM UTC","Oct 6, 2026 12:00 AM UTC","Sep 12, 2026 10:45 PM UTC",active
"FWS, GAOA",140FGA,1448,U.S. FISH AND WILDLIFE SERVICE,140FGA26Q0072,Solicitation,OK-WICHITA MTN REFG ASBESTOS ABATEMENT,"OK-WICHITA MOUNTAINS WILDLIFE REFUGE ASBESTOS ABATEMENT The US Fish and Wildlife Service, Wichita Mountains Wildlife Refuge, located in India","Sep 21, 2026 09:00 PM UTC",Total Small Business Set-Aside (FAR 19.5),None,Remediation Services,ENVIRONMENTAL SYSTEMS PROTECTION- ENVIRONMENTAL REMEDIATION,,,,,true,5,"Johnson, Nicole",nicole_johnson@ios.doi.gov,,,"Aug 24, 2026 08:33 PM UTC","Oct 30, 2026 12:00 AM UTC","Aug 24, 2026 08:33 PM UTC",active
"FWS, SAT TEAM 2",140FS2,1448,U.S. FISH AND WILDLIFE SERVICE,140FS226Q0197,Solicitation,TX- ARANSAS/MATAGORDA NWR-REPLACEMENT OF IMPACT-RE,TX- ARANSAS/MATAGORDA NWR-REPLACEMENT OF IMPACT-RESISTANT GLASS UNITS,"Sep 21, 2026 09:00 PM UTC",Total Small Business Set-Aside (FAR 19.5),None,Glass and Glazing Contractors,REPAIR OR ALTERATION OF OFFICE BUILDINGS,,,,,true,5,"Brown, Khalilah",khalilah_brown@fws.gov,,,"Sep 10, 2026 05:55 PM UTC","Oct 6, 2026 12:00 AM UTC","Sep 10, 2026 05:55 PM UTC",active
ALASKA REGIONAL OFFICE(97000),140P97,1443,NATIONAL PARK SERVICE,140P9726Q0071,Solicitation,GLBA UST CORRECTIVE ACTION,GLBA UST CORRECTIVE ACTION,"Sep 21, 2026 09:00 PM UTC",Total Small Business Set-Aside (FAR 19.5),None,Support Activities for Oil and Gas Operations,MAINTENANCE OF FUEL SUPPLY FACILITIES,,,,,true,5,"Bunch, Ronald",ronald_bunch@nps.gov,,,"Sep 13, 2026 03:38 PM UTC","Oct 6, 2026 12:00 AM UTC","Sep 13, 2026 03:38 PM UTC",active
256-NETWORK CONTRACT OFFICE 16 (36C256),36C256,3600,"VETERANS AFFAIRS, DEPARTMENT OF",36C25626R0037,Solicitation,Home Oxygen and Ventilator Services - VISN 16,Home Oxygen and Ventilator Services for VISN 16. All work to be performed IAW Performance Work Statement - Contract covers large geographical area,"Sep 21, 2026 09:00 PM UTC",Service-Disabled Veteran-Owned Small Business (SDVOSB) Set-Aside (FAR 19.14),None,Home Health Care Services,"MEDICAL AND SURGICAL INSTRUMENTS, EQUIPMENT, AND SUPPLIES",USA,39157,Ridgeland,MS,true,11,Luke Miles,luke.miles@va.gov,,,"Aug 27, 2026 04:42 PM UTC","Oct 6, 2026 12:00 AM UTC","Aug 27, 2026 04:42 PM UTC",active
697DCK REGIONAL ACQUISITIONS SVCS,697DCK,6920,FEDERAL AVIATION ADMINISTRATION,697DCK-25-R-00368,Solicitation,Printer Consumables for the Strategic Sourcing for the Acquisition of Various Supplies and Equipment (SAVES) Program,This public announcement is being issued in accordance with Section 3.2.1.3-11.1 of the Federal Aviation Administration (FAA) Acquisition Managemen,"Sep 21, 2026 09:00 PM UTC",Total Small Business Set-Aside (FAR 19.5),None,"Photographic Film, Paper, Plate, Chemical, and Copy Toner Manufacturing",PHOTOGRAPHIC SUPPLIES,USA,,,,true,11,Kay Morello,kay.f.morello@faa.gov,,,"Aug 12, 2026 07:23 PM UTC","Oct 6, 2026 12:00 AM UTC","Aug 12, 2026 07:23 PM UTC",active
"DLA AVIATION AT PHILADELPHIA, PA",SPRPA1,97AS,DEFENSE LOGISTICS AGENCY,SPRPA126RXA67,Solicitation,"58--RECEIVER TRANSMIT,A",ITEM UNIQUE IDENTIFICATION AND VALUATION (JAN 2023)|19||||||||||||||||||||rINSPECTION OF SUPPLIES--FIXED-PRICE (AUG 1996)|2|||rHIGHER-LEVEL CONTRACT Q,"Sep 21, 2026 09:00 PM UTC",,None,Other Communications Equipment Manufacturing,UNDERWATER SOUND EQUIPMENT,,,,,false,2,Telephone: 2157373832,MARY.LINDSAY@DLA.MIL,,,"May 14, 2026 10:13 AM UTC","Oct 6, 2026 12:00 AM UTC","May 14, 2026 10:13 AM UTC",active
"DLA AVIATION AT PHILADELPHIA, PA",SPRPA1,97AS,DEFENSE LOGISTICS AGENCY,SPRPA126RXA83,Solicitation,"58--RECEIVER TRANSMIT,A",ITEM UNIQUE IDENTIFICATION AND VALUATION (JAN 2023)|19||||||||||||||||||||rHIGHER-LEVEL CONTRACT QUALITY REQUIREMENT|8|||x|AS9100 or higher|||||rSTOP-,"Sep 21, 2026 09:00 PM UTC",,None,Other Communications Equipment Manufacturing,UNDERWATER SOUND EQUIPMENT,,,,,false,2,Telephone: 2157373832,MARY.LINDSAY@DLA.MIL,,,"May 14, 2026 10:11 AM UTC","Oct 6, 2026 12:00 AM UTC","May 14, 2026 10:11 AM UTC",active
ARIZONA STATE OFFICE,140L64,1422,BUREAU OF LAND MANAGEMENT,140L6426Q0029,Solicitation,VEHICLE TOWING AND SITE CLEANUP,VEHICLE TOWING AND SITE CLEANUP - BLM Yuma Field Office,"Sep 21, 2026 10:00 PM UTC",Total Small Business Set-Aside (FAR 19.5),None,Motor Vehicle Towing,TRANSPORTATION/TRAVEL/RELOCATION- TRANSPORTATION: OTHER,,,,,true,8,"Hariper, Lisa",lhariper@blm.gov,,,"Sep 8, 2026 10:46 PM UTC","Oct 6, 2026 12:00 AM UTC","Sep 8, 2026 10:46 PM UTC",active
FERMILAB - DOE CONTRACTOR,899034,8900,"ENERGY, DEPARTMENT OF",RFP_387087RLP,Solicitation,DUNE Residual Gas Analyzer Station,Please provide proposal for the attached request for proposals (RFP 387087RLP) for project “DUNE Residual Gas Analyzer Station” by the,"Sep 21, 2026 10:00 PM UTC",,None,All Other Miscellaneous Manufacturing,LABORATORY EQUIPMENT AND SUPPLIES,USA,57754,Lead,SD,true,3,Rhiannon Patterson,rhiannon@fnal.gov,,,"Sep 4, 2026 07:31 PM UTC","Sep 22, 2026 12:00 AM UTC","Sep 4, 2026 07:31 PM UTC",active
697DCK REGIONAL ACQUISITIONS SVCS,697DCK,6920,FEDERAL AVIATION ADMINISTRATION,697DCK-26-R-00425,Solicitation,Consolidated Elevator Maintenance at Kona & Honolulu ATCT,09/08/2026: Amendment 0001: The purpose of this amendment is to clarify that this solicitation is considered FULL AND OPEN COMPETITION. The solicit,"Sep 21, 2026 11:00 PM UTC",,None,Elevator and Moving Stairway Manufacturing,MAINT/REPAIR/REBUILD OF EQUIPMENT- MAINTENANCE AND REPAIR SHOP EQUIPMENT,USA,96819,Honolulu,HI,true,7,John Space,john.g-ctr.space@faa.gov,,,"Sep 8, 2026 11:46 PM UTC","Sep 25, 2026 12:00 AM UTC","Sep 8, 2026 11:46 PM UTC",active
FPAC BUS CNTR-MGMT SVS DIV,12FPAR,12D0,FARM PRODUCTION AND CONSERVATION BUSINESS CENTER,57-06101-26-FA,Solicitation,"United States Department of Agriculture Seeks to Lease Office Space in Yuba City, CA","The U.S. Department of Agriculture (USDA) seeks to lease the following space: City, State: Yuba C","Sep 22, 2026 12:00 AM UTC",,None,Lessors of Nonresidential Buildings (except Miniwarehouses),LEASE/RENTAL OF OFFICE BUILDINGS,USA,,Yuba City,CA,true,4,Rashid Jackson,rashid.jackson@usda.gov,,,"Aug 14, 2026 01:11 PM UTC","Oct 6, 2026 12:00 AM UTC","Aug 14, 2026 01:11 PM UTC",active
AMERICAN EMBASSY HONG KONG,19HK30,1900,"STATE, DEPARTMENT OF",19HK3026Q0023,Solicitation,U.S. Consulate General Hong Kong - Gardening Services for Consulate Building and 3 Barker Road Compound in Hong Kong,The U.S. Consulate General Hong Kong and Macau has a requirement for gardening services for US Consulate Office Building and 3 Barker Roa,"Sep 22, 2026 04:00 AM UTC",,None,Landscaping Services,OPERATION OF FAMILY HOUSING FACILITIES,HKG,,26 Garden Road and 3 Barker Road,N/A,true,2,Monica Edwards,EdwardsMN@state.gov,,,"Aug 14, 2026 04:27 AM UTC","Jan 30, 2027 12:00 AM UTC","Aug 14, 2026 04:27 AM UTC",active
AMERICAN CONSULATE CAPE TOWN,19SF20,1900,"STATE, DEPARTMENT OF",19SF2026Q0018,Solicitation,Request for quotes for Preventive Maintenance services for Consular Interview Audio System,"The U.S. Consulate General Cape Town, South Africa, invites quotations under Solicitation No. 19SF2026Q0018 for the prov","Sep 22, 2026 08:00 AM UTC",,None,Electronic and Precision Equipment Repair and Maintenance,MAINT/REPAIR/REBUILD OF EQUIPMENT- ELECTRICAL AND ELECTRONIC EQUIPMENT COMPONENT,ZAF,7945,Cape Town,ZA-WC,true,1,Natheer Ford,fordn@state.gov,,,"Aug 27, 2026 09:38 AM UTC","Oct 7, 2026 12:00 AM UTC","Aug 27, 2026 09:38 AM UTC",active
244-NETWORK CONTRACT OFFICE 4 (36C244),36C244,3600,"VETERANS AFFAIRS, DEPARTMENT OF",36C24426Q0932,Solicitation,"Emergency Power Supply System (EPSS) Maintenance, Load Testing, Repair, and Compliance Services","Provide testing instruments, diagnostic equipment, and incidentals necessary to perform complete preventive maintenance, inspection, operational te","Sep 22, 2026 02:00 PM UTC",Service-Disabled Veteran-Owned Small Business (SDVOSB) Sole Source (FAR 19.14),None,Commercial and Industrial Machinery and Equipment (except Automotive and Electronic) Repair and Maintenance,MAINT/REPAIR/REBUILD OF EQUIPMENT- ELECTRIC WIRE AND POWER DISTRIBUTION EQUIPMEN,USA,19104,Philadelphia,PA,true,3,Loretta Payne,loretta.payne@va.gov,,,"Sep 11, 2026 05:20 PM UTC","Oct 7, 2026 12:00 AM UTC","Sep 11, 2026 05:20 PM UTC",active
FA4407 375 CONS LGC,FA4407,5700,DEPT OF THE AIR FORCE,FA440727QTW02,Solicitation,Historical Archives Digitization,*** SOLICITATION AMENDMENT 0001 NOTICE *** This commercial solicitation (FA440727QTW02) is for a Firm-Fixed-Price contract to provide,"Sep 22, 2026 02:00 PM UTC",Total Small Business Set-Aside (FAR 19.5),None,"Computing Infrastructure Providers, Data Processing, Web Hosting, and Related Services",PHOTO/MAP/PRINT/PUBLICATION- OTHER,USA,62225,Scott Air Force Base,IL,true,12,Tymera Washington,tymera.washington@us.af.mil,,,"Sep 11, 2026 07:52 PM UTC","Oct 7, 2026 12:00 AM UTC","Sep 11, 2026 07:52 PM UTC",active
252-NETWORK CONTRACT OFFICE 12 (36C252),36C252,3600,"VETERANS AFFAIRS, DEPARTMENT OF",36C25226B0014-1,Solicitation,Z1DA--Upgrade Fire Alarm System Construction 676-22-110,"Contractor shall provide for and furnish all labor, materials, equipment, qualified supervision, and other items designated in this contract in acc","Sep 22, 2026 03:00 PM UTC",Service-Disabled Veteran-Owned Small Business (SDVOSB) Set-Aside (FAR 19.14),None,Electrical Contractors and Other Wiring Installation Contractors,MAINTENANCE OF HOSPITALS AND INFIRMARIES,USA,54660,Tomah,WI,true,19,Lynn Vander Velde,Lynn.VanderVelde@va.gov,,,"Sep 4, 2026 06:28 PM UTC","Nov 1, 2026 12:00 AM UTC","Sep 4, 2026 06:28 PM UTC",active
FWS SAT TEAM 3,140FS3,1448,U.S. FISH AND WILDLIFE SERVICE,140FS326Q0176,Solicitation,MD SPEC AGNT BALTIMORE - MOVING SERVICES,MD SPEC AGNT BALTIMORE - MOVING SERVICES,"Sep 22, 2026 04:00 PM UTC",Total Small Business Set-Aside (FAR 19.5),None,Used Household and Office Goods Moving,TRANSPORTATION/TRAVEL/RELOCATION- MOTOR POOL AND PACKING/CRATING: GBL/GTR PROCS,,,,,true,4,"Tyler, Jeremy",jeremy_tyler@ios.doi.gov,,,"Sep 8, 2026 06:55 PM UTC","Oct 7, 2026 12:00 AM UTC","Sep 8, 2026 06:55 PM UTC",active
244-NETWORK CONTRACT OFFICE 4 (36C244),36C244,3600,"VETERANS AFFAIRS, DEPARTMENT OF",36C24426Q0952,Solicitation,"J041--HVAC Equipment Preventative Maintenance, Inspection, and Repair Services | Erie, PA","Preventative Maintenance, Inspection, and Repair Services for Mitsubishi, Greenheck, and LG HVAC Equipment at the Erie VA Medical Center in Erie, P","Sep 22, 2026 04:00 PM UTC",Service-Disabled Veteran-Owned Small Business (SDVOSB) Set-Aside (FAR 19.14),None,Commercial and Industrial Machinery and Equipment (except Automotive and Electronic) Repair and Maintenance,"MAINT/REPAIR/REBUILD OF EQUIPMENT- REFRIGERATION, AIR CONDITIONING, AND AIR CIRC",USA,16504,Erie,PA,true,4,Christina Gennaoui,christina.gennaoui@va.gov,,,"Sep 10, 2026 06:27 PM UTC","Oct 7, 2026 12:00 AM UTC","Sep 10, 2026 06:27 PM UTC",active
BASE PORTSMOUTH(00027),70Z027,7008,U.S. COAST GUARD,70Z02726QPORT01258,Solicitation,USCG Base Portsmouth Elevator Monthly & Annual Inspection Services,Amendment 0002: Provide a clarification regarding a question and answer posted via amendment 0001. Amendment 0001: Provides answers t,"Sep 22, 2026 04:00 PM UTC",Total Small Business Set-Aside (FAR 19.5),None,Building Inspection Services,INSPECTION- MECHANICAL POWER TRANSMISSION EQUIPMENT,USA,,Portsmouth,VA,true,10,Frank Burton,frank.r.burton@uscg.mil,,,"Sep 14, 2026 06:33 PM UTC","Oct 7, 2026 12:00 AM UTC","Sep 14, 2026 06:33 PM UTC",active
FA4484 87 CONS PK,FA4484,5700,DEPT OF THE AIR FORCE,FA448426Q0044,Solicitation,JBMDL Post Office Dock Scissor Lift,Please see PWS for details.,"Sep 22, 2026 04:00 PM UTC",Total Small Business Set-Aside (FAR 19.5),None,"Industrial Truck, Tractor, Trailer, and Stacker Machinery Manufacturing",MISCELLANEOUS MATERIALS HANDLING EQUIPMENT,USA,08641,Joint Base MDL,NJ,false,6,John Cejka,john.cejka@us.af.mil,,,"Aug 27, 2026 09:05 PM UTC","Oct 7, 2026 12:00 AM UTC","Aug 27, 2026 09:05 PM UTC",active
241-NETWORK CONTRACT OFFICE 01 (36C241),36C241,3600,"VETERANS AFFAIRS, DEPARTMENT OF",36C24126Q0472,Solicitation,Z2NZ--631-19-002 Upgrade Steam Distribution System Phase II Solicitation | Amendment 001,631-19-002 Upgrade Steam Distribution System Phase 2 Solicitation. This requirement is only available to contractors currently on the PCAC VISN 1 C,"Sep 22, 2026 05:00 PM UTC",Service-Disabled Veteran-Owned Small Business (SDVOSB) Sole Source (FAR 19.14),None,Commercial and Institutional Building Construction,REPAIR OR ALTERATION OF OTHER UTILITIES,USA,01053,Leeds,MA,true,8,Brian Kelly,Brian.Kelly@va.gov,,,"Sep 1, 2026 12:39 PM UTC","Dec 31, 2026 12:00 AM UTC","Sep 1, 2026 12:39 PM UTC",active
261-NETWORK CONTRACT OFFICE 21 (36C261),36C261,3600,"VETERANS AFFAIRS, DEPARTMENT OF",36C26126Q1067_1,Solicitation,H312--Fire Door Inspection and Repair Service,"See Schedule, Performance Work Statement and Attachments and Amendment for details","Sep 22, 2026 05:00 PM UTC",Service-Disabled Veteran-Owned Small Business (SDVOSB) Set-Aside (FAR 19.14),None,Building Inspection Services,INSPECTION- FIRE CONTROL EQUIPMENT,USA,94304,Palo Alto,CA,true,17,Gary W Christensen,Gary.Christensen@va.gov,,,"Sep 10, 2026 08:49 PM UTC","Oct 7, 2026 12:00 AM UTC","Sep 10, 2026 08:49 PM UTC",active
261-NETWORK CONTRACT OFFICE 21 (36C261),36C261,3600,"VETERANS AFFAIRS, DEPARTMENT OF",36C26126Q1167,Solicitation,J012--Fire Damper Inspection Repairs VA Central California Healthcare System,Fire Damper Repairs for Deficiencies of Fire Damper Inspections at VA Central California Healthcare System.,"Sep 22, 2026 05:00 PM UTC",Total Small Business Set-Aside (FAR 19.5),None,Commercial and Industrial Machinery and Equipment (except Automotive and Electronic) Repair and Maintenance,MAINT/REPAIR/REBUILD OF EQUIPMENT- FIRE CONTROL EQUIPMENT,USA,93703,Fresno,CA,true,2,John D. Waldrip III,john.waldrip@va.gov,,,"Sep 9, 2026 09:03 PM UTC","Oct 7, 2026 12:00 AM UTC","Sep 9, 2026 09:03 PM UTC",active
FA4661 7 CONS CD,FA4661,5700,DEPT OF THE AIR FORCE,FA466126R0011,Solicitation,Building 4311 Windows Replacement,Project Title: Replace Window B4311 Project Location: Dyess AFB Project Title: B4311 Window Replacement Project Location: Dyess AFB<b,"Sep 22, 2026 05:00 PM UTC",Total Small Business Set-Aside (FAR 19.5),None,Commercial and Institutional Building Construction,REPAIR OR ALTERATION OF RESTORATION OF REAL PROPERTY (PUBLIC OR PRIVATE),USA,79607,Dyess AFB,TX,true,4,Caden Trujillo,caden.trujillo@us.af.mil,,,"Sep 2, 2026 02:27 PM UTC","Oct 7, 2026 12:00 AM UTC","Sep 2, 2026 02:27 PM UTC",active
FA4528 5 CONS,FA4528,5700,DEPT OF THE AIR FORCE,FA452826Q0010,Solicitation,EOD Nuclear Response Trailer,"This requirement is for the procurement of one (1) new, custom-manufactured 46 - 50 foot Gooseneck EOD Nuclear Response Trailer. This unit is a hig","Sep 22, 2026 06:00 PM UTC",Total Small Business Set-Aside (FAR 19.5),None,Travel Trailer and Camper Manufacturing,TRAILERS,USA,58703,Minot AFB,ND,true,5,Sherry L. Platt,sherry.platt.1@us.af.mil,,,"Sep 2, 2026 05:49 PM UTC","Oct 7, 2026 12:00 AM UTC","Sep 2, 2026 05:49 PM UTC",active
FA3099 47 CONF CC,FA3099,5700,DEPT OF THE AIR FORCE,FA309926Q0021,Solicitation,RENOVATE RUNWAY CONTROL STRUCTURE B1776,Solicitation number FA309926Q0021 is issued as a request for quotation (RFQ). The project is a design-build construction contract for the c,"Sep 22, 2026 07:00 PM UTC",Total Small Business Set-Aside (FAR 19.5),None,Commercial and Institutional Building Construction,REPAIR OR ALTERATION OF MISCELLANEOUS BUILDINGS,USA,78843,Laughlin AFB,TX,true,11,Tyler Adamich,tyler.adamich.1@us.af.mil,,,"Sep 10, 2026 04:38 PM UTC","Oct 7, 2026 12:00 AM UTC","Sep 10, 2026 04:38 PM UTC",active
244-NETWORK CONTRACT OFFICE 4 (36C244),36C244,3600,"VETERANS AFFAIRS, DEPARTMENT OF",36C24426R0139,Solicitation,Z1DA--| SOL| NRM| 646-21-101 UD SPS AHU & RO Upgrade Construction (VA-26-00036217),"This is an unrestricted procurement for Construction Services allowing for all businesses, regardless of size, to propose.Please see attached SF 14","Sep 22, 2026 08:00 PM UTC",,None,Commercial and Institutional Building Construction,MAINTENANCE OF HOSPITALS AND INFIRMARIES,USA,15215,Pittsburgh,PA,true,25,Amanda.Murphy5@va.gov,amanda.murphy5@va.gov,,,"Sep 4, 2026 03:23 PM UTC","Oct 7, 2026 12:00 AM UTC","Sep 4, 2026 03:23 PM UTC",active
697DCK REGIONAL ACQUISITIONS SVCS,697DCK,6920,FEDERAL AVIATION ADMINISTRATION,697DCK-26-R-00422,Solicitation,Localizer Platform Refurbishment Project,"The Federal Aviation Administration (FAA), AAQ-5A0 has a requirement to provide all labor, tools, equipment, materials, transportation, clean up, a","Sep 22, 2026 09:00 PM UTC",Total Small Business Set-Aside (FAR 19.5),None,Framing Contractors,MAINTENANCE OF AIR TRAFFIC CONTROL TOWERS,USA,38572,Crossville,TN,true,6,Regina Singleton,regina.singleton@faa.gov,,,"Sep 3, 2026 09:47 PM UTC","Oct 5, 2026 12:00 AM UTC","Sep 3, 2026 09:47 PM UTC",active
DLA LAND AT ABERDEEN,SPRBL1,97AS,DEFENSE LOGISTICS AGENCY,SPRBL126RA001,Solicitation,AFOCAL Lens,This Request for Proposal (RFP) is for a one-time Firm-Fixed Price definite quantity purchase order. This procurement will be conducted und,"Sep 22, 2026 09:00 PM UTC",,None,Commercial and Service Industry Machinery Manufacturing,"OPTICAL INSTRUMENTS, TEST EQUIPMENT, COMPONENTS AND ACCESSORIES",USA,,Tobyhanna,PA,true,2,Shawn Lyttle,shawn.lyttle@dla.mil,,,"Aug 28, 2026 06:08 PM UTC","Oct 7, 2026 12:00 AM UTC","Aug 28, 2026 06:08 PM UTC",active
ARGONNE NATL LAB - DOE CONTRACTOR,899031,8900,"ENERGY, DEPARTMENT OF",6-S176-Q-00443-00,Solicitation,Streak Camera,"*EVALUATION IS BASED ON LOWEST PRICE, TECHNICALLY ACCEPTABLE CRITERIA* Argonne National Laboratory is seeking a","Sep 22, 2026 10:00 PM UTC",,None,Analytical Laboratory Instrument Manufacturing,LABORATORY EQUIPMENT AND SUPPLIES,USA,60439,Lemont,IL,true,4,Molly Hunter,mollyhunter@anl.gov,,,"Sep 14, 2026 10:42 PM UTC","Sep 22, 2026 12:00 AM UTC","Sep 14, 2026 10:42 PM UTC",active
FA5004 354 CONS PK,FA5004,5700,DEPT OF THE AIR FORCE,FA500426R0026,Solicitation,Range Training Officer (IDIQ),"Solutions focused primarily on Red Flag-AK, Northern Edge, and other exercises supported by 353 CTS enterprise, with support to Red Flag-Nellis and ot","Sep 23, 2026 01:00 AM UTC",Total Small Business Set-Aside (FAR 19.5),None,Flight Training,EDUCATION/TRAINING- COMBAT,,99702,,,true,4,Daniel Dodson,daniel.dodson.1@us.af.mil,,,"Sep 14, 2026 10:42 PM UTC","Oct 30, 2026 12:00 AM UTC","Sep 14, 2026 10:42 PM UTC",active
0409 AQ HQ CONTRACT,W912PB,2100,DEPT OF THE ARMY,W912PB26QA093,Solicitation,Purchase of 2 Sewer Cleaning and Sludge Disposal Pump Trucks,This solicitation is for a contractor to provide two High-Pressure Flushing and Suction-Pressure Tanker trucks. These vehicles are intended for a r,"Sep 23, 2026 08:00 AM UTC",,None,Heavy Duty Truck Manufacturing,"TRUCKS AND TRUCK TRACTORS, WHEELED",DEU,92655,Vilseck,DE-BY,true,4,Yohannes Tekola,yohannes.s.tekola.mil@army.mil,,,"Sep 10, 2026 01:55 PM UTC","Oct 8, 2026 12:00 AM UTC","Sep 10, 2026 01:55 PM UTC",active
250-NETWORK CONTRACT OFFICE 10 (36C250),36C250,3600,"VETERANS AFFAIRS, DEPARTMENT OF",36C25026Q0982,Solicitation,Air Emissions Inventory & Compliance Assessment,Air Emissions Inventory & Compliance Assessment for the VA Northern Indiana Health Care System (VANIHCS). Offers are due by S,"Sep 23, 2026 01:00 PM UTC",Service-Disabled Veteran-Owned Small Business (SDVOSB) Set-Aside (FAR 19.14),None,Environmental Consulting Services,ENVIRONMENTAL SYSTEMS PROTECTION- AIR QUALITY SUPPORT,USA,46805,Fort Wayne,IN,true,2,Janel Tate,Janel.tate-montgomery@va.gov,,,"Sep 14, 2026 03:39 PM UTC","Oct 8, 2026 12:00 AM UTC","Sep 14, 2026 03:39 PM UTC",active
DEF ADVANCED RESEARCH PROJECTS AGCY,HR0011,97AE,DEFENSE ADVANCED RESEARCH PROJECTS AGENCY (DARPA),DARPA-PS-26-127,Solicitation,Perrseus,The Defense Advanced Research Projects Agency (DARPA) is soliciting innovative proposals that enable compact cold-atom devices and environmentally-dec,"Sep 23, 2026 01:00 PM UTC",,None,"Research and Development in the Physical, Engineering, and Life Sciences (except Nanotechnology and Biotechnology)",NATIONAL DEFENSE R&D SERVICES; DEPARTMENT OF DEFENSE - MILITARY; APPLIED RESEARC,,,,,true,27,Perrseus PS Coordinator,Perrseus@darpa.mil,,,"Sep 14, 2026 07:22 PM UTC","Oct 24, 2026 12:00 AM UTC","Sep 14, 2026 07:22 PM UTC",active
246-NETWORK CONTRACTING OFFICE 6 (36C246),36C246,3600,"VETERANS AFFAIRS, DEPARTMENT OF",36C24626B0036,Solicitation,Z1DA--Renovate Patient Restrooms,See Statement of Work and attachments.,"Sep 23, 2026 02:00 PM UTC",,None,Commercial and Institutional Building Construction,MAINTENANCE OF HOSPITALS AND INFIRMARIES,USA,24153,,VA,true,7,Chanel C Johnson,Chanel.Johnson@va.gov,,,"Sep 14, 2026 05:35 PM UTC","Dec 24, 2026 12:00 AM UTC","Sep 14, 2026 05:35 PM UTC",active
252-NETWORK CONTRACT OFFICE 12 (36C252),36C252,3600,"VETERANS AFFAIRS, DEPARTMENT OF",36C25226B0036,Solicitation,Y1DZ--556-25-102 Green House Homes Steam (VA-26-00036216),"Contractor shall provide all tools, materials, labor, quality assurance, and supervision for renovations resulting in a complete, compliant, and fu","Sep 23, 2026 02:00 PM UTC",Service-Disabled Veteran-Owned Small Business (SDVOSB) Set-Aside (FAR 19.14),None,"Plumbing, Heating, and Air-Conditioning Contractors",CONSTRUCTION OF OTHER HOSPITAL BUILDINGS,USA,60064,North Chicago,IL,true,7,Melanie A Dewing,Melanie.Dewing@va.gov,,,"Aug 25, 2026 07:07 PM UTC","Oct 8, 2026 12:00 AM UTC","Aug 25, 2026 07:07 PM UTC",active
252-NETWORK CONTRACT OFFICE 12 (36C252),36C252,3600,"VETERANS AFFAIRS, DEPARTMENT OF",36C25226Q0629,Solicitation,Chiller Maintenance,Provide preventative maintenance services for the chiller systems located throughout the Tomah VA Medical Center.,"Sep 23, 2026 02:00 PM UTC",Service-Disabled Veteran-Owned Small Business (SDVOSB) Set-Aside (FAR 19.14),None,"Plumbing, Heating, and Air-Conditioning Contractors","MAINT/REPAIR/REBUILD OF EQUIPMENT- REFRIGERATION, AIR CONDITIONING, AND AIR CIRC",USA,,Tomah,WI,true,2,Lori Eastmead,lori.eastmead@va.gov,,,"Sep 11, 2026 07:10 PM UTC","Dec 22, 2026 12:00 AM UTC","Sep 11, 2026 07:10 PM UTC",active
FA5587 48 CONS,FA5587,5700,DEPT OF THE AIR FORCE,FA558726Q0061,Solicitation,48 LRS - Gooseneck Trailer,"The 48th Logistics Readiness Squadron, Ground Transportation Element requires one (1) HGV Low Loader Trailer to support mission-critical transporta","Sep 23, 2026 02:00 PM UTC",,None,Commercial and Service Industry Machinery Manufacturing,TRAILERS,GBR,,Lakenheath,GB-SFK,true,3,TSgt Christian Cuevas,christian.cuevas@us.af.mil,,,"Sep 3, 2026 03:44 PM UTC","Oct 8, 2026 12:00 AM UTC","Sep 3, 2026 03:44 PM UTC",active
FEDERAL DEPOSIT INSURANCE CORPORATION,F05603,5100,FEDERAL DEPOSIT INSURANCE CORPORATION,CORHQ-26-Q-0369,Solicitation,FedRAMP Webex Subscription Maintenance,FDIC Solicitation Number CORHQ-26-Q-0369: FedRAMP Webex Subscription Maintenance,"Sep 23, 2026 04:00 PM UTC",,None,Other Computer Related Services,IT AND TELECOM - OTHER DATA CENTER FACILITIES PRODUCTS (HARDWARE AND PERPETUAL L,USA,22226,Arlington,VA,true,2,Christina V. Brooks,chrbrooks@fdic.gov,,,"Sep 9, 2026 03:48 PM UTC","Oct 8, 2026 12:00 AM UTC","Sep 9, 2026 03:48 PM UTC",active
FA6606 439 CONF PK,FA6606,5700,DEPT OF THE AIR FORCE,FA660626Q0033,Solicitation,High Reach Genie Services,"09/14/2026 **RFI added to attachments, Update WD, Update price sheet, Update visible version of PWS** This is a solici","Sep 23, 2026 04:00 PM UTC",Total Small Business Set-Aside (FAR 19.5),None,Commercial and Industrial Machinery and Equipment (except Automotive and Electronic) Repair and Maintenance,MAINT/REPAIR/REBUILD OF EQUIPMENT- MATERIALS HANDLING EQUIPMENT,USA,01022,Chicopee,MA,true,8,Robert E. Stacy,robert.stacy.2@us.af.mil,,,"Sep 14, 2026 02:07 PM UTC","Oct 8, 2026 12:00 AM UTC","Sep 14, 2026 02:07 PM UTC",active
FPS EAST CCG DIV 2 ACQ DIV,70RFP2,7001,OFFICE OF PROCUREMENT OPERATIONS,70RFP226QEC000005,Solicitation,Corrective and Preventative Maintenance of Electronic Security Systems at the Ronald Reagan Building,"RFQ Amendment 0002 has been posted below. Furthermore, industry questions and answers are forthcoming based on the questions received from","Sep 23, 2026 05:00 PM UTC",SBA Certified Women-Owned Small Business (WOSB) Program Set-Aside (FAR 19.15),None,Security Systems Services (except Locksmiths),"MAINT/REPAIR/REBUILD OF EQUIPMENT- ALARM, SIGNAL, AND SECURITY DETECTION SYSTEMS",USA,,Washington,DC,true,3,Christopher Kelly,Christopher.Kelly@fps.dhs.gov,,,"Sep 10, 2026 03:49 PM UTC","Oct 8, 2026 12:00 AM UTC","Sep 10, 2026 03:49 PM UTC",active
252-NETWORK CONTRACT OFFICE 12 (36C252),36C252,3600,"VETERANS AFFAIRS, DEPARTMENT OF",36C25226B0038,Solicitation,Z1DA--550-27-111 B58 Roof Repair,Project 550-27-111 B58 Roof Repair Amendment 0001 (See Attachement),"Sep 23, 2026 06:00 PM UTC",Service-Disabled Veteran-Owned Small Business (SDVOSB) Set-Aside (FAR 19.14),None,Roofing Contractors,MAINTENANCE OF HOSPITALS AND INFIRMARIES,USA,61832,Danville,IL,true,6,Amber Jendrzejek,Amber.Jendrzejek@va.gov,,,"Sep 8, 2026 06:15 PM UTC","Dec 15, 2026 12:00 AM UTC","Sep 8, 2026 06:15 PM UTC",active
"DLA AVIATION AT PHILADELPHIA, PA",SPRPA1,97AS,DEFENSE LOGISTICS AGENCY,SPRPA126RVC02,Solicitation,"81--NRP,SHIPPING AND ST",CONTACT INFORMATION|4|APAC.41|XAC|4457371701|MAKAYLA.HAUSER@DLA.MIL|\rITEM UNIQUE IDENTIFICATION AND VALUATION (JAN 2023)|19||||||||||||||||||||\rHIGHER,"Sep 23, 2026 06:00 PM UTC",,None,Other Metal Container Manufacturing,SPECIALIZED SHIPPING AND STORAGE CONTAINERS,,,,,false,3,Telephone: 4457373493,MAKAYLA.HAUSER@DLA.MIL,,,"Sep 10, 2026 11:02 AM UTC","Oct 8, 2026 12:00 AM UTC","Sep 10, 2026 11:02 AM UTC",active
ACQUISITIONS - AQM MOMENTUM,19AQMM,1900,"STATE, DEPARTMENT OF",19AQMM26Q0429_FRC_Training_Skills_Class_Reno,Solicitation,Florida Regional Center Training Skills Class Renovation,**Amendment 03 - Revise terms and conditions. Removes need for FCL at the time of proposal submission** **Amendment 02 - Add Attachment 6 a,"Sep 23, 2026 07:00 PM UTC",Total Small Business Set-Aside (FAR 19.5),None,Commercial and Institutional Building Construction,CONSTRUCTION OF OFFICE BUILDINGS,USA,33309,,FL,true,11,Ryan C. Edwards,Edwardsrc@state.gov,,,"Sep 8, 2026 06:18 PM UTC","Oct 8, 2026 12:00 AM UTC","Sep 8, 2026 06:18 PM UTC",active
255-NETWORK CONTRACT OFFICE 15 (36C255),36C255,3600,"VETERANS AFFAIRS, DEPARTMENT OF",36C25526R0162,Solicitation,657-26-602 Create Observation Unit JC,Amendment 0002 is issued. Please see amendment 0002 in attachment section and associated documents. The proposal due date has changed,"Sep 23, 2026 07:00 PM UTC",Service-Disabled Veteran-Owned Small Business (SDVOSB) Sole Source (FAR 19.14),None,Commercial and Institutional Building Construction,REPAIR OR ALTERATION OF HOSPITALS AND INFIRMARIES,USA,63125,Saint Louis,MO,true,6,Gislaine Dorvil,Gislaine.Dorvil@va.gov,,,"Aug 27, 2026 06:13 PM UTC","Oct 8, 2026 12:00 AM UTC","Aug 27, 2026 06:13 PM UTC",active
FA4803 20 CONS LGCA,FA4803,5700,DEPT OF THE AIR FORCE,FA480326B0017,Solicitation,Repair Fire House Kitchen B708,This is a construction requirement for the repair of the Fire House Kitchen B708.Period of Performance: 90 Calendar Days after Notice to Proceed issua,"Sep 23, 2026 07:00 PM UTC",Total Small Business Set-Aside (FAR 19.5),None,Commercial and Institutional Building Construction,REPAIR OR ALTERATION OF MISCELLANEOUS BUILDINGS,,29152,,,true,4,Carlos Griggs,carlos.griggs.1@us.af.mil,,,"Sep 9, 2026 06:35 PM UTC","Sep 9, 2027 12:00 AM UTC","Sep 9, 2026 06:35 PM UTC",active
FA4819 325 CONS PKP,FA4819,5700,DEPT OF THE AIR FORCE,FA481926R0040,Solicitation,FA481926R0040 - Maintenance Dredging at Tyndall,"Provide all labor, equipment, and materials for maintenance dredging, pre/post-hydrographic surveys, and material disposal per the 100% design specs (","Sep 23, 2026 07:00 PM UTC",Total Small Business Set-Aside (FAR 19.5),None,Other Heavy and Civil Engineering Construction,MAINTENANCE OF DREDGING FACILITIES,,32403,,,true,4,Bobby Jo Mathes,bobby.mathes@us.af.mil,,,"Sep 9, 2026 07:54 PM UTC","Sep 9, 2027 12:00 AM UTC","Sep 9, 2026 07:54 PM UTC",active
ACQUISITIONS - AQM MOMENTUM,19AQMM,1900,"STATE, DEPARTMENT OF",19AQMM26R0459,Solicitation,FASTC Barrier Replacement,*** 09/14/26 - Solicitation Posted ***,"Sep 23, 2026 08:00 PM UTC",Total Small Business Set-Aside (FAR 19.5),None,Commercial and Institutional Building Construction,"MODIFICATION OF EQUIPMENT- CONSTRUCTION, MINING, EXCAVATING, AND HIGHWAY MAINTEN",USA,,Blackstone,VA,true,6,Coy Brown,browncl1@state.gov,,,"Sep 14, 2026 07:15 PM UTC","Oct 8, 2026 12:00 AM UTC","Sep 14, 2026 07:15 PM UTC",active
244-NETWORK CONTRACT OFFICE 4 (36C244),36C244,3600,"VETERANS AFFAIRS, DEPARTMENT OF",36C24426R0054,Solicitation,"Huntsville, Alabama Women's Health Clinic Lease",Please see attached solicitation documents.,"Sep 23, 2026 08:00 PM UTC",,None,Lessors of Nonresidential Buildings (except Miniwarehouses),LEASE/RENTAL OF OTHER HOSPITAL BUILDINGS,USA,35805,Huntsville,AL,true,20,Joel Garceau,joel.garceau@va.gov,,,"Aug 24, 2026 05:00 PM UTC","Oct 8, 2026 12:00 AM UTC","Aug 24, 2026 05:00 PM UTC",active
257-NETWORK CONTRACT OFFICE 17 (36C257),36C257,3600,"VETERANS AFFAIRS, DEPARTMENT OF",36C25727Q0011,Solicitation,CTX Patient Ceiling Lifts,solicitation attached.,"Sep 23, 2026 08:00 PM UTC",Service-Disabled Veteran-Owned Small Business (SDVOSB) Set-Aside (FAR 19.14),None,Surgical Appliance and Supplies Manufacturing,"INSPECTION- MEDICAL, DENTAL, AND VETERINARY EQUIPMENT AND SUPPLIES",USA,76504,Temple,TX,true,1,Crystal Carabajal,crystal.carabajal@va.gov,,,"Sep 3, 2026 06:38 PM UTC","Oct 8, 2026 12:00 AM UTC","Sep 3, 2026 06:38 PM UTC",active
FA4484 87 CONS PK,FA4484,5700,DEPT OF THE AIR FORCE,FA448426R0001,Solicitation,USAF EOS Fieldcraft Training Support Services FY27-FY32,"The purpose of amendment 0005 to RFP FA448426R0001 is to EXTEND the solicitation closing date from 09 SEP 2026 at 4:00PM to Wednesday, SEPT","Sep 23, 2026 08:00 PM UTC",Service-Disabled Veteran-Owned Small Business (SDVOSB) Set-Aside (FAR 19.14),None,All Other Miscellaneous Schools and Instruction,EDUCATION/TRAINING- OTHER,USA,08641,,NJ,true,22,Christina Vargas,christina.vargas.1@us.af.mil,,,"Sep 9, 2026 05:43 PM UTC","Oct 8, 2026 12:00 AM UTC","Sep 9, 2026 05:43 PM UTC",active
FA4626 341 CONS LGC,FA4626,5700,DEPT OF THE AIR FORCE,FA462626R0016,Solicitation,Maintain Exterior Finishes,"Description of work: Project titled “Maintain Exterior Finishes” includes constructing, maintaining and repairing the exterior of build","Sep 23, 2026 08:00 PM UTC",Total Small Business Set-Aside (FAR 19.5),None,Commercial and Institutional Building Construction,REPAIR OR ALTERATION OF MISCELLANEOUS BUILDINGS,USA,59402,Malmstrom AFB,MT,true,24,Kyler D. Henderson,kyler.henderson@us.af.mil,,,"Sep 14, 2026 05:18 PM UTC","Oct 8, 2026 12:00 AM UTC","Sep 14, 2026 05:18 PM UTC",active
FA4800 633 CONS PKP,FA4800,5700,DEPT OF THE AIR FORCE,FA480026Q0124,Solicitation,1 FW Network Install,"The contractor shall provide all management, transportation, tools, supplies, equipment, and labor necessary to install Network Infrastructure, Blu","Sep 23, 2026 08:00 PM UTC",Total Small Business Set-Aside (FAR 19.5),None,Electrical Contractors and Other Wiring Installation Contractors,INSTALLATION OF EQUIPMENT- ELECTRICAL AND ELECTRONIC EQUIPMENT COMPONENTS,USA,23665,Langley AFB,VA,true,5,Sigourney Rosario,sigourney.rosario@us.af.mil,,,"Sep 11, 2026 02:53 PM UTC","Oct 8, 2026 12:00 AM UTC","Sep 11, 2026 02:53 PM UTC",active
"FWS, GAOA",140FGA,1448,U.S. FISH AND WILDLIFE SERVICE,140FGA26Q0074,Solicitation,MT-BOWDOIN NWR-HQ OFFICE FLOORS,"MT-BOWDOIN NATIONAL WILDLIFE REFUGE The US Fish and Wildlife Service, Bowdoin National Wildlife Refuge, located in Malta, Phillips County, Mo","Sep 23, 2026 09:00 PM UTC",Total Small Business Set-Aside (FAR 19.5),None,Flooring Contractors,REPAIR OR ALTERATION OF OFFICE BUILDINGS,,,,,true,5,"Johnson, Nicole",nicole_johnson@ios.doi.gov,,,"Aug 26, 2026 11:19 PM UTC","Oct 8, 2026 12:00 AM UTC","Aug 26, 2026 11:19 PM UTC",active
BASE ALAMEDA(00031),70Z031,7008,U.S. COAST GUARD,31090PR260000382,Solicitation,Painting of Stairwells in Building 18 on Coast Guard Island,This requirement is set aside for small businesses. One site visit shall be held for this requirement; please contact the contract,"Sep 23, 2026 09:00 PM UTC",Total Small Business Set-Aside (FAR 19.5),None,Painting and Wall Covering Contractors,MAINTENANCE OF OTHER ADMINISTRATIVE FACILITIES AND SERVICE BUILDINGS,USA,94501,Alameda,CA,true,4,Shawn Jenkins,shawn.t.jenkins@uscg.mil,,,"Sep 12, 2026 05:36 AM UTC","Oct 8, 2026 12:00 AM UTC","Sep 12, 2026 05:36 AM UTC",active
BASE ALAMEDA(00031),70Z031,7008,U.S. COAST GUARD,31090PR260000383,Solicitation,Replace Rollup Doors for Building 42 on Coast Guard Island,This requirement is set aside for small businesses. One site visit shall be held for this requirement; please contact the contract,"Sep 23, 2026 09:00 PM UTC",Total Small Business Set-Aside (FAR 19.5),None,Other Building Equipment Contractors,REPAIR OR ALTERATION OF OTHER ADMINISTRATIVE FACILITIES AND SERVICE BUILDINGS,USA,94501,Alameda,CA,true,4,Shawn Jenkins,shawn.t.jenkins@uscg.mil,,,"Sep 11, 2026 10:17 PM UTC","Oct 8, 2026 12:00 AM UTC","Sep 11, 2026 10:17 PM UTC",active
FEDERAL CIRCUIT COURT OF APPEALS,103261,1027,ADMINISTRATIVE OFFICE OF THE U.S. COURTS,CAFC26-0013,Solicitation,Architect & Engineering Services CFAC FY26,"The United States Court of Appeals for the Federal Circuit (CAFC) requires Architect-Engineer (A/E) services to evaluate, plan, and design the repu","Sep 23, 2026 09:00 PM UTC",,None,"Architectural, Engineering, and Related Services",ARCHITECT AND ENGINEERING- CONSTRUCTION: OFFICE BUILDINGS,USA,20439,,DC,false,5,Procurement Department,pcs@cafc.uscourts.gov,,,"Sep 2, 2026 06:59 PM UTC","Oct 8, 2026 12:00 AM UTC","Sep 2, 2026 06:59 PM UTC",active
FA4855 27 SOCONS LGC,FA4855,5700,DEPT OF THE AIR FORCE,FA485526Q0072,Solicitation,Exhaust Troubleshooting,"Amendment 1: The purpose of this amendment is to change an error in ""Section 3: Instructions to Offereors - Commercial Products and Services&q","Sep 23, 2026 09:00 PM UTC",Total Small Business Set-Aside (FAR 19.5),None,Electrical Contractors and Other Wiring Installation Contractors,MAINT/REPAIR/REBUILD OF EQUIPMENT- ELECTRIC WIRE AND POWER DISTRIBUTION EQUIPMEN,USA,88103,Cannon AFB,NM,true,8,Jonathan Henry,jonathan.henry.14@us.af.mil,,,"Sep 14, 2026 03:47 PM UTC","Oct 8, 2026 12:00 AM UTC","Sep 14, 2026 03:47 PM UTC",active
FERMILAB - DOE CONTRACTOR,899034,8900,"ENERGY, DEPARTMENT OF",ISD-381401-RO,Solicitation,Fire Sprinkler Repair_XGal_IB2A_Lab1_MI50,"To All Prospective Offerors, Fermi Forward Discovery Group, LLC (FFDG) is seeking a contractor for Fire Sprinkler Repair_X","Sep 23, 2026 09:00 PM UTC",Total Small Business Set-Aside (FAR 19.5),None,"Plumbing, Heating, and Air-Conditioning Contractors",MAINTENANCE OF OFFICE BUILDINGS,USA,60510,Batavia,IL,true,18,Ryan O'Sullivan,ryanosul@fnal.gov,,,"Sep 9, 2026 02:59 PM UTC","Oct 8, 2026 12:00 AM UTC","Sep 9, 2026 02:59 PM UTC",active
246-NETWORK CONTRACTING OFFICE 6 (36C246),36C246,3600,"VETERANS AFFAIRS, DEPARTMENT OF",36C24626Q1007,Solicitation,J046--Water Treatment & Maintenance BASE 2 YEAR OPTION,"SOLICITATION FOR WATER TREATMENT AND MAINTENANCE AMENDMENT TO ADD A SITE VISIT, QUESTION DUE DATE, ANSWER QUESTIONS AND EXTEND THE QUOTE DU","Sep 24, 2026 01:00 PM UTC",,None,Water Supply and Irrigation Systems,MAINT/REPAIR/REBUILD OF EQUIPMENT- WATER PURIFICATION AND SEWAGE TREATMENT EQUIP,USA,28144,Salisbury,NC,true,3,Amy L Balicat,Amy.Balicat@va.gov,,,"Sep 8, 2026 06:17 PM UTC","Sep 30, 2026 12:00 AM UTC","Sep 8, 2026 06:17 PM UTC",active
FA6656 910 AW LGC YNGSTN WRN ARPT,FA6656,5700,DEPT OF THE AIR FORCE,FA665626B0005,Solicitation,Renovate B203 for C130 J Conversion,"This project provides the necessary upgrades to building #203 aircraft engine shop, to maintain the required number of new C130J aircraft engines a","Sep 24, 2026 02:00 PM UTC",Historically Underutilized Business (HUBZone) Set-Aside (FAR 19.13),None,Commercial and Institutional Building Construction,REPAIR OR ALTERATION OF AIRPORT TERMINALS,USA,44473,Vienna,OH,true,11,Kimberly S. Hitchcock,kimberly.hitchcock.1@us.af.mil,,,"Sep 10, 2026 01:46 PM UTC","Oct 9, 2026 12:00 AM UTC","Sep 10, 2026 01:46 PM UTC",active
COMMANDER,M00264,1700,DEPT OF THE NAVY,M00264-26-R-0005,Solicitation,TECOM Range and Training Area Management (RTAM) Support Services M00264-26-R-0005,"The Marine Corps Installation, National Capital Region, Regional Contracting Office (MCINCR-RCO), Marine Corps Base Quantico, VA currently has a fo","Sep 24, 2026 02:00 PM UTC",Total Small Business Set-Aside (FAR 19.5),None,"All Other Professional, Scientific, and Technical Services",SUPPORT- PROFESSIONAL: OTHER,USA,,,,true,10,Ana Rosa Manavi,anarosa.manavi@usmc.mil,,,"Sep 3, 2026 11:56 AM UTC","Oct 9, 2026 12:00 AM UTC","Sep 3, 2026 11:56 AM UTC",active
255-NETWORK CONTRACT OFFICE 15 (36C255),36C255,3600,"VETERANS AFFAIRS, DEPARTMENT OF",36C25526R0160,Solicitation,"Z2DA--589A7-23-305, Prepare Site for Choice Dining Equipment FY27 NRM","Project No. 589A7-23-305, Prepare Site for Choice Dining Equipment","Sep 24, 2026 03:00 PM UTC",,None,Commercial and Institutional Building Construction,REPAIR OR ALTERATION OF HOSPITALS AND INFIRMARIES,,,,,true,19,James J Petrik,james.petrik@va.gov,,,"Aug 12, 2026 05:59 PM UTC","Oct 24, 2026 12:00 AM UTC","Aug 12, 2026 05:59 PM UTC",active
255-NETWORK CONTRACT OFFICE 15 (36C255),36C255,3600,"VETERANS AFFAIRS, DEPARTMENT OF",36C25526R0160,Solicitation,"Z2DA--589A7-23-305, Prepare Site for Choice Dining Equipment FY27 NRM","Project No. 589A7-23-305, Prepare Site for Choice Dining Equipment","Sep 24, 2026 03:00 PM UTC",,None,Commercial and Institutional Building Construction,REPAIR OR ALTERATION OF HOSPITALS AND INFIRMARIES,,,,,true,19,James J Petrik,james.petrik@va.gov,,,"Aug 12, 2026 05:59 PM UTC","Oct 24, 2026 12:00 AM UTC","Aug 12, 2026 05:59 PM UTC",active
255-NETWORK CONTRACT OFFICE 15 (36C255),36C255,3600,"VETERANS AFFAIRS, DEPARTMENT OF",36C25526R0160_001,Solicitation,"Z2DA--589A7-23-305, Prepare Site for Choice Dining Equipment FY27 NRM","Project No. 589A7-23-305, Prepare Site for Choice Dining Equipment Added an amendment to publish the questions and sign in sheet from the site visi","Sep 24, 2026 03:00 PM UTC",Service-Disabled Veteran-Owned Small Business (SDVOSB) Set-Aside (FAR 19.14),None,Commercial and Institutional Building Construction,REPAIR OR ALTERATION OF HOSPITALS AND INFIRMARIES,USA,67218,,KS,true,21,Jennifer A Hill,jennifer.hill@va.gov,,,"Sep 8, 2026 02:49 PM UTC","Oct 24, 2026 12:00 AM UTC","Sep 8, 2026 02:49 PM UTC",active
AMERICAN CONSULATE CASABLANCA,19M030,1900,"STATE, DEPARTMENT OF",19M03026Q0021,Solicitation,MSG Detachment Cook Services,Dear Prospective Quoter: Subject: Request for Quotations number 19M03026Q0021 Enclosed is a Requ,"Sep 24, 2026 04:00 PM UTC",,None,Food Service Contractors,TECHNICAL REPRESENTATIVE- FOOD PREPARATION AND SERVING EQUIPMENT,MAR,,Casablanca,MA-18,true,2,Procurement Team,CasablancaProc@state.gov,,,"Sep 10, 2026 04:10 PM UTC","Oct 9, 2026 12:00 AM UTC","Sep 10, 2026 04:10 PM UTC",active
252-NETWORK CONTRACT OFFICE 12 (36C252),36C252,3600,"VETERANS AFFAIRS, DEPARTMENT OF",36C25226B0011-1,Solicitation,Z1DA--Modernize Damen (Bldg. 1) Elevators Construction 537-24-101,Amendment 0003 - is to change the Bids due date. See S06 - 36C25226B0011 00003. Amendment 0002 - is to post the pre-bid site visit,"Sep 24, 2026 04:00 PM UTC",Service-Disabled Veteran-Owned Small Business (SDVOSB) Set-Aside (FAR 19.14),None,Other Building Equipment Contractors,MAINTENANCE OF HOSPITALS AND INFIRMARIES,USA,60612,Chicago,IL,true,11,Rosalyn Howard,rosalyn.howard@va.gov,,,"Sep 14, 2026 09:26 PM UTC","Nov 1, 2026 12:00 AM UTC","Sep 14, 2026 09:26 PM UTC",active
244-NETWORK CONTRACT OFFICE 4 (36C244),36C244,3600,"VETERANS AFFAIRS, DEPARTMENT OF",36C24426Q0941,Solicitation,RFQ - Rotary Parts Finisher Machine,"Rotary Parts Finisher Machine for VAPHS HERL at 6425 Penn Avenue, Pittsburgh, PA. Please reference the attached RFQ for further details outlining t","Sep 24, 2026 05:00 PM UTC",Total Small Business Set-Aside (FAR 19.5),None,Machine Tool Manufacturing,MISCELLANEOUS SPECIAL INDUSTRY MACHINERY,USA,15206,Pittsburgh,PA,true,1,Tyler Kraft,tyler.kraft@va.gov,,,"Sep 10, 2026 06:19 PM UTC","Oct 9, 2026 12:00 AM UTC","Sep 10, 2026 06:19 PM UTC",active
DEFENSE HEALTH AGENCY,HT9402,97DH,DEFENSE HEALTH AGENCY (DHA),HT9402-26-Q-9403,Solicitation,Department of War Pharmacy Uniform Formulary Blanket Purchase Agreement/Uniform Formulary Additional Discount Program,"The Department of War (DoW) is required by law (10 U.S.C. § 1074g) to establish an effective, efficient, integrated pharmacy benefits program","Sep 24, 2026 05:00 PM UTC",,None,Pharmaceutical Preparation Manufacturing,DRUGS AND BIOLOGICALS,,,,,true,10,Stephanie Erpelding,stephanie.j.erpelding.civ@health.mil,,,"Sep 3, 2026 02:18 PM UTC","Mar 3, 2027 12:00 AM UTC","Sep 3, 2026 02:18 PM UTC",active
DLA LAND WARREN,SPRDL1,97AS,DEFENSE LOGISTICS AGENCY,SPRDL1-26-R-0071,Solicitation,"Wheel Assembly, PNEU",Please see Solicitation and Consolidation letter.,"Sep 24, 2026 05:00 PM UTC",,None,Tire Manufacturing (except Retreading),"VEHICULAR BRAKE, STEERING, AXLE, WHEEL, AND TRACK COMPONENTS",USA,,Warren,MI,true,3,Stacy M. Johnson,stacy.m.johnson@dla.mil,,,"Aug 25, 2026 07:12 PM UTC","Dec 31, 2026 12:00 AM UTC","Aug 25, 2026 07:12 PM UTC",active
DLA LAND WARREN,SPRDL1,97AS,DEFENSE LOGISTICS AGENCY,SPRDL1-26-R-0129,Solicitation,"Fan Assembly, Centrifugal",,"Sep 24, 2026 05:00 PM UTC",,None,Motor Vehicle Electrical and Electronic Equipment Manufacturing,"FANS, AIR CIRCULATORS, AND BLOWER EQUIPMENT",USA,,,,true,1,Sabrina Krafft,sabrina.krafft@dla.mil,,,"Aug 17, 2026 05:04 PM UTC","Oct 9, 2026 12:00 AM UTC","Aug 17, 2026 05:04 PM UTC",active
FA6703 94TH CONTRACTING FLIGHT PK,FA6703,5700,DEPT OF THE AIR FORCE,FA670326Q0013,Solicitation,TRCS-T1A-TAN Freezer,"Make/Model: TRCS, TYPE I, DESERT TAN - OR - Equivalent Quantity: 1 Description: 8' X 8' X 6' 6"" insulated containe","Sep 24, 2026 06:00 PM UTC",Total Small Business Set-Aside (FAR 19.5),None,Air-Conditioning and Warm Air Heating Equipment and Commercial and Industrial Refrigeration Equipment Manufacturing,REFRIGERATION EQUIPMENT,USA,30069,,GA,true,1,BRITTNEY BASS,brittney.bass@us.af.mil,,,"Sep 10, 2026 04:58 PM UTC","Oct 9, 2026 12:00 AM UTC","Sep 10, 2026 04:58 PM UTC",active
DEPT OF COMMERCE NOAA,1333MJ,1330,NATIONAL OCEANIC AND ATMOSPHERIC ADMINISTRATION,1333MJ26Q0077,Solicitation,Barrow Observatory Flooring Replacement,"Replacement of flooring at the NOAA Barrow Observatory in Utqiaġvik, AK. Read the attached solicitation for details.","Sep 24, 2026 07:00 PM UTC",Total Small Business Set-Aside (FAR 19.5),None,Commercial and Institutional Building Construction,REPAIR OR ALTERATION OF MISCELLANEOUS BUILDINGS,USA,99723,Barrow,AK,true,4,"Moore, Darrin",darrin.moore@noaa.gov,,,"Sep 14, 2026 07:34 PM UTC","Oct 9, 2026 12:00 AM UTC","Sep 14, 2026 07:34 PM UTC",active
248-NETWORK CONTRACT OFFICE 8 (36C248),36C248,3600,"VETERANS AFFAIRS, DEPARTMENT OF",36C24826R0133,Solicitation,R e p a i r W a t e r T a n k s D e f i c i e n c i e s,***IMPORTANT NOTICE: THIS REQUIREMENT IS SET ASIDE EXCLUSIVELY FOR VISN 8 - CARIBBEAN CONSTRUCTION MATOC IDIQ CONTRACT HOLDERS. *** De,"Sep 24, 2026 07:00 PM UTC",Service-Disabled Veteran-Owned Small Business (SDVOSB) Set-Aside (FAR 19.14),None,Commercial and Institutional Building Construction,MAINTENANCE OF HOSPITALS AND INFIRMARIES,USA,00921,San Juan,PR,true,18,Ray Santana,Ray.Santana@va.gov,,,"Sep 3, 2026 03:21 PM UTC","Nov 24, 2026 12:00 AM UTC","Sep 3, 2026 03:21 PM UTC",active
DLA TROOP SUPPORT,SPE2D2,97AS,DEFENSE LOGISTICS AGENCY,SPE2D2-26-R-0012,Solicitation,Febuxostat Tablets,SPE2D2-26-R-0012 Febuxostat Tablets Solicitation,"Sep 24, 2026 07:00 PM UTC",,None,Pharmaceutical Preparation Manufacturing,DRUGS AND BIOLOGICALS,,,,,false,1,Christopher Newman,christopher.newman@dla.mil,,,"Aug 25, 2026 03:47 PM UTC","Oct 25, 2026 12:00 AM UTC","Aug 25, 2026 03:47 PM UTC",active
"DLA AVIATION AT OKLAHOMA CITY, OK",SPRTA1,97AS,DEFENSE LOGISTICS AGENCY,SPRTA126R0294,Solicitation,SPRTA1-26-R-0294 (NSN:2840-01-278-3281),"Support Trubine Com NSN: 2840-01-278-3281 P/N: 4074639 BEQ:66, Min 17 ea. Med: 68 ea. Max Max 102Ea FA Requirement<","Sep 24, 2026 07:00 PM UTC",,None,Aircraft Engine and Engine Parts Manufacturing,"GAS TURBINES AND JET ENGINES, AIRCRAFT, PRIME MOVING; AND COMPONENTS",,,,,true,1,Alson Dacalio,alson.dacalio@us.af.mil,,,"Aug 25, 2026 08:57 PM UTC","Dec 31, 2026 12:00 AM UTC","Aug 25, 2026 08:57 PM UTC",active
"DLA AVIATION AT PHILADELPHIA, PA",SPRPA1,97AS,DEFENSE LOGISTICS AGENCY,SPRPA126QWC20,Solicitation,"LIGHT,LANDING,AIRCR",ITEM UNIQUE IDENTIFICATION AND VALUATION (JAN 2023)|19||||||||||||||||||||\rWIDE AREA WORKFLOW PAYMENT INSTRUCTIONS (JAN 2023)|16|Invoice and Receiving,"Sep 24, 2026 08:30 PM UTC",,None,Motor Vehicle Electrical and Electronic Equipment Manufacturing,ELECTRIC VEHICULAR LIGHTS AND FIXTURES,,,,,false,1,Telephone: 2157374239,JOSEPH.GAMBINO@DLA.MIL,,,"Sep 9, 2026 11:03 AM UTC","Oct 9, 2026 12:00 AM UTC","Sep 9, 2026 11:03 AM UTC",active
"DLA AVIATION AT PHILADELPHIA, PA",SPRPA1,97AS,DEFENSE LOGISTICS AGENCY,SPRPA126QWC21,Solicitation,"LIGHT,LANDING,AIRCR",ITEM UNIQUE IDENTIFICATION AND VALUATION (JAN 2023)|19||||||||||||||||||||\rWIDE AREA WORKFLOW PAYMENT INSTRUCTIONS (JAN 2023)|16|iNVOICE AND RECEIVING,"Sep 24, 2026 08:30 PM UTC",,None,Motor Vehicle Electrical and Electronic Equipment Manufacturing,ELECTRIC VEHICULAR LIGHTS AND FIXTURES,,,,,false,1,Telephone: 2157374239,JOSEPH.GAMBINO@DLA.MIL,,,"Sep 9, 2026 10:33 AM UTC","Oct 9, 2026 12:00 AM UTC","Sep 9, 2026 10:33 AM UTC",active
"DLA AVIATION AT PHILADELPHIA, PA",SPRPA1,97AS,DEFENSE LOGISTICS AGENCY,SPRPA126QWC22,Solicitation,"LIGHT,LANDING,AIRCR",ITEM UNIQUE IDENTIFICATION AND VALUATION (JAN 2023)|19||||||||||||||||||||\rWIDE AREA WORKFLOW PAYMENT INSTRUCTIONS (JAN 2023)|16|Invoice and reciving,"Sep 24, 2026 08:30 PM UTC",,None,Motor Vehicle Electrical and Electronic Equipment Manufacturing,ELECTRIC VEHICULAR LIGHTS AND FIXTURES,,,,,false,1,Electronic Mail: JOSEPH.GAMBINO@DLA.MIL,JOSEPH.GAMBINO@DLA.MIL,,,"Sep 9, 2026 10:58 AM UTC","Oct 9, 2026 12:00 AM UTC","Sep 9, 2026 10:58 AM UTC",active
6973GH FRANCHISE ACQUISITION SVCS,6973GH,6920,FEDERAL AVIATION ADMINISTRATION,6973GH-26-R-00130,Solicitation,Architecture and Engineering Services - MMAC,"Update: August 26, 2026 The Pre-Proposal Conference Presentation and Pre-Proposal Conference Sign In Sheet, have been post","Sep 24, 2026 09:00 PM UTC",,None,Architectural Services,ARCHITECT AND ENGINEERING- CONSTRUCTION: OFFICE BUILDINGS,USA,,Oklahoma City,OK,true,9,Charity Daniel,Caridad.Daniel@faa.gov,,,"Aug 26, 2026 06:13 PM UTC","Oct 9, 2026 12:00 AM UTC","Aug 26, 2026 06:13 PM UTC",active
"DLA AVIATION AT HUNTSVILLE, AL",SPRRA2,97AS,DEFENSE LOGISTICS AGENCY,SPRRA2-26-Q-0056-0004,Solicitation,SWITCH ASSEMBLY,1). This requirement SPRRA2-26-Q-0056/0004 is amended to change the acquisition from Total Small Business Set-Aside to Full and Open Competition.&n,"Sep 24, 2026 09:00 PM UTC",,None,Switchgear and Switchboard Apparatus Manufacturing,SWITCHES,USA,79916,Fort Bliss,TX,true,1,Rodney Haygood,rodney.haygood@dla.mil,,,"Sep 9, 2026 06:49 PM UTC","Oct 24, 2026 12:00 AM UTC","Sep 9, 2026 06:49 PM UTC",active
"DLA AVIATION AT OKLAHOMA CITY, OK",SPRTA1,97AS,DEFENSE LOGISTICS AGENCY,SPRTA1-26-Q-0854,Solicitation,Valve Assembly,NSN: 2915011894205PN / PN: 215370-1 / AMC: 3/Z,"Sep 24, 2026 09:00 PM UTC",,None,Aircraft Engine and Engine Parts Manufacturing,"ENGINE FUEL SYSTEM COMPONENTS, AIRCRAFT AND MISSILE PRIME MOVERS",,,,,true,1,Jayson Skalla,jayson.skalla@us.af.mil,,,"Aug 25, 2026 05:49 PM UTC","Sep 24, 2027 12:00 AM UTC","Aug 25, 2026 05:49 PM UTC",active
FA8903 772 ESS PK,FA8903,5700,DEPT OF THE AIR FORCE,AFCEC-26-R-0007,Solicitation,"Request for Lease Proposal (RFLP) Enhanced Use Lease Project Nellis Air Force Base, NV. Amendment 2","Pursuant to the foregoing Executive Order and the Enabling Statute, the Department of the Air Force (the “DAF” or the “Government","Sep 24, 2026 10:00 PM UTC",,None,Lessors of Nonresidential Buildings (except Miniwarehouses),LEASE/RENTAL OF OTHER ADMINISTRATIVE FACILITIES AND SERVICE BUILDINGS,USA,89191,Nellis AFB,NV,true,15,Patricia A. Rodriguez,patricia.rodriguez.21@us.af.mil,,,"Sep 4, 2026 05:43 PM UTC","Oct 9, 2026 12:00 AM UTC","Sep 4, 2026 05:43 PM UTC",active
FCI MORGANTOWN,15B113,1540,FEDERAL PRISON SYSTEM / BUREAU OF PRISONS,15B11326Q00000014,Solicitation,Solid Waste Removal Services FY2027 FPC Morgantown,Solid waste removal services for Federal Prison Camp Morgantown located in Morgantown West Virginia for Fiscal Year 2027.,"Sep 25, 2026 01:00 PM UTC",,None,Solid Waste Collection,HOUSEKEEPING- TRASH/GARBAGE COLLECTION,USA,26501,,WV,true,2,James Palmer,j5palmer@bop.gov,,,"Sep 11, 2026 04:13 PM UTC","Sep 26, 2026 12:00 AM UTC","Sep 11, 2026 04:13 PM UTC",active
DLA ENERGY,SPE603,97AS,DEFENSE LOGISTICS AGENCY,SPE603-26-R-0529,Solicitation,"Government-Owned Contractor Operated (GOCO) Aircraft/Ground Fuel Services and Fuel Storage and Distribution at Cannon AFB, NM, Holloman AFB, NM, Davis Monthan AFB, AZ and Luke AFB, AZ","Defense Logistics Agency (DLA) Energy is issuing a Request for Proposal (RFP) for Alongside Aircraft Refueling Services to include managing, mainta","Sep 25, 2026 01:00 PM UTC",Total Small Business Set-Aside (FAR 19.5),None,Other Warehousing and Storage,OPERATION OF FUEL STORAGE BUILDINGS,USA,,Cannon AFB,NM,true,31,Rochelle Adams,rochelle.adams@dla.mil,,,"Sep 8, 2026 12:11 PM UTC","Oct 10, 2026 12:00 AM UTC","Sep 8, 2026 12:11 PM UTC",active
FA5682 31 CONS DA LGC,FA5682,5700,DEPT OF THE AIR FORCE,FA568226Q0012,Solicitation,FY26 Household Goods Packing DPM,14 Septemeber 2026 - The purpose of amendment 6 is to enclose the following attachments: 1. Attachment A_Price Worksheet Rev.2_Protected</p,"Sep 25, 2026 02:00 PM UTC",,None,Packing and Crating,TRANSPORTATION/TRAVEL/RELOCATION- RELOCATION: RELOCATION,USA,,APO,AE,true,26,Elysia King,elysia.king@us.af.mil,,,"Sep 14, 2026 01:08 PM UTC","Oct 10, 2026 12:00 AM UTC","Sep 14, 2026 01:08 PM UTC",active
FMC DEVENS,15B205,1540,FEDERAL PRISON SYSTEM / BUREAU OF PRISONS,15B20526Q00000032,Solicitation,FMC Devens SMK FY27 1st Quarter,"U.S. Department of Justice Federal Bureau of Prisons Federal Medical Center (FMC) Devens 42 Patton Rd Ayer, MA 01432 <","Sep 25, 2026 03:00 PM UTC",Total Small Business Set-Aside (FAR 19.5),None,All Other Miscellaneous Food Manufacturing,"FOOD, OILS AND FATS",USA,01432,Ayer,MA,false,3,"Rebecca Peterson, Contract Specialist",rpeterson@bop.gov,,,"Sep 14, 2026 02:27 PM UTC","Oct 10, 2026 12:00 AM UTC","Sep 14, 2026 02:27 PM UTC",active
252-NETWORK CONTRACT OFFICE 12 (36C252),36C252,3600,"VETERANS AFFAIRS, DEPARTMENT OF",36C25226B0030,Solicitation,Z2DA--537-24-106 Create Contractor Lie-Down Zone,"Solicitation No. 36C25226B0030, Amendment 0004 This amendment is being issued to transmit the site visit sign-in sheet - see attached. No other cha","Sep 25, 2026 03:00 PM UTC",Veteran-Owned Small Business Set-Aside (specific to Department of Veterans Affairs),None,Commercial and Institutional Building Construction,REPAIR OR ALTERATION OF HOSPITALS AND INFIRMARIES,USA,,Chicago,IL,true,13,Misty L Gates,Misty.Gates1@va.gov,,,"Sep 14, 2026 09:14 PM UTC","Dec 31, 2026 12:00 AM UTC","Sep 14, 2026 09:14 PM UTC",active
FA8601 AFLCMC PZIO,FA8601,5700,DEPT OF THE AIR FORCE,FA860126Q0074,Solicitation,Brand Name Agilent High-Performance Liquid Chromatograph-Mass Spectrometer (HPLC-MS),8 September 2026 Update Solicitation/Draft contract change in Statement of Work Combined Synopsis/Solicitation: Brand Name Agilent,"Sep 25, 2026 03:00 PM UTC",,None,Analytical Laboratory Instrument Manufacturing,CHEMICAL ANALYSIS INSTRUMENTS,USA,45433,Wright Patterson AFB,OH,true,4,Alejandro Quiles,alejandro.quiles_sanchez.1@us.af.mil,,,"Sep 9, 2026 02:53 PM UTC","Oct 10, 2026 12:00 AM UTC","Sep 9, 2026 02:53 PM UTC",active
DEPT OF COMMERCE NOAA,1305M2,1330,NATIONAL OCEANIC AND ATMOSPHERIC ADMINISTRATION,1305M226Q0069,Solicitation,A--Uncrewed Aircraft Systems (UAS) Services,Uncrewed Aircraft Systems (UAS) Services,"Sep 25, 2026 06:00 PM UTC",Total Small Business Set-Aside (FAR 19.5),None,"Research and Development in the Physical, Engineering, and Life Sciences (except Nanotechnology and Biotechnology)",GENERAL SCIENCE AND TECHNOLOGY R&D SERVICES; GENERAL SCIENCE AND TECHNOLOGY; APP,,,,,false,2,"KOLB, JANA",JANA.KOLB@NOAA.GOV,,,"Sep 4, 2026 03:31 PM UTC","Oct 10, 2026 12:00 AM UTC","Sep 4, 2026 03:31 PM UTC",active
257-NETWORK CONTRACT OFFICE 17 (36C257),36C257,3600,"VETERANS AFFAIRS, DEPARTMENT OF",36C25726Q0888,Solicitation,Medical Gas System Inspection and Maintenance Services,"Contractor shall provide annual inspection, testing, certification, and a preventative maintenance (PM) program for the medical piped gas and vacuu","Sep 25, 2026 06:00 PM UTC",Service-Disabled Veteran-Owned Small Business (SDVOSB) Set-Aside (FAR 19.14),None,Building Inspection Services,OTHER QC/TEST/INSPECT- FIRE FIGHTING/RESCUE/SAFETY EQUIPMENT; ENVIRON PROTECT EQ,USA,75216,Dallas,TX,true,1,Melanie Williams,melanie.williams5@va.gov,,,"Sep 11, 2026 02:43 PM UTC","Oct 10, 2026 12:00 AM UTC","Sep 11, 2026 02:43 PM UTC",active
6923G5 GREAT LAKES ST LAWRENCE SWY DEV. CORP.,6923G5,6947,GREAT LAKES ST. LAWRENCE SEAWAY DEVELOPMENT CORPORATION,6923G526R0094,Solicitation,Construction of a New Administration Building and Maintenance Garage,A00002 - The purpose of this amendment is to: 1. Incorporate the revised drawing and specification sections. The revised dra,"Sep 25, 2026 06:00 PM UTC",Total Small Business Set-Aside (FAR 19.5),None,Commercial and Institutional Building Construction,CONSTRUCTION OF OFFICE BUILDINGS,USA,13662,Massena,NY,true,11,Chora Snyder,chora.snyder@dot.gov,,,"Sep 3, 2026 03:35 PM UTC","Oct 10, 2026 12:00 AM UTC","Sep 3, 2026 03:35 PM UTC",active
FA8137 AFSC PZIOC,FA8137,5700,DEPT OF THE AIR FORCE,FA8137-26-R-0040,Solicitation,Tinker AFB 2026 Multiple Award Construction Contract (MACC),"September 10, 2026 It was brought to the government's attention that previous solicitation amendments cannot be","Sep 25, 2026 06:00 PM UTC",Partial Small Business Set-Aside (FAR 19.5),None,Industrial Building Construction,REPAIR OR ALTERATION OF MISCELLANEOUS BUILDINGS,USA,73145,Tinker AFB,OK,true,38,Hailie Reyes,hailie.reyes@us.af.mil,,,"Sep 10, 2026 08:04 PM UTC","Dec 15, 2027 12:00 AM UTC","Sep 10, 2026 08:04 PM UTC",active
FERMILAB - DOE CONTRACTOR,899034,8900,"ENERGY, DEPARTMENT OF",RFP385586,Solicitation,DC Blocks,DC Blocks,"Sep 25, 2026 06:00 PM UTC",,None,Machine Shops,GENERAL SCIENCE & TECHNOLOGY R&D SVCS; GENERAL SCIENCE & TECHNOLOGY; EXPERIMENTA,USA,60510,Batavia,IL,true,1,Sharon Duchaj,sduchaj@fnal.gov,,,"Sep 8, 2026 06:51 PM UTC","Sep 26, 2026 12:00 AM UTC","Sep 8, 2026 06:51 PM UTC",active
"FWS, CONSTRUCTION A/E TEAM 1",140FC1,1448,U.S. FISH AND WILDLIFE SERVICE,140FC226Q0050,Solicitation,MN-MORRIS WMD-GUTTERS AND SNOW GUARDS,MN-MORRIS WMD-GUTTERS AND SNOW GUARDS,"Sep 25, 2026 07:00 PM UTC",Total Small Business Set-Aside (FAR 19.5),None,Siding Contractors,REPAIR OR ALTERATION OF OFFICE BUILDINGS,,,,,true,3,"Moody, Khanhthong",Khanhthong_Moody@fws.gov,,,"Sep 4, 2026 05:32 PM UTC","Oct 10, 2026 12:00 AM UTC","Sep 4, 2026 05:32 PM UTC",active
FERMILAB - DOE CONTRACTOR,899034,8900,"ENERGY, DEPARTMENT OF",382968-DG,Solicitation,Fermilab- CUB Boiler 1 PC Replacement-382968-DG,"The Subcontractor shall perform all work as described in the Statement of Work titled the, “CUB Boiler 1 PLC Replacement” All work shal","Sep 25, 2026 07:00 PM UTC",,None,"Plumbing, Heating, and Air-Conditioning Contractors",INDUSTRIAL BOILERS,USA,60510,,IL,true,16,Dasia Guthrie,dguthrie@fnal.gov,,,"Sep 8, 2026 05:58 PM UTC","Oct 10, 2026 12:00 AM UTC","Sep 8, 2026 05:58 PM UTC",active
693JJ9 NHTSA OFFICE OF ACQUISTION,693JJ9,6940,NATIONAL HIGHWAY TRAFFIC SAFETY ADMINISTRATION,693JJ926R000073,Solicitation,New Car Assessment Program (NCAP) Pedestrian Impact Testing,NHTSA's New Car Assessment Program (NCAP) requires pedestrian protection impact testing on production motor vehicles. The Contractor(s) shall p,"Sep 25, 2026 07:00 PM UTC",,None,Testing Laboratories and Services,"EQUIPMENT AND MATERIALS TESTING- GROUND EFFECT VEHICLES, MOTOR VEHICLES, TRAILER",USA,20590,Washington,DC,true,14,Van Nixon,van.nixon.ctr@dot.gov,,,"Sep 8, 2026 12:38 PM UTC","Oct 10, 2026 12:00 AM UTC","Sep 8, 2026 12:38 PM UTC",active
697DCK REGIONAL ACQUISITIONS SVCS,697DCK,6920,FEDERAL AVIATION ADMINISTRATION,697DCK-26-R-00423,Solicitation,BEYOND Phase 2,"Amendment 0001 is hereby issued to extend the proposal due date of the SIR to September 25, 2026 at 3:00pm ET. <p","Sep 25, 2026 07:00 PM UTC",,None,Scientific Research and Development Services,GENERAL SCIENCE AND TECHNOLOGY R&D SERVICES; GENERAL SCIENCE AND TECHNOLOGY; BAS,,,,,true,1,"Kristin Frantz, Contracting Officer",Kristin.T.Frantz@faa.gov,,,"Sep 9, 2026 07:26 PM UTC","Oct 10, 2026 12:00 AM UTC","Sep 9, 2026 07:26 PM UTC",active
COMMANDING GENERAL,M00263,1700,DEPT OF THE NAVY,M0026326QR012,Solicitation,Perforated Window Film,This contract is in support of the United States Marine Corps Recruiting Command (MCRC) Branding Program for each of the six (6) Marine Corps Distr,"Sep 25, 2026 08:00 PM UTC",Total Small Business Set-Aside (FAR 19.5),None,Indoor and Outdoor Display Advertising,SUPPORT- MANAGEMENT: ADVERTISING,,,,,false,6,KERRY SMITH,kerry.o.smith.civ@usmc.mil,,,"Sep 10, 2026 06:22 PM UTC","Oct 10, 2026 12:00 AM UTC","Sep 10, 2026 06:22 PM UTC",active
"DLA AVIATION AT OKLAHOMA CITY, OK",SPRTA1,97AS,DEFENSE LOGISTICS AGENCY,SPRTA1-26-Q-0450,Solicitation,"Actuator, Electro-Mechanical",SUBJECT: Synopsis Waiver Exception is taken to this requirement solicitation SPRTA1-26-Q-0450 for PR 26-02034 of the synopsis publici,"Sep 25, 2026 08:00 PM UTC",,None,Other Aircraft Parts and Auxiliary Equipment Manufacturing,MISCELLANEOUS AIRCRAFT ACCESSORIES AND COMPONENTS,,,,,false,1,Howard Heflin,howard.heflin@us.af.mil,,,"Aug 26, 2026 02:45 PM UTC","Sep 25, 2027 12:00 AM UTC","Aug 26, 2026 02:45 PM UTC",active
"DLA AVIATION AT OKLAHOMA CITY, OK",SPRTA1,97AS,DEFENSE LOGISTICS AGENCY,SPRTA1-26-Q-1166,Solicitation,"Shroud, Segment, Turb",NSN: 2840013122267NZ / PN: 4076826-02 / AMC: 1C,"Sep 25, 2026 08:00 PM UTC",Total Small Business Set-Aside (FAR 19.5),None,Aircraft Engine and Engine Parts Manufacturing,"GAS TURBINES AND JET ENGINES, AIRCRAFT, PRIME MOVING; AND COMPONENTS",,,,,true,1,Jayson Skalla,jayson.skalla@us.af.mil,,,"Aug 25, 2026 08:17 PM UTC","Sep 25, 2027 12:00 AM UTC","Aug 25, 2026 08:17 PM UTC",active
"DLA AVIATION AT OKLAHOMA CITY, OK",SPRTA1,97AS,DEFENSE LOGISTICS AGENCY,SPRTA1-26-R-0395,Solicitation,"Motor, Hydraulic","Noun: Motor, Hydraulic NSN: 1650014818040HS PN: 693427","Sep 25, 2026 08:00 PM UTC",,None,Other Aircraft Parts and Auxiliary Equipment Manufacturing,"AIRCRAFT HYDRAULIC, VACUUM, AND DE-ICING SYSTEM COMPONENTS",,,,,false,1,Howard Heflin,howard.heflin@us.af.mil,,,"Aug 26, 2026 03:25 PM UTC","Sep 25, 2027 12:00 AM UTC","Aug 26, 2026 03:25 PM UTC",active
"DLA AVIATION AT WARNER ROBINS, GA",SPRWA1,97AS,DEFENSE LOGISTICS AGENCY,SPRWA1-26-R-0017,Solicitation,Request for Proposal - 20mm F-16 Ammunition Handling Set - NSN:1005-01-190-9802,24 AUG 2026 This notice is being updated to provide additional questions/answers as received by the USG and to issue the attached RFP Amend,"Sep 25, 2026 08:00 PM UTC",,None,"Small Arms, Ordnance, and Ordnance Accessories Manufacturing","GUNS, THROUGH 30MM",USA,31093,Warner Robins,GA,true,14,Christine Smith,Christine.smith.20@us.af.mil,,,"Aug 24, 2026 03:55 PM UTC","Oct 10, 2026 12:00 AM UTC","Aug 24, 2026 03:55 PM UTC",active
"DLA AVIATION AT PHILADELPHIA, PA",SPRPA1,97AS,DEFENSE LOGISTICS AGENCY,SPRPA126QWB68,Solicitation,"CONDUIT,FAN,AIRCRAF",ITEM UNIQUE IDENTIFICATION AND VALUATION (JAN 2023)|19||||||||||||||||||||\rINSPECTION OF SUPPLIES--FIXED-PRICE (AUG 1996)|2|||\rHIGHER-LEVEL CONTRACT Q,"Sep 25, 2026 08:30 PM UTC",,None,Machine Shops,ELECTRICAL HARDWARE AND SUPPLIES,,,,,false,1,Telephone: 2157373475,MADISON.BONSALL@DLA.MIL,,,"Aug 26, 2026 11:46 AM UTC","Oct 10, 2026 12:00 AM UTC","Aug 26, 2026 11:46 AM UTC",active
"DLA AVIATION AT PHILADELPHIA, PA",SPRPA1,97AS,DEFENSE LOGISTICS AGENCY,SPRPA126QWB69,Solicitation,"PANEL ASSY,COOLING,",ITEM UNIQUE IDENTIFICATION AND VALUATION (JAN 2023)|19||||||||||||||||||||\rHIGHER-LEVEL CONTRACT QUALITY REQUIREMENT|8|||x|AS/EN/JISQ 9100 or equivale,"Sep 25, 2026 08:30 PM UTC",,None,Other Aircraft Parts and Auxiliary Equipment Manufacturing,MISCELLANEOUS AIRCRAFT ACCESSORIES AND COMPONENTS,,,,,false,1,Telephone: 2157373475,MADISON.BONSALL@DLA.MIL,,,"Aug 26, 2026 12:49 PM UTC","Oct 10, 2026 12:00 AM UTC","Aug 26, 2026 12:49 PM UTC",active
"DLA AVIATION AT PHILADELPHIA, PA",SPRPA1,97AS,DEFENSE LOGISTICS AGENCY,SPRPA126QWC18,Solicitation,"LIGHT,LANDING,AIRCR",ITEM UNIQUE IDENTIFICATION AND VALUATION (JAN 2023)|19||||||||||||||||||||\rWIDE AREA WORKFLOW PAYMENT INSTRUCTIONS (JAN 2023)|16|Invoice and receiving,"Sep 25, 2026 08:30 PM UTC",,None,Motor Vehicle Electrical and Electronic Equipment Manufacturing,ELECTRIC VEHICULAR LIGHTS AND FIXTURES,,,,,false,1,Telephone: 2157374239,JOSEPH.GAMBINO@DLA.MIL,,,"Sep 10, 2026 10:32 AM UTC","Oct 10, 2026 12:00 AM UTC","Sep 10, 2026 10:32 AM UTC",active
"DLA AVIATION AT PHILADELPHIA, PA",SPRPA1,97AS,DEFENSE LOGISTICS AGENCY,SPRPA126QZB86,Solicitation,CIRCUIT CARD ASSEMB,ITEM UNIQUE IDENTIFICATION AND VALUATION (JAN 2023)|19||||||||||||||||||||\rINSPECTION OF SUPPLIES--FIXED-PRICE (AUG 1996)|2|||\rHIGHER-LEVEL CONTRACT Q,"Sep 25, 2026 08:30 PM UTC",,None,Bare Printed Circuit Board Manufacturing,"ELECTRICAL AND ELECTRONIC ASSEMBLIES, BOARDS, CARDS, AND ASSOCIATED HARDWARE",,,,,false,1,Telephone: 2157376795,BRIAN.BLANCO@DLA.MIL,,,"Aug 26, 2026 12:10 PM UTC","Oct 10, 2026 12:00 AM UTC","Aug 26, 2026 12:10 PM UTC",active
"DLA AVIATION AT PHILADELPHIA, PA",SPRPA1,97AS,DEFENSE LOGISTICS AGENCY,SPRPA126QZB87,Solicitation,CIRCUIT CARD ASSEMB,ITEM UNIQUE IDENTIFICATION AND VALUATION (JAN 2023)|19||||||||||||||||||||\rINSPECTION OF SUPPLIES--FIXED-PRICE (AUG 1996)|2|||\rHIGHER-LEVEL CONTRACT Q,"Sep 25, 2026 08:30 PM UTC",,None,Bare Printed Circuit Board Manufacturing,"ELECTRICAL AND ELECTRONIC ASSEMBLIES, BOARDS, CARDS, AND ASSOCIATED HARDWARE",,,,,false,1,Telephone: 2157376795,BRIAN.BLANCO@DLA.MIL,,,"Aug 26, 2026 12:27 PM UTC","Oct 10, 2026 12:00 AM UTC","Aug 26, 2026 12:27 PM UTC",active
"DLA AVIATION AT PHILADELPHIA, PA",SPRPA1,97AS,DEFENSE LOGISTICS AGENCY,SPRPA126QZB88,Solicitation,"DOOR,AIRCRAFT",ITEM UNIQUE IDENTIFICATION AND VALUATION (JAN 2023)|19||||||||||||||||||||\rHIGHER-LEVEL CONTRACT QUALITY REQUIREMENT|8|||x|TBD|N/A||||\rWIDE AREA WORKF,"Sep 25, 2026 08:30 PM UTC",,None,Other Aircraft Parts and Auxiliary Equipment Manufacturing,AIRFRAME STRUCTURAL COMPONENTS,,,,,false,1,Telephone: 2157376795,BRIAN.BLANCO@DLA.MIL,,,"Aug 26, 2026 12:15 PM UTC","Oct 10, 2026 12:00 AM UTC","Aug 26, 2026 12:15 PM UTC",active
"DLA AVIATION AT PHILADELPHIA, PA",SPRPA1,97AS,DEFENSE LOGISTICS AGENCY,SPRPA126QZB89,Solicitation,"DOOR,AIRCRAFT",ITEM UNIQUE IDENTIFICATION AND VALUATION (JAN 2023)|19||||||||||||||||||||\rHIGHER-LEVEL CONTRACT QUALITY REQUIREMENT|8|||x|TBD|N/A||||\rWIDE AREA WORKF,"Sep 25, 2026 08:30 PM UTC",,None,Other Aircraft Parts and Auxiliary Equipment Manufacturing,AIRFRAME STRUCTURAL COMPONENTS,,,,,false,1,Telephone: 2157376795,BRIAN.BLANCO@DLA.MIL,,,"Aug 26, 2026 01:22 PM UTC","Oct 10, 2026 12:00 AM UTC","Aug 26, 2026 01:22 PM UTC",active
"DLA AVIATION AT PHILADELPHIA, PA",SPRPA1,97AS,DEFENSE LOGISTICS AGENCY,SPRPA126QZB90,Solicitation,BELL CRANK,ITEM UNIQUE IDENTIFICATION AND VALUATION (JAN 2023)|19||||||||||||||||||||\rINSPECTION OF SUPPLIES--FIXED-PRICE (AUG 1996)|2|||\rHIGHER-LEVEL CONTRACT Q,"Sep 25, 2026 08:30 PM UTC",,None,Other Aircraft Parts and Auxiliary Equipment Manufacturing,MISCELLANEOUS AIRCRAFT ACCESSORIES AND COMPONENTS,,,,,false,1,Telephone: 2157376795,BRIAN.BLANCO@DLA.MIL,,,"Aug 26, 2026 01:54 PM UTC","Oct 10, 2026 12:00 AM UTC","Aug 26, 2026 01:54 PM UTC",active
"DLA AVIATION AT PHILADELPHIA, PA",SPRPA1,97AS,DEFENSE LOGISTICS AGENCY,SPRPA126QZB91,Solicitation,CONTROL DISPLAY UNI,ITEM UNIQUE IDENTIFICATION AND VALUATION (JAN 2023)|19||||||||||||||||||||\rINSPECTION OF SUPPLIES--FIXED-PRICE (AUG 1996)|2|||\rHIGHER-LEVEL CONTRACT Q,"Sep 25, 2026 08:30 PM UTC",,None,Other Aircraft Parts and Auxiliary Equipment Manufacturing,MISCELLANEOUS AIRCRAFT ACCESSORIES AND COMPONENTS,,,,,false,1,Telephone: 2157376795,BRIAN.BLANCO@DLA.MIL,,,"Aug 26, 2026 01:27 PM UTC","Oct 10, 2026 12:00 AM UTC","Aug 26, 2026 01:27 PM UTC",active
DLA LAND WARREN,SPRDL1,97AS,DEFENSE LOGISTICS AGENCY,SPRDL1-24-R-0095,Solicitation,Gun Cradle Assembly,*** Amendment 0002 extends the due date for proposal submission out to 25 Sep 2026. *** *** Amendment 0001 increases the procurement quanti,"Sep 25, 2026 09:00 PM UTC",,None,"Small Arms, Ordnance, and Ordnance Accessories Manufacturing","GUNS, THROUGH 30MM",,,,,true,3,John P. Moses,john.moses@dla.mil,,,"Aug 24, 2026 05:58 PM UTC","Oct 10, 2026 12:00 AM UTC","Aug 24, 2026 05:58 PM UTC",active
DLA LAND WARREN,SPRDL1,97AS,DEFENSE LOGISTICS AGENCY,SPRDL1-25-R-0117,Solicitation,"Engine, Diesel",*** Amendment 0005 was issued to extend the solicitation closing date out to 25 Sep 2026 (there is no Amendment 0002) *** *** Amendment 000,"Sep 25, 2026 09:00 PM UTC",,None,Other Engine Equipment Manufacturing,DIESEL ENGINES AND COMPONENTS,USA,,,,true,6,John P. Moses,john.moses@dla.mil,,,"Aug 14, 2026 07:20 PM UTC","Oct 10, 2026 12:00 AM UTC","Aug 14, 2026 07:20 PM UTC",active
FA8213 AFLCMC EBHK,FA8213,5700,DEPT OF THE AIR FORCE,FA821326R3044,Solicitation,"Wing, Fin, Elevon Cartridges","This acquisition is to establish a firm-fixed price (FFP) contract. The United States Government (USG) intends to procure Wing, Fin and Elevon Cartrid","Sep 26, 2026 12:00 AM UTC",,None,Explosives Manufacturing,GUIDED MISSILE WARHEADS AND EXPLOSIVE COMPONENTS,,85215,,,true,4,Sheynah Clawson,Sheynah.Clawson@us.af.mil,,,"Aug 24, 2026 02:12 PM UTC","Aug 24, 2027 12:00 AM UTC","Aug 24, 2026 02:12 PM UTC",active
BROOKHAVEN NATL LAB -DOE CONTRACTOR,899033,8900,"ENERGY, DEPARTMENT OF",WS482876,Solicitation,High Purity Alloy Material for Brazing,"40 pieces 50Au-50Cu, grade 1 alloy; 0.040"" diam. wire; formed into ring, Ø5.813"" OD, gap = 0.02"" max. </p","Sep 26, 2026 03:59 AM UTC",,None,Welding and Soldering Equipment Manufacturing,"MISCELLANEOUS WELDING, SOLDERING, AND BRAZING SUPPLIES AND ACCESSORIES",USA,11973,,NY,true,1,Wendy Shannon,wshannon@bnl.gov,,,"Sep 8, 2026 01:16 PM UTC","Oct 10, 2026 12:00 AM UTC","Sep 8, 2026 01:16 PM UTC",active
FA8121 AFSC PZAAA,FA8121,5700,DEPT OF THE AIR FORCE,FA812126RB003,Solicitation,Repair TF33 1st Stage Turbine Nozzle Vanes,Conformed Solicitation Amendment FA812126RB0030001 - Multiple Award Contract for Repair of TF33 1st Stage Turbine Nozzle Vanes.**Proposals must be val,"Sep 26, 2026 04:00 AM UTC",Partial Small Business Set-Aside (FAR 19.5),None,Aircraft Engine and Engine Parts Manufacturing,"MAINT/REPAIR/REBUILD OF EQUIPMENT- ENGINES, TURBINES, AND COMPONENTS",,,,,true,4,BRODY CORBETT,brody.corbett@us.af.mil,,,"Aug 25, 2026 09:53 PM UTC","Aug 25, 2027 12:00 AM UTC","Aug 25, 2026 09:53 PM UTC",active
DEFENSE HEALTH AGENCY,HT0014,97DH,DEFENSE HEALTH AGENCY (DHA),HT001426QE040,Solicitation,Nihon Kohden NeuroCart-Plus,SUBJECT: Sole Source Requirement; Nihon Kohden Neurofax 1.) This is a sole source solicitation for commercial products or commercial,"Sep 26, 2026 05:00 PM UTC",,None,Electromedical and Electrotherapeutic Apparatus Manufacturing,"MEDICAL AND SURGICAL INSTRUMENTS, EQUIPMENT, AND SUPPLIES",USA,20509,,DC,true,1,Matthew S. Tsueda,Matthew.s.tsueda.ctr@health.mil,,,"Aug 17, 2026 06:43 PM UTC","Oct 11, 2026 12:00 AM UTC","Aug 17, 2026 06:43 PM UTC",active
"DLA AVIATION AT OKLAHOMA CITY, OK",SPRTA1,97AS,DEFENSE LOGISTICS AGENCY,SPRTA1-26-Q-1945,Solicitation,"Valve, Float, Aircraft",See Attachment,"Sep 27, 2026 04:59 AM UTC",,None,Aircraft Engine and Engine Parts Manufacturing,"ENGINE FUEL SYSTEM COMPONENTS, AIRCRAFT AND MISSILE PRIME MOVERS",USA,,,,true,1,Genevee Suba,genevee.suba@us.af.mil,,,"Aug 26, 2026 11:56 AM UTC","Sep 26, 2027 12:00 AM UTC","Aug 26, 2026 11:56 AM UTC",active
0409 AQ HQ CONTRACT,W564KV,2100,DEPT OF THE ARMY,W564KV26QA042,Solicitation,Augmented Cook Services - Baumholder Dining Facilities,Please refer to the soliciation and its attachment(s) for the complete details of this requirement. All proposals must be received by 27 September,"Sep 27, 2026 12:00 PM UTC",,None,Food Service Contractors,OPERATION OF DINING FACILITIES,DEU,,,DE-RP,true,10,Naziha Djeriouat,naziha.djeriouat.ln@army.mil,,,"Aug 28, 2026 07:20 AM UTC","Oct 12, 2026 12:00 AM UTC","Aug 28, 2026 07:20 AM UTC",active
BROOKHAVEN NATL LAB -DOE CONTRACTOR,899033,8900,"ENERGY, DEPARTMENT OF",480758Revised,Solicitation,RFQ 480758 - 100MHz RF Power Amplifier System (Revised),"Brookhaven Science Associates, LLC (BSA), under a Prime Contract for the operation of Brookhaven National Laboratory (BNL) with the U.S. Department","Sep 28, 2026 12:00 PM UTC",,None,Radio and Television Broadcasting and Wireless Communications Equipment Manufacturing,AMPLIFIERS,USA,11973,Upton,NY,true,12,Jeanhei Christy,jchristy@bnl.gov,,,"Sep 10, 2026 08:37 PM UTC","Oct 13, 2026 12:00 AM UTC","Sep 10, 2026 08:37 PM UTC",active
FA4819 325 CONS PKP,FA4819,5700,DEPT OF THE AIR FORCE,FA481926R0029,Solicitation,Airfield Civil Works IDIQ,"This is the official solicitation for the Tyndall Air Force Base Airfield Civil Works Indefinite Delivery, Indefinite Quantity (IDIQ) requirement. The","Sep 28, 2026 03:00 PM UTC",Total Small Business Set-Aside (FAR 19.5),None,"Highway, Street, and Bridge Construction",REPAIR OR ALTERATION OF AIRPORT RUNWAYS AND TAXIWAYS,,32403,,,true,4,Frances Montgomery,frances.montgomery@US.AF.MIL,,,"Sep 10, 2026 09:05 PM UTC","Sep 10, 2027 12:00 AM UTC","Sep 10, 2026 09:05 PM UTC",active
COMMANDER NAVY INSTALLATIONS CMD,N4571A,1700,DEPT OF THE NAVY,N4571A-26-R-0016,Solicitation,SECO IT,Pleae see attached soliciation for all details. 7/31 Amendment 0001 released. 8/19 Proposal due date has been extended,"Sep 28, 2026 03:00 PM UTC",,None,"All Other Professional, Scientific, and Technical Services","CONVERSION KITS, NUCLEAR ORDNANCE",USA,38055,Millington,TN,true,6,Jasmyn Payne,jasmyn.m.payne.naf@us.navy.mil,,,"Sep 12, 2026 12:40 AM UTC","Sep 30, 2026 12:00 AM UTC","Sep 12, 2026 12:40 AM UTC",active
DLA LAND WARREN,SPRDL1,97AS,DEFENSE LOGISTICS AGENCY,SPRDL1-26-R-0057,Solicitation,Cylinder Outrigger & Cylinder Assembly,Please see solicitation.,"Sep 28, 2026 05:00 PM UTC",,None,Fluid Power Cylinder and Actuator Manufacturing,MISCELLANEOUS VEHICULAR COMPONENTS,USA,,Warren,AR,true,3,Stacy M. Johnson,stacy.m.johnson@dla.mil,,,"Aug 26, 2026 08:42 PM UTC","Dec 31, 2026 12:00 AM UTC","Aug 26, 2026 08:42 PM UTC",active
"DLA AVIATION AT PHILADELPHIA, PA",SPRPA1,97AS,DEFENSE LOGISTICS AGENCY,SPRPA126RVC41,Solicitation,"16--CONCENTRATOR,OXYGEN",ITEM UNIQUE IDENTIFICATION AND VALUATION (JAN 2023)|19||||||||||||||||||||\rHIGHER-LEVEL CONTRACT QUALITY REQUIREMENT|8|||||||||\rSTOP-WORK ORDER (AUG 1,"Sep 28, 2026 06:00 PM UTC",,None,Other Aircraft Parts and Auxiliary Equipment Manufacturing,"AIRCRAFT AIR CONDITIONING, HEATING, AND PRESSURIZING EQUIPMENT",,,,,false,1,Telephone: 2157370543,CASEY.STOCK@DLA.MIL,,,"Aug 31, 2026 11:10 AM UTC","Oct 13, 2026 12:00 AM UTC","Aug 31, 2026 11:10 AM UTC",active
"DLA AVIATION AT PHILADELPHIA, PA",SPRPA1,97AS,DEFENSE LOGISTICS AGENCY,SPRPA126RWC04,Solicitation,"DRIVE UNIT,HYDRAULI",ITEM UNIQUE IDENTIFICATION AND VALUATION (JAN 2023)|19||||||||||||||||||||\rINSPECTION OF SUPPLIES--FIXED-PRICE (AUG 1996)|2|||\rHIGHER-LEVEL CONTRACT Q,"Sep 28, 2026 06:00 PM UTC",,None,Other Aircraft Parts and Auxiliary Equipment Manufacturing,"AIRCRAFT HYDRAULIC, VACUUM, AND DE-ICING SYSTEM COMPONENTS",,,,,false,1,Telephone: 2157370865,NASEEM.AOUN@DLA.MIL,,,"Aug 27, 2026 10:58 AM UTC","Oct 13, 2026 12:00 AM UTC","Aug 27, 2026 10:58 AM UTC",active
"DLA AVIATION AT PHILADELPHIA, PA",SPRPA1,97AS,DEFENSE LOGISTICS AGENCY,SPRPA126QRC43,Solicitation,SPRPA126QRC43,"This RFQ is for the purchase of 4 EA PROCESSOR,RADAR DAT (NIIN 016568723) in support of the MH-60R HELICOPTER DCRPS. This is a Critical Application It","Sep 28, 2026 06:45 PM UTC",,None,"Search, Detection, Navigation, Guidance, Aeronautical, and Nautical System and Instrument Manufacturing","RADAR EQUIPMENT, AIRBORNE",,,,,true,4,SEAMUS CORKERY,Seamus.corkery@dla.mil,,,"Aug 10, 2026 07:00 PM UTC","Aug 10, 2027 12:00 AM UTC","Aug 10, 2026 07:00 PM UTC",active
693JJ3 ACQUISITION AND GRANTS MGT,693JJ3,6925,FEDERAL HIGHWAY ADMINISTRATION,693JJ3-26-BAA-0005,Solicitation,Cooperative Driving Automation (CDA) Small-Scale Industry Prototype,"UPDATE: On August 24, 2026 a Broad Agency Announcement (BAA) amendment was issued, see","Sep 28, 2026 07:00 PM UTC",,None,"Research and Development in the Physical, Engineering, and Life Sciences (except Nanotechnology and Biotechnology)","TRANSPORTATION R&D SVCS; SURFACE TRANSPORTATION, PUBLIC TRANSIT, & RAIL; EXPERIM",USA,,Washington,DC,true,7,Jessica Prutz,jessica.prutz@dot.gov,,,"Aug 24, 2026 09:15 PM UTC","Oct 13, 2026 12:00 AM UTC","Aug 24, 2026 09:15 PM UTC",active
DSC CONTRACTING SERVICES DIVISION,140P20,1443,NATIONAL PARK SERVICE,140P2026R0078,Solicitation,Y--YELL 326141 YELLOWSTONE MODULAR HOUSING,YELL 326141 Yellowstone Modular Housing,"Sep 28, 2026 08:00 PM UTC",Total Small Business Set-Aside (FAR 19.5),None,Commercial and Institutional Building Construction,CONSTRUCTION OF FAMILY HOUSING FACILITIES,,,,,true,38,"Freese-supler, Vicki",vicki_freese-supler@ios.doi.gov,,,"Sep 14, 2026 05:56 PM UTC","Oct 13, 2026 12:00 AM UTC","Sep 14, 2026 05:56 PM UTC",active
FA8117 AFSC PZABA,FA8117,5700,DEPT OF THE AIR FORCE,FA8117-26-R-B010,Solicitation,Repair of the E-3/C-130H Power Supply,This solicitation is for the Repair of the E-3/C-130H Power Supply.,"Sep 28, 2026 08:00 PM UTC",,None,Other Aircraft Parts and Auxiliary Equipment Manufacturing,MAINT/REPAIR/REBUILD OF EQUIPMENT- ELECTRIC WIRE AND POWER DISTRIBUTION EQUIPMEN,USA,73145,Tinker AFB,OK,true,9,Cindy Hunter,cindy.hunter.1@us.af.mil,,,"Aug 28, 2026 01:26 PM UTC","Oct 13, 2026 12:00 AM UTC","Aug 28, 2026 01:26 PM UTC",active
"DLA AVIATION AT PHILADELPHIA, PA",SPRPA1,97AS,DEFENSE LOGISTICS AGENCY,SPRPA126QWC00,Solicitation,"58--TERMINAL,SATELLITE",ITEM UNIQUE IDENTIFICATION AND VALUATION (JAN 2023)|19||||||||||||||||||||\rWIDE AREA WORKFLOW PAYMENT INSTRUCTIONS (JAN 2023)|16|iNVOICE AND RECEIVING,"Sep 28, 2026 08:30 PM UTC",,None,Other Communications Equipment Manufacturing,IT AND TELECOM - NETWORK: ANALOG VOICE PRODUCTS (HARDWARE AND PERPETUAL LICENSE,,,,,false,1,Telephone: 2157374239,JOSEPH.GAMBINO@DLA.MIL,,,"Sep 14, 2026 10:47 AM UTC","Oct 13, 2026 12:00 AM UTC","Sep 14, 2026 10:47 AM UTC",active
"DLA AVIATION AT PHILADELPHIA, PA",SPRPA1,97AS,DEFENSE LOGISTICS AGENCY,SPRPA126QWC01,Solicitation,58--V/UHF AIU EXTENDED,ITEM UNIQUE IDENTIFICATION AND VALUATION (JAN 2023)|19||||||||||||||||||||\rWIDE AREA WORKFLOW PAYMENT INSTRUCTIONS (JAN 2023)|16|Invoice and receiving,"Sep 28, 2026 08:30 PM UTC",,None,Other Communications Equipment Manufacturing,IT AND TELECOM - NETWORK: ANALOG VOICE PRODUCTS (HARDWARE AND PERPETUAL LICENSE,,,,,false,1,Telephone: 2157374239,JOSEPH.GAMBINO@DLA.MIL,,,"Sep 14, 2026 10:52 AM UTC","Oct 13, 2026 12:00 AM UTC","Sep 14, 2026 10:52 AM UTC",active
"DLA AVIATION AT PHILADELPHIA, PA",SPRPA1,97AS,DEFENSE LOGISTICS AGENCY,SPRPA126QXB70,Solicitation,"HOUSING ASSY,COMBUS",ITEM UNIQUE IDENTIFICATION AND VALUATION (JAN 2023)|19||||||||||||||||||||\rHIGHER-LEVEL CONTRACT QUALITY REQUIREMENT|8|||x|AS/EN/JISQ 9100 or equivale,"Sep 28, 2026 08:30 PM UTC",,None,Other Aircraft Parts and Auxiliary Equipment Manufacturing,"AIRCRAFT HYDRAULIC, VACUUM, AND DE-ICING SYSTEM COMPONENTS",,,,,false,1,Telephone: 2156607088,ISABELLA.PERRINS@DLA.MIL,,,"Aug 28, 2026 11:12 AM UTC","Oct 13, 2026 12:00 AM UTC","Aug 28, 2026 11:12 AM UTC",active
"DLA AVIATION AT PHILADELPHIA, PA",SPRPA1,97AS,DEFENSE LOGISTICS AGENCY,SPRPA126QYD36,Solicitation,"STARTER,ENGINE,GAS",ITEM UNIQUE IDENTIFICATION AND VALUATION (JAN 2023)|19|.|||||||||||||||||||\rFMS DELIVERY AND SHIPPING INSTRUCTIONS|3|x|TBD|N52|\rNAVY USE OF ABILITYONE,"Sep 28, 2026 08:30 PM UTC",,None,Aircraft Engine and Engine Parts Manufacturing,"MISCELLANEOUS ENGINE ACCESSORIES, AIRCRAFT",,,,,false,1,Telephone: 2157376835,KAILEIGH.BLAKER@DLA.MIL,,,"Aug 27, 2026 10:51 AM UTC","Oct 13, 2026 12:00 AM UTC","Aug 27, 2026 10:51 AM UTC",active
"DLA AVIATION AT PHILADELPHIA, PA",SPRPA1,97AS,DEFENSE LOGISTICS AGENCY,SPRPA126QZB92,Solicitation,"BOTTLE ASSEMBLY,AIR",ITEM UNIQUE IDENTIFICATION AND VALUATION (JAN 2023)|19||||||||||||||||||||\rINSPECTION OF SUPPLIES--FIXED-PRICE (AUG 1996)|2|||\rHIGHER-LEVEL CONTRACT Q,"Sep 28, 2026 08:30 PM UTC",,None,Other Aircraft Parts and Auxiliary Equipment Manufacturing,MISCELLANEOUS AIRCRAFT ACCESSORIES AND COMPONENTS,,,,,false,1,Telephone: 2157376795,BRIAN.BLANCO@DLA.MIL,,,"Aug 27, 2026 10:46 AM UTC","Oct 13, 2026 12:00 AM UTC","Aug 27, 2026 10:46 AM UTC",active
"DLA AVIATION AT PHILADELPHIA, PA",SPRPA1,97AS,DEFENSE LOGISTICS AGENCY,SPRPA126QZC02,Solicitation,AERIAL REFUEL CONTR,ITEM UNIQUE IDENTIFICATION AND VALUATION (JAN 2023)|19||||||||||||||||||||\rINSPECTION OF SUPPLIES--FIXED-PRICE (AUG 1996)|2|||\rHIGHER-LEVEL CONTRACT Q,"Sep 28, 2026 08:30 PM UTC",,None,Other Aircraft Parts and Auxiliary Equipment Manufacturing,MISCELLANEOUS AIRCRAFT ACCESSORIES AND COMPONENTS,,,,,false,1,Telephone: 4557370386,SARA.PAGAN-RAMOS@DLA.MIL,,,"Aug 28, 2026 11:04 AM UTC","Oct 13, 2026 12:00 AM UTC","Aug 28, 2026 11:04 AM UTC",active
"FWS, CONSTRUCTION A/E TEAM 2",140FC2,1448,U.S. FISH AND WILDLIFE SERVICE,140FC226R0016,Solicitation,Y--MA DIV OF REFUGE FIELD SUPPORT VC TO HQ,Amendment-0002 is issued to provide the government response to contractor requests for information. The closing time and date remains unchanged at 5:0,"Sep 28, 2026 09:00 PM UTC",Total Small Business Set-Aside (FAR 19.5),None,Commercial and Institutional Building Construction,CONSTRUCTION OF OTHER NON-BUILDING FACILITIES,,,,,true,9,"Holmes, Micah",micah_holmes@fws.gov,,,"Sep 14, 2026 05:01 PM UTC","Oct 14, 2026 12:00 AM UTC","Sep 14, 2026 05:01 PM UTC",active
246-NETWORK CONTRACTING OFFICE 6 (36C246),36C246,3600,"VETERANS AFFAIRS, DEPARTMENT OF",36C24626B0031,Solicitation,Z2NZ-- 658-23-108 Correct Stormwater Drainage,Project Title: Correct Storm Water Drainage Project Number: 658-23-108 NAICS Code: 237110 Water and Sewer and Related Structures Construction,"Sep 28, 2026 09:00 PM UTC",Service-Disabled Veteran-Owned Small Business (SDVOSB) Set-Aside (FAR 19.14),None,Water and Sewer Line and Related Structures Construction,REPAIR OR ALTERATION OF OTHER UTILITIES,USA,24153,Salem,VA,true,7,Taneil Crump,taneil.crump@va.gov,,,"Sep 3, 2026 06:39 PM UTC","Dec 28, 2026 12:00 AM UTC","Sep 3, 2026 06:39 PM UTC",active
6973GH FRANCHISE ACQUISITION SVCS,6973GH,6920,FEDERAL AVIATION ADMINISTRATION,6973GH-26-R-00229,Solicitation,INVESTIGATIVE INTERVIEWING TRAINING COURSE,"Investigative Interviewing course to provide Federal Aviation Administration (FAA) employees with the tools necessary for conducting ethical, outco","Sep 28, 2026 09:00 PM UTC",,None,Other Technical and Trade Schools,EDUCATION/TRAINING- OTHER,USA,,Oklahoma City,OK,true,3,Erick Martinez,erick.i.martinez-abril@faa.gov,,,"Sep 14, 2026 06:49 PM UTC","Oct 13, 2026 12:00 AM UTC","Sep 14, 2026 06:49 PM UTC",active
"DLA AVIATION AT OKLAHOMA CITY, OK",SPRTA1,97AS,DEFENSE LOGISTICS AGENCY,SPRTA1-26-Q-1507,Solicitation,"COOLER, LUBRICATING",NSN: 2935010078381NZ / PN: 4046015 / AMC: 3B,"Sep 28, 2026 09:00 PM UTC",,None,Aircraft Engine and Engine Parts Manufacturing,"ENGINE SYSTEM COOLING COMPONENTS, AIRCRAFT PRIME MOVING",,,,,true,1,Jayson Skalla,jayson.skalla@us.af.mil,,,"Aug 26, 2026 04:17 PM UTC","Sep 28, 2027 12:00 AM UTC","Aug 26, 2026 04:17 PM UTC",active
FA8213 AFLCMC EBHK,FA8213,5700,DEPT OF THE AIR FORCE,FA821326R3000,Solicitation,F-16 Canopy Jettison Rocket Motors,F-16 Canopy Jettison Rocket Motors Limited to Pre-Qualified Sources (SEE JFQR if not an approved source),"Sep 28, 2026 11:00 PM UTC",,None,Explosives Manufacturing,CARTRIDGE AND PROPELLANT ACTUATED DEVICES AND COMPONENTS,USA,,,,false,16,Marc Mattsson,marc.mattsson@us.af.mil,,,"Sep 14, 2026 10:43 PM UTC","Oct 13, 2026 12:00 AM UTC","Sep 14, 2026 10:43 PM UTC",active
"DLA AVIATION AT PHILADELPHIA, PA",SPRPA1,97AS,DEFENSE LOGISTICS AGENCY,SPRPA126RWB97,Solicitation,"16--CONTROL PANEL,AIRCR",ITEM UNIQUE IDENTIFICATION AND VALUATION (JAN 2023)|19||||||||||||||||||||\rSTOP-WORK ORDER (AUG 1989)|1||\rWIDE AREA WORKFLOW PAYMENT INSTRUCTIONS (JAN,"Sep 29, 2026 12:00 AM UTC",,None,Other Aircraft Parts and Auxiliary Equipment Manufacturing,MISCELLANEOUS AIRCRAFT ACCESSORIES AND COMPONENTS,,,,,false,1,Telephone: 2157374239,JOSEPH.GAMBINO@DLA.MIL,,,"Sep 14, 2026 10:44 AM UTC","Oct 13, 2026 12:00 AM UTC","Sep 14, 2026 10:44 AM UTC",active
0411 AQ HQ CONTRACT AUG,W91QVN,2100,DEPT OF THE ARMY,W51LL526RA004,Solicitation,Total Maintenance for Critical Facilities at USAG Humphreys and Camp Yongin,Performance Work Statement is uploaded for Maintenance and Operation of Critical Facilities at USAG Humphreys and Camp Yongin.,"Sep 29, 2026 04:00 AM UTC",,None,Commercial and Institutional Building Construction,"MAINT/REPAIR/REBUILD OF EQUIPMENT- REFRIGERATION, AIR CONDITIONING, AND AIR CIRC",,,,,true,4,Kumok Kim,kumok.kim2.ln@army.mil,,,"Sep 1, 2026 12:59 AM UTC","Sep 1, 2027 12:00 AM UTC","Sep 1, 2026 12:59 AM UTC",active
"DLA AVIATION AT OKLAHOMA CITY, OK",SPRTA1,97AS,DEFENSE LOGISTICS AGENCY,SPRTA126Q1399,Solicitation,"PUMP UNIT,AXIAL PIS NSN: 4320001745811HS PN:MPEV3-032-2A",See attached document.,"Sep 29, 2026 04:59 AM UTC",,None,Other Aircraft Parts and Auxiliary Equipment Manufacturing,POWER AND HAND PUMPS,USA,,,,true,1,Logan Hurtz,logan.hurtz@us.af.mil,,,"Aug 27, 2026 09:52 PM UTC","Aug 27, 2027 12:00 AM UTC","Aug 27, 2026 09:52 PM UTC",active
"DLA AVIATION AT OGDEN, UT",SPRHA4,97AS,DEFENSE LOGISTICS AGENCY,SPRHA4-26-Q-0949,Solicitation,"F-16 Linear Actuatin Cap, NSN 1650010533669","QTY. 7 of NSN 1650010533669, this is Sole Source","Sep 29, 2026 05:59 AM UTC",8(a) Sole Source (FAR 19.8),None,Other Aircraft Parts and Auxiliary Equipment Manufacturing,"AIRCRAFT HYDRAULIC, VACUUM, AND DE-ICING SYSTEM COMPONENTS",,,,,false,4,Vincent Pellegrini,vincent.pellegrini@us.af.mil,,,"Aug 27, 2026 05:18 PM UTC","Sep 28, 2027 12:00 AM UTC","Aug 27, 2026 05:18 PM UTC",active
DLA LAND WARREN,SPRDL1,97AS,DEFENSE LOGISTICS AGENCY,SPRDL1-26-R-0061,Solicitation,Engine Cooling System Pump,DLA Weapons Support - Warren currently has a SOLICITATION posted for: Item: Engine Cooling Syst,"Sep 29, 2026 05:00 PM UTC",,None,Motor Vehicle Gasoline Engine and Engine Parts Manufacturing,"ENGINE COOLING SYSTEM COMPONENTS, NONAIRCRAFT",,,,,true,1,Sabrina Swain,Sabrina.Swain@dla.mil,,,"Aug 26, 2026 10:08 PM UTC","Oct 14, 2026 12:00 AM UTC","Aug 26, 2026 10:08 PM UTC",active
DLA LAND WARREN,SPRDL1,97AS,DEFENSE LOGISTICS AGENCY,SPRDL1-26-R-0048,Solicitation,MOTOR ASSEMBLY,Amendment 0002 - Extends the closing date from 2026 August 28 03:00pm to 2026 September 29 03:00pm. Amendment 0001 - Extends the cl,"Sep 29, 2026 07:00 PM UTC",,None,Motor and Generator Manufacturing,"MOTORS, ELECTRICAL",USA,,,,true,4,Jasteena Gomoll,jasteena.gomoll@dla.mil,,,"Aug 31, 2026 07:44 PM UTC","Oct 14, 2026 12:00 AM UTC","Aug 31, 2026 07:44 PM UTC",active
DSC CONTRACTING SERVICES DIVISION,140P20,1443,NATIONAL PARK SERVICE,140P2026B0003,Solicitation,Y--Rehabilitation of Water and Wastewater System,CURE 318742 - Rehabilitation of Water and Wastewater System - Curecanti National Recreation Area,"Sep 29, 2026 08:00 PM UTC",Total Small Business Set-Aside (FAR 19.5),None,Water and Sewer Line and Related Structures Construction,CONSTRUCTION OF SEWAGE AND WASTE FACILITIES,,,,,true,17,"Freese-supler, Vicki",vicki_freese-supler@ios.doi.gov,,,"Sep 11, 2026 02:54 PM UTC","Oct 14, 2026 12:00 AM UTC","Sep 11, 2026 02:54 PM UTC",active
FA8207 AFNWC PZBC,FA8207,5700,DEPT OF THE AIR FORCE,FA820726RB008,Solicitation,IDOS SEI - Request for Proposal - RFI1826913,"This designated STRICTLY for Subcontractor Encrypted Submissions to GSA eBuy RFP1826913. As per Attachment 04 - Instructions To Offerors (ITO) 3.4.3,","Sep 29, 2026 09:00 PM UTC",,None,Engineering Services,SUPPORT- PROFESSIONAL: ENGINEERING/TECHNICAL,,,,,true,4,Kristen Cross,kristen.cross.2@us.af.mil,,,"Aug 26, 2026 05:55 PM UTC","Sep 29, 2026 12:00 AM UTC","Aug 26, 2026 05:55 PM UTC",active
FA8203 AFSC PZAAB2,FA8203,5700,DEPT OF THE AIR FORCE,FA820326Q0014,Solicitation,F-16 Housing Section,"HOUSING SECTION,FRI Housing assembly cover for F-16 ADG","Sep 29, 2026 09:30 PM UTC",Total Small Business Set-Aside (FAR 19.5),None,Other Aircraft Parts and Auxiliary Equipment Manufacturing,TORQUE CONVERTERS AND SPEED CHANGERS,USA,,,,true,4,Matthew Fowers,matthew.fowers@us.af.mil,,,"Sep 8, 2026 05:55 PM UTC","Oct 14, 2026 12:00 AM UTC","Sep 8, 2026 05:55 PM UTC",active
DEFENSE THREAT REDUCTION AGENCY,HDTRA1,9761,DEFENSE THREAT REDUCTION AGENCY (DTRA),HDTRA124S0001,Solicitation,Mentor Protege Program (MPP) Broad Agency Announcement (BAA),The Defense Threat Reduction Agency (DTRA) has a requirement for the Mentor Protégé Program (MPP) Broad Agency Announcement (BAA) to,"Sep 30, 2026 04:00 AM UTC",,None,Administrative Management and General Management Consulting Services,SUPPORT- MANAGEMENT: OTHER,,,,,true,6,Cornelia Ruffin,cornelia.f.ruffin.civ@mail.mil,,,"Jan 28, 2025 03:06 PM UTC","Oct 15, 2026 12:00 AM UTC","Jan 28, 2025 03:06 PM UTC",active
"DLA AVIATION AT OGDEN, UT",SPRHA4,97AS,DEFENSE LOGISTICS AGENCY,SPRHA4-26-Q-0855,Solicitation,F-16 Data Display Group,QTY. 2 of NSN 5895015938172,"Sep 30, 2026 05:59 AM UTC",,None,Other Communications Equipment Manufacturing,MISCELLANEOUS COMMUNICATION EQUIPMENT,,,,,true,4,Vincent Pellegrini,vincent.pellegrini@us.af.mil,,,"Aug 26, 2026 02:59 PM UTC","Sep 29, 2027 12:00 AM UTC","Aug 26, 2026 02:59 PM UTC",active
257-NETWORK CONTRACT OFFICE 17 (36C257),36C257,3600,"VETERANS AFFAIRS, DEPARTMENT OF",36C25727R0003,Solicitation,"Testing & Inspecting, Preventative Maintenance (PM), Corrective Repairs, Emergency Repairs, and Service Calls for facility the VA Cogeneration and Boiler Chiller Plant","Testing & Inspecting, Preventative Maintenance, Corrective Repair, Emergency Repair, and Service call IAW PWS","Sep 30, 2026 03:00 PM UTC",Service-Disabled Veteran-Owned Small Business (SDVOSB) Set-Aside (FAR 19.14),None,"Plumbing, Heating, and Air-Conditioning Contractors",MAINTENANCE OF HEATING AND COOLING PLANTS,USA,75216,Dallas,TX,true,1,Mr. Shawn R. Reinhart,shawn.reinhart@va.gov,,,"Aug 10, 2026 02:59 PM UTC","Nov 15, 2026 12:00 AM UTC","Aug 10, 2026 02:59 PM UTC",active
DEF ADVANCED RESEARCH PROJECTS AGCY,HR0011,97AE,DEFENSE ADVANCED RESEARCH PROJECTS AGENCY (DARPA),HR001126S0003,Solicitation,Biological Technologies,The Defense Advanced Research Projects Agency (DARPA) Biological Technologies Office (BTO) is soliciting proposals that leverage biological properties,"Sep 30, 2026 04:00 PM UTC",,None,Research and Development in Biotechnology (except Nanobiotechnology),NATIONAL DEFENSE R&D SERVICES; DEPARTMENT OF DEFENSE - MILITARY; BASIC RESEARCH,,,,,true,14,BAA Coordinator,BTOBAA2026@darpa.mil,,,"Oct 1, 2025 11:51 AM UTC","Oct 30, 2026 12:00 AM UTC","Oct 1, 2025 11:51 AM UTC",active
COMMANDER,M67854,1700,DEPT OF THE NAVY,M67854-26-R-3007,Solicitation,PM MAGTF C2 PMO Support Services: PM/FM/Ops (SDVOSB Set-Aside),"The PM MAGTF C2 Program Office requires expert total life cycle acquisition services for all administrative, business, acquisition, finance, costs,","Sep 30, 2026 04:00 PM UTC",Service-Disabled Veteran-Owned Small Business (SDVOSB) Set-Aside (FAR 19.14),None,Engineering Services,SUPPORT- PROFESSIONAL: ENGINEERING/TECHNICAL,USA,22556,Stafford,VA,true,9,Jeffrey Conger,jeffrey.conger@usmc.mil,,,"Aug 31, 2026 06:00 PM UTC","Aug 31, 2027 12:00 AM UTC","Aug 31, 2026 06:00 PM UTC",active
261-NETWORK CONTRACT OFFICE 21 (36C261),36C261,3600,"VETERANS AFFAIRS, DEPARTMENT OF",36C26127Q0046,Solicitation,Document Shredding Services,Data and Document Shredding services IAW SOW,"Sep 30, 2026 05:00 PM UTC",,None,All Other Support Services,SUPPORT- ADMINISTRATIVE: PAPER SHREDDING,USA,,Fresno,OH,true,9,Kulvinder Brar,kulvinder.brar@va.gov,,,"Sep 14, 2026 05:41 PM UTC","Oct 15, 2026 12:00 AM UTC","Sep 14, 2026 05:41 PM UTC",active
697DCK REGIONAL ACQUISITIONS SVCS,697DCK,6920,FEDERAL AVIATION ADMINISTRATION,697DCK-26-R-00363,Solicitation,ZDV Cafeteria Services,"The attached solicitation is for Cafeteria Services needed at the Denver ARTCC located at 2211 17th Avenue Longmont, CO 80501. This project d","Sep 30, 2026 05:00 PM UTC",,None,Caterers,HOUSEKEEPING- FOOD,USA,80501,Longmont,CO,true,1,Noah Laduca,Noah.f.laduca@faa.gov,,,"Sep 2, 2026 06:28 PM UTC","Oct 15, 2026 12:00 AM UTC","Sep 2, 2026 06:28 PM UTC",active
DLA LAND WARREN,SPRDL1,97AS,DEFENSE LOGISTICS AGENCY,SPRDL1-26-R-0118,Solicitation,Transmission Shipping and Storage Container,DLA Weapons Support (Warren) currently has a SOLICITATION posted for: Item: Transmission Shipping,"Sep 30, 2026 05:00 PM UTC",,None,Other Metal Container Manufacturing,SPECIALIZED SHIPPING AND STORAGE CONTAINERS,,,,,true,2,Sabrina Swain,Sabrina.Swain@dla.mil,,,"Aug 31, 2026 01:06 PM UTC","Oct 15, 2026 12:00 AM UTC","Aug 31, 2026 01:06 PM UTC",active
BROOKHAVEN NATL LAB -DOE CONTRACTOR,899033,8900,"ENERGY, DEPARTMENT OF",471924,Solicitation,RFQ 471924 DUNE VD Warm Bias SHV Cables,"*9/14/2026 - The solicitation due date is extended through 3:00 PM (ET), September 30, 2026 to promote competition. Please ensure the RFQ a","Sep 30, 2026 07:00 PM UTC",,None,Other Communication and Energy Wire Manufacturing,MISCELLANEOUS ELECTRIC POWER AND DISTRIBUTION EQUIPMENT,USA,11973,Upton,NY,true,9,Lisa Gonzales,lgonzales@bnl.gov,,,"Sep 14, 2026 10:37 PM UTC","Oct 15, 2026 12:00 AM UTC","Sep 14, 2026 10:37 PM UTC",active
FA4621 22 CONS PK,FA4621,5700,DEPT OF THE AIR FORCE,FA462126R0001,Solicitation,FY27 McConnell AFB - Multiple Award Construction Contract (MACC),McConnell AFB Multiple Award Construction Contract (MACC) Solicitation FA4621-26-R-0001 The 22d Contracting Squadron (22 C,"Sep 30, 2026 07:00 PM UTC",Total Small Business Set-Aside (FAR 19.5),None,Commercial and Institutional Building Construction,REPAIR OR ALTERATION OF MISCELLANEOUS BUILDINGS,USA,67221,McConnell AFB,KS,true,,1st Lt William Johnson,william.johnson.237@us.af.mil,,,"Aug 18, 2026 04:07 PM UTC","Oct 15, 2026 12:00 AM UTC","Aug 18, 2026 04:07 PM UTC",active
DLA ENERGY,SPE603,97AS,DEFENSE LOGISTICS AGENCY,SPE60326R0518,Solicitation,"Government Owned Contractor Operated Fuel Storage Facility at DFSP Tampa, FL","The Defense Logistics Agency - Energy is procuring Government-Owned Contractor-Operated (GOCO) fuel storage services for DFSP Tampa, FL. Contractor","Sep 30, 2026 07:00 PM UTC",Service-Disabled Veteran-Owned Small Business (SDVOSB) Sole Source (FAR 19.14),None,General Warehousing and Storage,OPERATION OF FUEL STORAGE BUILDINGS,USA,33621,Tampa,FL,true,14,Candice Ekwoge,Candice.Ekwoge@dla.mil,,,"Sep 8, 2026 06:29 PM UTC","Oct 15, 2026 12:00 AM UTC","Sep 8, 2026 06:29 PM UTC",active
DLA LAND WARREN,SPRDL1,97AS,DEFENSE LOGISTICS AGENCY,SPRDL1-25-R-0254,Solicitation,"Subcaliber Assembly, 7.62 Millimeter",See solicitation for details.,"Sep 30, 2026 07:00 PM UTC",,None,"Small Arms, Ordnance, and Ordnance Accessories Manufacturing","GUNS, THROUGH 30MM",USA,,Warren,MI,true,4,Richard Campbell,richard.j.campbell@dla.mil,,,"Jul 9, 2026 05:26 PM UTC","Oct 31, 2026 12:00 AM UTC","Jul 9, 2026 05:26 PM UTC",active
DSC CONTRACTING SERVICES DIVISION,140P20,1443,NATIONAL PARK SERVICE,140P2026B0004,Solicitation,Y--BRCA 318695 - CONSTRUCTION,BRCA 318695 - CONSTRUCTION,"Sep 30, 2026 08:00 PM UTC",Total Small Business Set-Aside (FAR 19.5),None,Water and Sewer Line and Related Structures Construction,CONSTRUCTION OF SEWAGE AND WASTE FACILITIES,,,,,true,10,"Freese-supler, Vicki",vicki_freese-supler@ios.doi.gov,,,"Sep 3, 2026 04:58 PM UTC","Oct 15, 2026 12:00 AM UTC","Sep 3, 2026 04:58 PM UTC",active
"DLA AVIATION AT OKLAHOMA CITY, OK",SPRTA1,97AS,DEFENSE LOGISTICS AGENCY,SPRTA1-26-Q-0267,Solicitation,"Pump, Fuel, Metering",Purpose of this Amendment is to extend the solicitation response date to 30 September 2026.,"Sep 30, 2026 08:00 PM UTC",,None,Other Aircraft Parts and Auxiliary Equipment Manufacturing,"ENGINE FUEL SYSTEM COMPONENTS, AIRCRAFT AND MISSILE PRIME MOVERS",,,,,false,6,Howard Heflin,howard.heflin@us.af.mil,,,"Sep 2, 2026 02:44 PM UTC","Sep 30, 2027 12:00 AM UTC","Sep 2, 2026 02:44 PM UTC",active
"DLA AVIATION AT OKLAHOMA CITY, OK",SPRTA1,97AS,DEFENSE LOGISTICS AGENCY,SPRTA1-26-R-0286,Solicitation,"CASE,COMPRESSOR,AIR",NSN: 2840-01-035-2030 OK / PN: 6029T29G08 / AMC: 3P,"Sep 30, 2026 08:00 PM UTC",,None,Aircraft Engine and Engine Parts Manufacturing,"GAS TURBINES AND JET ENGINES, AIRCRAFT, PRIME MOVING; AND COMPONENTS",,,,,true,1,Adrian Campos,adrian.campos@us.af.mil,,,"Sep 1, 2026 03:39 PM UTC","Sep 30, 2027 12:00 AM UTC","Sep 1, 2026 03:39 PM UTC",active
"DLA AVIATION AT OKLAHOMA CITY, OK",SPRTA1,97AS,DEFENSE LOGISTICS AGENCY,SPRTA126R0363,Solicitation,SPRTA1-26-R-0363 (NSN:2840-00-184-8739),"SHROUD,COMPRESSOR,A 2840011848739NZ 4059650 BEQ: 35 ea Min: 9 ea, Med: 37 ea Max: 56 ea","Sep 30, 2026 08:00 PM UTC",,None,Aircraft Engine and Engine Parts Manufacturing,"GAS TURBINES AND JET ENGINES, AIRCRAFT, PRIME MOVING; AND COMPONENTS",,,,,true,1,Alson Dacalio,alson.dacalio@us.af.mil,,,"Aug 31, 2026 02:37 PM UTC","Dec 30, 2027 12:00 AM UTC","Aug 31, 2026 02:37 PM UTC",active
"DLA AVIATION AT OKLAHOMA CITY, OK",SPRTA1,97AS,DEFENSE LOGISTICS AGENCY,SPRTA126R1467,Solicitation,"F-100 Liner, Combustion Ch",See attached for Solicitation Amendment SPRTA1-26-R-1467-0001.,"Sep 30, 2026 08:00 PM UTC",,None,Aircraft Engine and Engine Parts Manufacturing,"GAS TURBINES AND JET ENGINES, AIRCRAFT, PRIME MOVING; AND COMPONENTS",USA,,,,true,2,Jeremy Bryant,Jeremy.bryant@us.af.mil,,,"Aug 26, 2026 01:20 PM UTC","Dec 31, 2026 12:00 AM UTC","Aug 26, 2026 01:20 PM UTC",active
FPAC BUS CNTR-MGMT SVS DIV,12FPAR,12D0,FARM PRODUCTION AND CONSERVATION BUSINESS CENTER,57-51141-26-FA-RLP,Solicitation,"Department of Agriculture (USDA) seeks Requests For Lease Proposals for Lease Space in Stuart, Virginia",Department of Agriculture (USDA) seeks to lease the following space: State: Virginia City: Stuart Delineated Area: North: C,"Sep 30, 2026 08:30 PM UTC",,None,Lessors of Nonresidential Buildings (except Miniwarehouses),LEASE/RENTAL OF OFFICE BUILDINGS,USA,24171,Stuart,VA,true,2,Antonio Rodriguez,antonio.rodriguez@usda.gov,,,"Aug 13, 2026 01:47 PM UTC","Oct 1, 2026 12:00 AM UTC","Aug 13, 2026 01:47 PM UTC",active
"DLA AVIATION AT PHILADELPHIA, PA",SPRPA1,97AS,DEFENSE LOGISTICS AGENCY,SPRPA126QUB47,Solicitation,"16--PUMP,WINDOW WASHER",ITEM UNIQUE IDENTIFICATION AND VALUATION (JAN 2023)|19||||||||||||||||||||\rHIGHER-LEVEL CONTRACT QUALITY REQUIREMENT|8|||X|AS/EN/JISQ 9100 or equivale,"Sep 30, 2026 08:30 PM UTC",,None,Other Aircraft Parts and Auxiliary Equipment Manufacturing,MISCELLANEOUS AIRCRAFT ACCESSORIES AND COMPONENTS,,,,,false,2,Telephone: 2157373766,DANIEL.MACDONALD@DLA.MIL,,,"Sep 11, 2026 11:45 AM UTC","Oct 15, 2026 12:00 AM UTC","Sep 11, 2026 11:45 AM UTC",active
257-NETWORK CONTRACT OFFICE 17 (36C257),36C257,3600,"VETERANS AFFAIRS, DEPARTMENT OF",36C25726R0018,Solicitation,The VA North Texas Health Care system requires community based Outpatient clinic (CBOC)),The VA North Texas Health Care system requires community based Outpatient clinic (CBOC). Outpatient Clinic (CBOC) services to be provide,"Sep 30, 2026 09:00 PM UTC",Service-Disabled Veteran-Owned Small Business (SDVOSB) Set-Aside (FAR 19.14),None,All Other Outpatient Care Centers,MEDICAL- MANAGED HEALTHCARE,USA,75216,Dallas,TX,true,31,Carlos Jaquez,Carlos.Jaquez@va.gov,,,"Sep 3, 2026 12:32 AM UTC","Oct 15, 2026 12:00 AM UTC","Sep 3, 2026 12:32 AM UTC",active
"DLA AVIATION AT HUNTSVILLE, AL",SPRRA2,97AS,DEFENSE LOGISTICS AGENCY,SPRRA2-26-R0058,Solicitation,SPRRA2-26-R-0058 - SOLE SOURCE to RTX - Kuwait Patriot Component,"DLA-AHC1, Adam Henson, Contract Specialist, via email Jeffrey.henson@dla.mil . The Government proposes to acquire the labor for the new upgrade har","Sep 30, 2026 09:00 PM UTC",,None,"Search, Detection, Navigation, Guidance, Aeronautical, and Nautical System and Instrument Manufacturing","RADAR EQUIPMENT, EXCEPT AIRBORNE",USA,35898,Redstone Arsenal,AL,true,1,Adam Henson,Jeffrey.Henson@dla.mil,,,"Jul 2, 2026 02:00 PM UTC","Oct 15, 2026 12:00 AM UTC","Jul 2, 2026 02:00 PM UTC",active
"DLA AVIATION AT OKLAHOMA CITY, OK",SPRTA1,97AS,DEFENSE LOGISTICS AGENCY,SPRTA126R0211,Solicitation,"Governor, Pump, Press",See attached Solicitation & amendment.,"Sep 30, 2026 09:00 PM UTC",,None,Aircraft Engine and Engine Parts Manufacturing,"ENGINE FUEL SYSTEM COMPONENTS, AIRCRAFT AND MISSILE PRIME MOVERS",USA,,,,true,4,James Headington,James.Headington.1@us.af.mil,,,"Aug 31, 2026 02:51 PM UTC","Sep 30, 2027 12:00 AM UTC","Aug 31, 2026 02:51 PM UTC",active
ACQUISITIONS - AQM MOMENTUM,19AQMM,1900,"STATE, DEPARTMENT OF",19AQMM26R0250,Solicitation,CODIS Phase III (Specialized Forensics IT Equipment),"Solicitation Amendment 002: Amendment 002 clarifies pricing requirements, corrects administrative errors, incorporates res","Sep 30, 2026 11:00 PM UTC",Total Small Business Set-Aside (FAR 19.5),None,Other Computer Related Services,IT AND TELECOM - COMPUTE: SERVERS (HARDWARE AND PERPETUAL LICENSE SOFTWARE),MEX,,,,true,8,Alexander Bring,BringAG@state.gov,,,"Sep 14, 2026 04:44 PM UTC","Oct 15, 2026 12:00 AM UTC","Sep 14, 2026 04:44 PM UTC",active
FA9304 AFTC PZZ,FA9304,5700,DEPT OF THE AIR FORCE,FA9302-21-S-C001,Solicitation,Finding Agile Solutions for Test (FAST) Commercial Solutions Opening (CSO),Finding Innovative Solutions for Test (FAST) Commercial Solutions Opening (CSO) This Commercial Solutions Opening,"Sep 30, 2026 11:30 PM UTC",,None,"Research and Development in the Physical, Engineering, and Life Sciences (except Nanotechnology and Biotechnology)",GENERAL SCIENCE AND TECHNOLOGY R&D SERVICES; GENERAL SCIENCE AND TECHNOLOGY; APP,USA,,,,true,1,Marc Venzon,marc_anthony.venzon@us.af.mil,,,"Sep 30, 2025 01:48 PM UTC","Oct 15, 2026 12:00 AM UTC","Sep 30, 2025 01:48 PM UTC",active
FA7146 CONCEPTS DEVL MGT SAF CDM,FA7146,5700,DEPT OF THE AIR FORCE,FA7146-21-S-C-0001,Solicitation,SAF/CDM Commercial Solutions Opening and Specific Calls,Secretary of the Air Force Concepts Development and Management (SAF/CDM) Commercial Solutions Opening (CSO) for De,"Oct 1, 2026 03:59 AM UTC",,None,"All Other Professional, Scientific, and Technical Services",NATIONAL DEFENSE R&D SERVICES; DEFENSE-RELATED ACTIVITIES; APPLIED RESEARCH,USA,,,,true,2,Kevin T. Adams,kevin.adams.20@us.af.mil,,,"Aug 12, 2026 03:29 PM UTC","Oct 15, 2026 12:00 AM UTC","Aug 12, 2026 03:29 PM UTC",active
0906 AQ CO CONTRACTING BAT,W90VN6,2100,DEPT OF THE ARMY,W90VN626QA017,Solicitation,ACTIVE VEHICLE BARRIERS AND ASSOCIATED CONTROL SYSTEM AT OSAN AIR BASE,"This pre solicitation is conducted under the logistic cost sharing (LCS) program. The Government anticipates issuing a solicitation for the purchase,","Oct 1, 2026 04:00 AM UTC",,None,All Other Miscellaneous Fabricated Metal Product Manufacturing,"VEHICULAR CAB, BODY, AND FRAME STRUCTURAL COMPONENTS",,96278,,,true,4,You Jin Nam,youjin.nam.ln@army.mil,,,"Sep 1, 2026 01:01 AM UTC","Sep 1, 2027 12:00 AM UTC","Sep 1, 2026 01:01 AM UTC",active
242-NETWORK CONTRACT OFFICE 02 (36C242),36C242,3600,"VETERANS AFFAIRS, DEPARTMENT OF",36C24226Q0690_1,Solicitation,Q522--Onsite Interventional Radiology Physician Services JJP,The purpose of this solicitation amendment is to publish questions concerning this RFQ with their corresponding answers; ref. the attached doc,"Oct 1, 2026 11:00 AM UTC",Total Small Business Set-Aside (FAR 19.5),None,Offices of Physicians (except Mental Health Specialists),MEDICAL- RADIOLOGY,USA,10468,,NY,true,2,Daryle M Byers (Pathfinder LLC),daryle.byers@va.gov,,,"Sep 8, 2026 09:01 PM UTC","Nov 1, 2026 12:00 AM UTC","Sep 8, 2026 09:01 PM UTC",active
242-NETWORK CONTRACT OFFICE 02 (36C242),36C242,3600,"VETERANS AFFAIRS, DEPARTMENT OF",36C24227B0001_1,Solicitation,Z2DA--620-23-206 and 620-20-105 Renovate B. 14 AB and CD,Please see the attached amendment 0001 extending the bid due date. See attached,"Oct 1, 2026 02:00 PM UTC",Total Small Business Set-Aside (FAR 19.5),None,Commercial and Institutional Building Construction,REPAIR OR ALTERATION OF HOSPITALS AND INFIRMARIES,USA,10548,Montrose,NY,true,14,Daniel Barone,daniel.barone@va.gov,,,"Sep 11, 2026 01:15 PM UTC","Dec 24, 2026 12:00 AM UTC","Sep 11, 2026 01:15 PM UTC",active
242-NETWORK CONTRACT OFFICE 02 (36C242),36C242,3600,"VETERANS AFFAIRS, DEPARTMENT OF",36C24226R0081,Solicitation,6835--VISN 2 Prosthetics Downstate Home Oxygen Services,Downstate Home Oxygenn,"Oct 1, 2026 04:00 PM UTC",,None,Industrial Gas Manufacturing,MEDICAL GASES,,,,,true,11,Corey P Swinton,corey.swinton@va.gov,,,"Jun 23, 2026 03:56 PM UTC","Jan 8, 2027 12:00 AM UTC","Jun 23, 2026 03:56 PM UTC",active
DLA LAND WARREN,SPRDL1,97AS,DEFENSE LOGISTICS AGENCY,SPRDL1-26-R-0045,Solicitation,Power Distribution Console,DLA Weapons Support - Warren currently has a SOLICITATION posted for: Item: Artillery Power Dis,"Oct 1, 2026 05:00 PM UTC",,None,Switchgear and Switchboard Apparatus Manufacturing,ELECTRICAL CONTROL EQUIPMENT,,,,,true,2,Sabrina Swain,Sabrina.Swain@dla.mil,,,"Sep 1, 2026 12:11 AM UTC","Oct 16, 2026 12:00 AM UTC","Sep 1, 2026 12:11 AM UTC",active
"DLA AVIATION AT PHILADELPHIA, PA",SPRPA1,97AS,DEFENSE LOGISTICS AGENCY,SPRPA126RRB07,Solicitation,16--REEL AND CABLE ASSY,ITEM UNIQUE IDENTIFICATION AND VALUATION (JAN 2023)|19||||||||||||||||||||\rINSPECTION OF SUPPLIES--FIXED-PRICE (AUG 1996)|2|||\rHIGHER-LEVEL CONTRACT Q,"Oct 1, 2026 06:00 PM UTC",,None,Other Aircraft Parts and Auxiliary Equipment Manufacturing,MISCELLANEOUS AIRCRAFT ACCESSORIES AND COMPONENTS,,,,,false,1,Telephone: 2676608638,GINA.PALUMBO@DLA.MIL,,,"Sep 1, 2026 11:13 AM UTC","Oct 16, 2026 12:00 AM UTC","Sep 1, 2026 11:13 AM UTC",active
"DLA AVIATION AT PHILADELPHIA, PA",SPRPA1,97AS,DEFENSE LOGISTICS AGENCY,SPRPA126RRB11,Solicitation,"58--CONTROL,SONAR HOIST",ITEM UNIQUE IDENTIFICATION AND VALUATION (JAN 2023)|19||||||||||||||||||||\rINSPECTION OF SUPPLIES--FIXED-PRICE (AUG 1996)|2|||\rHIGHER-LEVEL CONTRACT Q,"Oct 1, 2026 06:00 PM UTC",,None,Other Communications Equipment Manufacturing,UNDERWATER SOUND EQUIPMENT,,,,,false,1,Telephone: 2676608638,GINA.PALUMBO@DLA.MIL,,,"Sep 1, 2026 11:26 AM UTC","Oct 16, 2026 12:00 AM UTC","Sep 1, 2026 11:26 AM UTC",active
FA8524 AFSC PZAAA,FA8524,5700,DEPT OF THE AIR FORCE,FA8524-26-R-0020,Solicitation,"REPAIR OF THE RECEIVER TRANSMITTERS, APPLICABLE TO THE LIGHTWEIGHT AIRBORNE RECOVERY SYSTEM (LARS).",This requirement is for the repair services of three (3) Line Replaceable Units (LRUs) supporting the Lightweight Airborne Recovery System (LARS) u,"Oct 1, 2026 07:30 PM UTC",,None,Electronic and Precision Equipment Repair and Maintenance,MAINT/REPAIR/REBUILD OF EQUIPMENT- ELECTRICAL AND ELECTRONIC EQUIPMENT COMPONENT,,,,,true,11,Kyra Harris,kyra.harris@us.af.mil,,,"Sep 1, 2026 06:07 PM UTC","Oct 16, 2026 12:00 AM UTC","Sep 1, 2026 06:07 PM UTC",active
"DLA AVIATION AT OKLAHOMA CITY, OK",SPRTA1,97AS,DEFENSE LOGISTICS AGENCY,SPRTA1-26-Q-0437,Solicitation,"VALVE ASSEMBLY,RELI",NSN: 2915-01-189-4205 PN / PN: 215370-1 / AMC: 3Z,"Oct 1, 2026 08:00 PM UTC",,None,Aircraft Engine and Engine Parts Manufacturing,"ENGINE FUEL SYSTEM COMPONENTS, AIRCRAFT AND MISSILE PRIME MOVERS",,,,,true,1,Adrian Campos,adrian.campos@us.af.mil,,,"Sep 1, 2026 07:23 PM UTC","Oct 1, 2027 12:00 AM UTC","Sep 1, 2026 07:23 PM UTC",active
FA8206 AFSC PZAAA2,FA8206,5700,DEPT OF THE AIR FORCE,FA-8206-26-R-0926,Solicitation,Adapter Connectors,The purpose of this solitication is procuring the following items: 0001 & 0003 | Adapter Connectors | NSN 5935-01-074-6804 | PN: 76D418,"Oct 1, 2026 08:30 PM UTC",Total Small Business Set-Aside (FAR 19.5),None,Other Communication and Energy Wire Manufacturing,"CONNECTORS, ELECTRICAL",USA,,Layton,UT,true,3,Rannon Chapman,rannon.chapman@us.af.mil,,,"Sep 1, 2026 10:05 PM UTC","Oct 10, 2026 12:00 AM UTC","Sep 1, 2026 10:05 PM UTC",active
FA8206 AFSC PZAAA2,FA8206,5700,DEPT OF THE AIR FORCE,FA820626R0926_01,Solicitation,Adapter Connector,"The purpose of this solicitation, FA820626R0926 is to have the following items: CLIN 0001- First Article – Quantity 1- PN : 76D41889G","Oct 1, 2026 08:30 PM UTC",Total Small Business Set-Aside (FAR 19.5),None,Other Communication and Energy Wire Manufacturing,"CONNECTORS, ELECTRICAL",USA,,Layton,UT,true,6,Rannon Chapman,rannon.chapman@us.af.mil,,,"Sep 14, 2026 07:35 PM UTC","Oct 1, 2026 12:00 AM UTC","Sep 14, 2026 07:35 PM UTC",active
"DLA AVIATION AT PHILADELPHIA, PA",SPRPA1,97AS,DEFENSE LOGISTICS AGENCY,SPRPA126QZB42,Solicitation,15--RADOME,ITEM UNIQUE IDENTIFICATION AND VALUATION (JAN 2023)|19||||||||||||||||||||\rHIGHER-LEVEL CONTRACT QUALITY REQUIREMENT|8|X||||||||\rWIDE AREA WORKFLOW PA,"Oct 1, 2026 08:30 PM UTC",,None,Other Aircraft Parts and Auxiliary Equipment Manufacturing,AIRFRAME STRUCTURAL COMPONENTS,,,,,false,1,Telephone: 4557370386,SARA.PAGAN-RAMOS@DLA.MIL,,,"Sep 1, 2026 11:00 AM UTC","Oct 16, 2026 12:00 AM UTC","Sep 1, 2026 11:00 AM UTC",active
"DLA AVIATION AT PHILADELPHIA, PA",SPRPA1,97AS,DEFENSE LOGISTICS AGENCY,SPRPA126QZC03,Solicitation,IRS MODE SELECT,ITEM UNIQUE IDENTIFICATION AND VALUATION (JAN 2023)|19||||||||||||||||||||\rHIGHER-LEVEL CONTRACT QUALITY REQUIREMENT|8|X||||||||\rWIDE AREA WORKFLOW PA,"Oct 1, 2026 08:30 PM UTC",,None,Other Aircraft Parts and Auxiliary Equipment Manufacturing,MISCELLANEOUS AIRCRAFT ACCESSORIES AND COMPONENTS,,,,,false,1,Telephone: 4557370386,SARA.PAGAN-RAMOS@DLA.MIL,,,"Sep 1, 2026 10:55 AM UTC","Oct 16, 2026 12:00 AM UTC","Sep 1, 2026 10:55 AM UTC",active
DCSO PHILADELPHIA,SP4701,97AS,DEFENSE LOGISTICS AGENCY,SP4701-24-S-C001,Solicitation,DLA Commercial Solutions Opening (CSO) FY2026,A. Summary of Amendment 005 1. &nb,"Oct 1, 2026 09:00 PM UTC",,None,"Research and Development in the Physical, Engineering, and Life Sciences (except Nanotechnology and Biotechnology)",NATIONAL DEFENSE R&D SERVICES; DEFENSE-RELATED ACTIVITIES; EXPERIMENTAL DEVELOPM,USA,19111,Philadelphia,PA,true,14,Thomas J Walsh,Thomas.walsh@dla.mil,,,"Mar 26, 2026 05:11 PM UTC","Oct 16, 2026 12:00 AM UTC","Mar 26, 2026 05:11 PM UTC",active
FA4819 325 CONS PKP,FA4819,5700,DEPT OF THE AIR FORCE,FA481926Q0093,Solicitation,Tyndall Portable Latrine Servicing - 6 December 2026 to 5 December 2030,DESCRIPTION1. Solicitation StatementThis is a Request for Quotation (RFQ) for commercial services prepared in accordance with the format in RFO Part 1,"Oct 1, 2026 09:30 PM UTC",Total Small Business Set-Aside (FAR 19.5),None,Septic Tank and Related Services,HOUSEKEEPING- WASTE TREATMENT/STORAGE,,32403,,,true,4,Fidencio Posadas,fidencio.posadas@us.af.mil,,,"Sep 10, 2026 09:16 PM UTC","Oct 16, 2026 12:00 AM UTC","Sep 10, 2026 09:16 PM UTC",active
"DLA AVIATION AT HUNTSVILLE, AL",SPRRA1,97AS,DEFENSE LOGISTICS AGENCY,SPRRA126R0053,Solicitation,RNLASF APACHE M-TADS/M-PNVS SPARES– LOCKHEED MARTIN SOLE SOURCE,SPRRA126R0053 0001 ISSUED TO EXTEND PROPOSAL DUE DATE FROM 1 SEPTEMBER 2026 TO 10 OCTOBER 2026 __________________________,"Oct 1, 2026 10:00 PM UTC",,None,Commercial and Service Industry Machinery Manufacturing,OPTICAL SIGHTING AND RANGING EQUIPMENT,,,,,true,1,Lewis Fournet,lewis.fournet@dla.mil,,,"Jul 14, 2026 05:48 PM UTC","Oct 16, 2026 12:00 AM UTC","Jul 14, 2026 05:48 PM UTC",active
FA9304 AFTC PZZ,FA9304,5700,DEPT OF THE AIR FORCE,A068521,Solicitation,"*EXTENDED* USAF TPS Qualitative Evaluation Flight Training Multiple Award BPA 3 for T-2 Buckeye, A-4 Skyhawk, Daher Kodiak, Cirrus Vision Jet, Noorduyn Norseman, Systems Platform Aircraft, Lighter-Than-Air, and Jet Glider Services",***Solicitation has been extended*** **Questions and Answers have been posted to the Attachments section,"Oct 1, 2026 10:30 PM UTC",Total Small Business Set-Aside (FAR 19.5),None,Flight Training,EDUCATION/TRAINING- OTHER,USA,93524,Edwards,CA,true,9,Justin T. Fobel,justin.fobel@us.af.mil,,,"Sep 14, 2026 07:04 PM UTC","Oct 16, 2026 12:00 AM UTC","Sep 14, 2026 07:04 PM UTC",active
DSC CONTRACTING SERVICES DIVISION,140P20,1443,NATIONAL PARK SERVICE,140P2026R0087,Solicitation,Z--DENA 332037 Eielson Roof Replacement,DENA 332037 Eielson Roof Replacement Amendment 0002,"Oct 1, 2026 11:00 PM UTC",Total Small Business Set-Aside (FAR 19.5),None,Commercial and Institutional Building Construction,REPAIR OR ALTERATION OF MISCELLANEOUS BUILDINGS,,,,,true,14,"Melnick, Linda",linda_melnick@nps.gov,,,"Sep 2, 2026 03:57 PM UTC","Oct 16, 2026 12:00 AM UTC","Sep 2, 2026 03:57 PM UTC",active
COMMANDING OFFICER,N63394,1700,DEPT OF THE NAVY,N6339426R4002,Solicitation,Vertical Launching System (VLS) Deck and Hatch Assembly,"The Naval Surface Warfare Center, Port Hueneme Division (NSWC PHD) is soliciting proposals to fabricate, assembly, assembly, test, and delivery of Ver","Oct 2, 2026 01:00 AM UTC",,None,All Other Miscellaneous Fabricated Metal Product Manufacturing,"PLATE, SHEET, STRIP, FOIL, AND WIRE: PRECIOUS METAL",,93043,,,true,4,Jerome Pita,jerome.r.pita.civ@us.navy.mil,,,"Sep 2, 2026 07:01 PM UTC","Apr 2, 2027 12:00 AM UTC","Sep 2, 2026 07:01 PM UTC",active
"DLA AVIATION AT OGDEN, UT",SPRHA4,97AS,DEFENSE LOGISTICS AGENCY,SPRHA4-26-Q-0745,Solicitation,"F-16, Flap, Wing dive brake",1 each of NSN 1560012821029WF,"Oct 2, 2026 05:59 AM UTC",,None,Other Aircraft Parts and Auxiliary Equipment Manufacturing,AIRFRAME STRUCTURAL COMPONENTS,,,,,true,7,Karen Gomez,karen.gomez.3@us.af.mil,,,"Sep 1, 2026 08:24 PM UTC","Oct 1, 2027 12:00 AM UTC","Sep 1, 2026 08:24 PM UTC",active
FA2517 21 CONS BLDG 350,FA2517,5700,DEPT OF THE AIR FORCE,FA251726QB014,Solicitation,ESS Alarms MX and Repair,PLEASE READ ALL ATTACHMENTS TO ENSURE FULL UNDERSTANDING OF THE REQUIREMENT This is a combined synopsis/solicitation for commercial items p,"Oct 2, 2026 04:00 PM UTC",,None,Security Systems Services (except Locksmiths),"MAINT/REPAIR/REBUILD OF EQUIPMENT- ALARM, SIGNAL, AND SECURITY DETECTION SYSTEMS",USA,,Colorado Springs,CO,true,8,Kaela Reed,kaela.reed@spaceforce.mil,,,"Sep 3, 2026 08:53 PM UTC","Oct 17, 2026 12:00 AM UTC","Sep 3, 2026 08:53 PM UTC",active
DEF ADVANCED RESEARCH PROJECTS AGCY,HR0011,97AE,DEFENSE ADVANCED RESEARCH PROJECTS AGENCY (DARPA),HR001126S0016,Solicitation,Precision Inertial Navigation & Positioning On an Integrated Tesseract (PINPOINT),The Defense Advanced Research Projects Agency (DARPA) is soliciting innovative proposals in the following technical area: physics and nonlinear contro,"Oct 2, 2026 04:00 PM UTC",,None,"Research and Development in the Physical, Engineering, and Life Sciences (except Nanotechnology and Biotechnology)",NATIONAL DEFENSE R&D SERVICES; DEPARTMENT OF DEFENSE - MILITARY; APPLIED RESEARC,,,,,true,15,BAA Coordinator,PINPOINT@darpa.mil,,,"Sep 10, 2026 08:17 PM UTC","Oct 25, 2026 12:00 AM UTC","Sep 10, 2026 08:17 PM UTC",active
"DLA AVIATION AT OKLAHOMA CITY, OK",SPRTA1,97AS,DEFENSE LOGISTICS AGENCY,SPRTA1-26-R-0303,Solicitation,RECEPTACLE ASSEMBLY,See Attachment,"Oct 2, 2026 04:00 PM UTC",,None,Other Aircraft Parts and Auxiliary Equipment Manufacturing,MISCELLANEOUS AIRCRAFT ACCESSORIES AND COMPONENTS,USA,,,,true,4,Genevee Suba,genevee.suba@us.af.mil,,,"Sep 2, 2026 07:13 PM UTC","Oct 2, 2027 12:00 AM UTC","Sep 2, 2026 07:13 PM UTC",active
FA8651 AFRL RWK,FA8651,5700,DEPT OF THE AIR FORCE,FA239123S2403RWCALL01RASouth,Solicitation,Relentless Wolfpack CALL Amendment,Relentless Wolfpack CALL 01 for RA South under the PACER BAA is being amended. The Amended Call is being posted and those Performers that hav,"Oct 2, 2026 05:00 PM UTC",,None,"Research and Development in the Physical, Engineering, and Life Sciences (except Nanotechnology and Biotechnology)",NATIONAL DEFENSE R&D SERVICES; DEPARTMENT OF DEFENSE - MILITARY; EXPERIMENTAL DE,,,,,true,2,Jace Hilton,jace.hilton@us.af.mil,,,"Sep 14, 2026 06:27 PM UTC","Oct 17, 2026 12:00 AM UTC","Sep 14, 2026 06:27 PM UTC",active
"DLA AVIATION AT HUNTSVILLE, AL",SPRRA2,97AS,DEFENSE LOGISTICS AGENCY,SPRRA2-26-R-0080,Solicitation,Canopy Fixed,Amendment 3 is being issued to change the CLIN quantites and to extend the closing date and time. See the attached Amendment,"Oct 2, 2026 05:00 PM UTC",,None,Other Aircraft Parts and Auxiliary Equipment Manufacturing,AIRFRAME STRUCTURAL COMPONENTS,USA,75050,Grand Prairie,TX,true,4,Michael Romine,michael.1.romine@dla.mil,,,"Sep 4, 2026 12:49 PM UTC","Oct 17, 2026 12:00 AM UTC","Sep 4, 2026 12:49 PM UTC",active
ARIZONA STATE OFFICE,140L64,1422,BUREAU OF LAND MANAGEMENT,140L6426R0001,Solicitation,O¿Donnell Dam Stabilization and Erosion Control,O'Donnell Dam Stabilization and Erosion Control,"Oct 2, 2026 06:00 PM UTC",Total Small Business Set-Aside (FAR 19.5),None,Other Heavy and Civil Engineering Construction,REPAIR OR ALTERATION OF DAMS,,,,,true,4,"Henriques, Rachel",rhenriques@blm.gov,,,"Sep 11, 2026 02:53 PM UTC","Oct 17, 2026 12:00 AM UTC","Sep 11, 2026 02:53 PM UTC",active
FA8119 AFSC PZABC,FA8119,5700,DEPT OF THE AIR FORCE,FA8119-26-R-0011,Solicitation,Repair of B-2 Transponder Set NSN: 5895-01-383-4052 FW P/N: 159000-7,"The United States Air Force through Air Force Sustainment Center (AFSC), Tinker AFB 73145 issues formal solicitation for a firm-fixed price (FFP) i","Oct 2, 2026 06:00 PM UTC",,None,Other Aircraft Parts and Auxiliary Equipment Manufacturing,MISCELLANEOUS COMMUNICATION EQUIPMENT,USA,73145,Tinker AFB,OK,true,10,Caleb Taylor,caleb.taylor.8@us.af.mil,,,"Sep 2, 2026 11:37 AM UTC","Oct 17, 2026 12:00 AM UTC","Sep 2, 2026 11:37 AM UTC",active
FA8137 AFSC PZIOC,FA8137,5700,DEPT OF THE AIR FORCE,FA813726R0021,Solicitation,"2-STEP SEALED BID - TINKER AFB WWYK250019 Remove and Replace Fire Sprinkler in Plasma Booth Dust Collectors and Replace the Building F/A System, B3221","Update 3 - August 26, 2026 Please see amendment 1 attached. -----------------------------------------------------------------------","Oct 2, 2026 07:00 PM UTC",Total Small Business Set-Aside (FAR 19.5),None,Commercial and Institutional Building Construction,MAINTENANCE OF OFFICE BUILDINGS,USA,73145,Tinker AFB,OK,true,9,Hailie Reyes,hailie.reyes@us.af.mil,,,"Aug 26, 2026 03:31 PM UTC","Dec 1, 2027 12:00 AM UTC","Aug 26, 2026 03:31 PM UTC",active
DLA TROOP SUPPORT,SPE2D2,97AS,DEFENSE LOGISTICS AGENCY,SPE2D2-26-R-0015,Solicitation,Progesterone Capsules,SPE2D2-26-R-0015 Solicitation,"Oct 2, 2026 07:00 PM UTC",,None,Pharmaceutical Preparation Manufacturing,DRUGS AND BIOLOGICALS,,,,,false,4,Christopher Newman,christopher.newman@dla.mil,,,"Sep 14, 2026 07:14 PM UTC","Nov 21, 2026 12:00 AM UTC","Sep 14, 2026 07:14 PM UTC",active
"DLA AVIATION AT HUNTSVILLE, AL",SPRRA2,97AS,DEFENSE LOGISTICS AGENCY,SPRRA2-26-R-0091,Solicitation,LIGHT ASSEMBLY PANEL,This requirement is a SBA Certified Woman Owned Small Business Set Aside in support of: NSN Number: 1430-01-089-8516 Part Num,"Oct 2, 2026 08:00 PM UTC",SBA Certified Women-Owned Small Business (WOSB) Program Sole Source (FAR 19.15),None,"Search, Detection, Navigation, Guidance, Aeronautical, and Nautical System and Instrument Manufacturing",GUIDED MISSILE REMOTE CONTROL SYSTEMS,,,,,true,1,Brylee Malone,brylee.malone@dla.mil,,,"Sep 3, 2026 06:52 PM UTC","Oct 2, 2028 12:00 AM UTC","Sep 3, 2026 06:52 PM UTC",active
"DLA AVIATION AT OKLAHOMA CITY, OK",SPRTA1,97AS,DEFENSE LOGISTICS AGENCY,SPRTA1-26-Q-0438,Solicitation,"PLATE ASSEMBLY,BEAR",NSN: 2915-01-189-4224 PN / PN: 216203-1 / AMC: 3Z,"Oct 2, 2026 08:00 PM UTC",,None,Aircraft Engine and Engine Parts Manufacturing,"ENGINE FUEL SYSTEM COMPONENTS, AIRCRAFT AND MISSILE PRIME MOVERS",,,,,true,1,Adrian Campos,adrian.campos@us.af.mil,,,"Sep 2, 2026 05:39 PM UTC","Oct 2, 2027 12:00 AM UTC","Sep 2, 2026 05:39 PM UTC",active
"DLA AVIATION AT OKLAHOMA CITY, OK",SPRTA1,97AS,DEFENSE LOGISTICS AGENCY,SPRTA1-26-R-0394,Solicitation,"ACTUATOR,MECHANICAL / 1680006115255RK / D16-4",See attached solicitation.,"Oct 2, 2026 08:00 PM UTC",,None,Other Aircraft Parts and Auxiliary Equipment Manufacturing,MISCELLANEOUS AIRCRAFT ACCESSORIES AND COMPONENTS,USA,,,,true,1,Jessie Payne,Jessie.payne@us.af.mil,,,"Sep 2, 2026 01:15 PM UTC","Oct 17, 2026 12:00 AM UTC","Sep 2, 2026 01:15 PM UTC",active
"DLA AVIATION AT OKLAHOMA CITY, OK",SPRTA1,97AS,DEFENSE LOGISTICS AGENCY,SPRTA126R0355,Solicitation,"NSN: 2915007821759 SPRAYBAR,PILOT AFTERBURNER","New Manufacture of Spraybar, Pilot, Afterburner NSN: 2915-00-782-1759","Oct 2, 2026 08:00 PM UTC",,None,Aircraft Engine and Engine Parts Manufacturing,"ENGINE FUEL SYSTEM COMPONENTS, AIRCRAFT AND MISSILE PRIME MOVERS",USA,73145,,OK,true,1,Clifford Dockter,clifford.dockter@us.af.mil,,,"Sep 2, 2026 04:45 PM UTC","Oct 17, 2026 12:00 AM UTC","Sep 2, 2026 04:45 PM UTC",active
"DLA AVIATION AT OGDEN, UT",SPRHA1,97AS,DEFENSE LOGISTICS AGENCY,SRPHA1-26-R-0648,Solicitation,"GEARBOX,ACCESSORY D",Solicitation # SPRHA1-26-R-0648 NSN: 2835-01-495-6815RP PN: 386720-6-1 APP: F-15 Landing Gear Qty,"Oct 2, 2026 08:00 PM UTC",,None,Turbine and Turbine Generator Set Units Manufacturing,"GAS TURBINES AND JET ENGINES; NON-AIRCRAFT PRIME MOVER, AIRCRAFT NON-PRIME MOVER",,,,,false,3,"Michelle L Parker, Phone 385-519-8190, Fax 801-777-5299, Email michelle.parker.2@us.af.mil",michelle.parker.2@us.af.mil,,,"Sep 2, 2026 05:38 PM UTC","Oct 2, 2027 12:00 AM UTC","Sep 2, 2026 05:38 PM UTC",active
DLA LAND WARREN,SPRDL1,97AS,DEFENSE LOGISTICS AGENCY,SPRDL1-26-R-A012,Solicitation,CIRCUIT CARD ASSEMBLY,THIS SOLICITATION IS RESTRICTED TO The Technical Data Package (TDP) is Source Controlled to Contractor: GENERAL DYNAMICS MISSION SYSTEMS,"Oct 2, 2026 08:30 PM UTC",,None,Bare Printed Circuit Board Manufacturing,"ELECTRICAL AND ELECTRONIC ASSEMBLIES, BOARDS, CARDS, AND ASSOCIATED HARDWARE",USA,36201,Anniston,AL,true,1,JANECA DENT,JANECA.DENT@DLA.MIL,,,"Sep 4, 2026 06:29 PM UTC","Mar 13, 2027 12:00 AM UTC","Sep 4, 2026 06:29 PM UTC",active
"DLA AVIATION AT PHILADELPHIA, PA",SPRPA1,97AS,DEFENSE LOGISTICS AGENCY,SPRPA126QZC04,Solicitation,"COVER,ACCESS,AIRCRA",ITEM UNIQUE IDENTIFICATION AND VALUATION (JAN 2023)|19||||||||||||||||||||\rHIGHER-LEVEL CONTRACT QUALITY REQUIREMENT|8|X||||||||\rWIDE AREA WORKFLOW PA,"Oct 2, 2026 08:30 PM UTC",,None,Other Aircraft Parts and Auxiliary Equipment Manufacturing,AIRFRAME STRUCTURAL COMPONENTS,,,,,false,1,Telephone: 4557370386,SARA.PAGAN-RAMOS@DLA.MIL,,,"Sep 2, 2026 10:47 AM UTC","Oct 17, 2026 12:00 AM UTC","Sep 2, 2026 10:47 AM UTC",active
BROOKHAVEN NATL LAB -DOE CONTRACTOR,899033,8900,"ENERGY, DEPARTMENT OF",AB482902,Solicitation,Temp Controlled 42 Plate Hotel,Hello Please provide a quotation for the items listed below. The quote should include the applicable lead time. Please also extend,"Oct 2, 2026 09:00 PM UTC",Total Small Business Set-Aside (FAR 19.5),None,Analytical Laboratory Instrument Manufacturing,OPERATION OF GOVERNMENT-OWNED CONTRACTOR-OPERATED (GOCO) R&D FACILITIES,USA,11973,Upton,NY,true,5,Alysha Benincase,abenincas@bnl.gov,,,"Sep 11, 2026 12:26 PM UTC","Oct 17, 2026 12:00 AM UTC","Sep 11, 2026 12:26 PM UTC",active
DLA ENERGY,SPE603,97AS,DEFENSE LOGISTICS AGENCY,SPE60326R0526,Solicitation,"Contractor-owned, Contractor-operated (COCO) bulk retail services at two locations on Fort Bragg, NC.","The requirement is for non-personal, Contractor-Owned, Contractor-Operated (COCO) fuel storage, operations, and distribution at two locations on Fo","Oct 2, 2026 09:00 PM UTC",,None,Other Warehousing and Storage,OPERATION OF FUEL SUPPLY FACILITIES,USA,,Fort Bragg,NC,true,16,Morishita Armstead,morishita.armstead@DLA.MIL,,,"Sep 15, 2026 11:37 AM UTC","Oct 30, 2026 12:00 AM UTC","Sep 15, 2026 11:37 AM UTC",active
"DLA AVIATION AT OKLAHOMA CITY, OK",SPRTA1,97AS,DEFENSE LOGISTICS AGENCY,SPRTA1-26-Q-0441,Solicitation,"F108 LINER COMBUSTION, NSN: 2840-01-344-3232PN, PN: 9978M51G18",Competitive Acquisition.,"Oct 2, 2026 09:00 PM UTC",,None,Aircraft Engine and Engine Parts Manufacturing,"GAS TURBINES AND JET ENGINES, AIRCRAFT, PRIME MOVING; AND COMPONENTS",USA,,West Chester,OH,true,6,John Nolan,john.nolan.8@us.af.mil,,,"Sep 2, 2026 03:47 PM UTC","Dec 31, 2026 12:00 AM UTC","Sep 2, 2026 03:47 PM UTC",active
"DLA AVIATION AT OKLAHOMA CITY, OK",SPRTA1,97AS,DEFENSE LOGISTICS AGENCY,SPRTA126Q0463,Solicitation,Govern Pump Press,See attached Solicitation,"Oct 2, 2026 09:00 PM UTC",,None,Aircraft Engine and Engine Parts Manufacturing,"ENGINE FUEL SYSTEM COMPONENTS, AIRCRAFT AND MISSILE PRIME MOVERS",USA,,,,true,3,James Headington,James.Headington.1@us.af.mil,,,"Sep 2, 2026 07:36 PM UTC","Dec 31, 2026 12:00 AM UTC","Sep 2, 2026 07:36 PM UTC",active
"DLA AVIATION AT OKLAHOMA CITY, OK",SPRTA1,97AS,DEFENSE LOGISTICS AGENCY,SPRTA126R0397,Solicitation,Nozzle Fuel Injection,See attached Solicitation. SPRAT126R0397,"Oct 2, 2026 09:00 PM UTC",,None,Aircraft Engine and Engine Parts Manufacturing,"ENGINE FUEL SYSTEM COMPONENTS, AIRCRAFT AND MISSILE PRIME MOVERS",USA,,,,true,4,James Headington,James.Headington.1@us.af.mil,,,"Sep 2, 2026 05:07 PM UTC","Dec 31, 2026 12:00 AM UTC","Sep 2, 2026 05:07 PM UTC",active
246-NETWORK CONTRACTING OFFICE 6 (36C246),36C246,3600,"VETERANS AFFAIRS, DEPARTMENT OF",36C24626R0085,Solicitation,Z2FZ--590-24-450 Renovate Transitional Residences,See attached SF1442 solicitation and its attachments for Project 590-24-450 Renovate Transitional Residences.,"Oct 2, 2026 09:30 PM UTC",Service-Disabled Veteran-Owned Small Business (SDVOSB) Set-Aside (FAR 19.14),None,Residential Remodelers,REPAIR OR ALTERATION OF OTHER RESIDENTIAL BUILDINGS,USA,23667,Hampton,VA,true,7,Daniel Spaulding,daniel.spaulding@va.gov,,,"Sep 2, 2026 04:48 PM UTC","Jan 2, 2027 12:00 AM UTC","Sep 2, 2026 04:48 PM UTC",active
"DLA AVIATION AT HUNTSVILLE, AL",SPRRA1,97AS,DEFENSE LOGISTICS AGENCY,PR0097327683,Solicitation,NSN: 2910-01-327-4181 / PN: 360150-17 / PR: 0097327683,See attached.,"Oct 2, 2026 10:00 PM UTC",,None,Motor Vehicle Gasoline Engine and Engine Parts Manufacturing,"ENGINE FUEL SYSTEM COMPONENTS, NONAIRCRAFT",USA,,,,true,1,Alivia Boyd,alivia.boyd@dla.mil,,,"Aug 26, 2026 05:11 PM UTC","Oct 17, 2026 12:00 AM UTC","Aug 26, 2026 05:11 PM UTC",active
"DLA AVIATION AT OKLAHOMA CITY, OK",SPRTA1,97AS,DEFENSE LOGISTICS AGENCY,SPRTA126Q1255,Solicitation,"Support, Fan Componet",See attached Letter of RFP for SPRTA126Q1255,"Oct 4, 2026 08:00 PM UTC",,None,Aircraft Engine and Engine Parts Manufacturing,"GAS TURBINES AND JET ENGINES, AIRCRAFT, PRIME MOVING; AND COMPONENTS",USA,,,,true,1,David Todd Isaac,david.isaac.4@us.af.mil,,,"Sep 4, 2026 02:08 PM UTC","Dec 31, 2028 12:00 AM UTC","Sep 4, 2026 02:08 PM UTC",active
DOL - JCAS - AEC,1605AE,1605,OFFICE OF THE ASSISTANT SECRETARY FOR ADMINISTRATION AND MANAGEMENT,1605AE-26-B-00001,Solicitation,Construction Services for Replace Siding on All Buildings at the New Hampshire Job Corps Center,"Site Visit: September 9, 2026 at 10:00 Eastern Time Participants will meet at – New Hampshire Job Corps Center","Oct 5, 2026 04:00 PM UTC",Total Small Business Set-Aside (FAR 19.5),None,Siding Contractors,REPAIR OR ALTERATION OF OTHER EDUCATIONAL BUILDINGS,USA,03102,Manchester,NH,true,6,Paul M. Seivert,seivert.paul.m@dol.gov,,,"Sep 3, 2026 08:13 PM UTC","Oct 20, 2026 12:00 AM UTC","Sep 3, 2026 08:13 PM UTC",active
"DLA AVIATION AT HUNTSVILLE, AL",SPRRA2,97AS,DEFENSE LOGISTICS AGENCY,RFQ-040933,Solicitation,"CABLE ASSEMBLY, SPECIAL PURPOSE","CABLE ASSEMBLY, SPECIAL PURPOSE","Oct 5, 2026 04:00 PM UTC",,None,"Power, Distribution, and Specialty Transformer Manufacturing",MISCELLANEOUS ELECTRIC POWER AND DISTRIBUTION EQUIPMENT,,,,,true,1,Harrison Mayfield,HARRISON.MAYFIELD@DLA.MIL,,,"Sep 3, 2026 06:23 PM UTC","Oct 20, 2026 12:00 AM UTC","Sep 3, 2026 06:23 PM UTC",active
FA8214 AFNWC PZBB,FA8214,5700,DEPT OF THE AIR FORCE,FA821426RB002,Solicitation,PIGA Float Assembly Repair Program,Login at https://piee.eb.mil and search for 'FA821426RB002' to obtain more details.* Documents related to this procurment are only,"Oct 5, 2026 06:00 PM UTC",,None,"Search, Detection, Navigation, Guidance, Aeronautical, and Nautical System and Instrument Manufacturing",MAINT/REPAIR/REBUILD OF EQUIPMENT- GUIDED MISSILES,,,,,false,3,Jeremy Bruening,jeremy.bruening@us.af.mil,,,"Aug 11, 2026 10:18 PM UTC","Aug 10, 2027 12:00 AM UTC","Aug 11, 2026 10:18 PM UTC",active
"DLA AVIATION AT PHILADELPHIA, PA",SPRPA1,97AS,DEFENSE LOGISTICS AGENCY,SPRPA126RRB03,Solicitation,"16--REELING MACHINE,AIR",ITEM UNIQUE IDENTIFICATION AND VALUATION (JAN 2023)|19||||||||||||||||||||\rINSPECTION OF SUPPLIES--FIXED-PRICE (AUG 1996)|2|||\rHIGHER-LEVEL CONTRACT Q,"Oct 5, 2026 06:00 PM UTC",,None,Other Aircraft Parts and Auxiliary Equipment Manufacturing,MISCELLANEOUS AIRCRAFT ACCESSORIES AND COMPONENTS,,,,,false,1,Telephone: 2157370466,MICHAEL.OFFENBACKER@DLA.MIL,,,"Sep 3, 2026 11:40 AM UTC","Oct 20, 2026 12:00 AM UTC","Sep 3, 2026 11:40 AM UTC",active
"DLA AVIATION AT PHILADELPHIA, PA",SPRPA1,97AS,DEFENSE LOGISTICS AGENCY,SPRPA126RRB06,Solicitation,"58--DOME,SONAR",ITEM UNIQUE IDENTIFICATION AND VALUATION (JAN 2023)|19||||||||||||||||||||\rINSPECTION OF SUPPLIES--FIXED-PRICE (AUG 1996)|2|||\rHIGHER-LEVEL CONTRACT Q,"Oct 5, 2026 06:00 PM UTC",,None,Other Communications Equipment Manufacturing,UNDERWATER SOUND EQUIPMENT,,,,,false,1,Telephone: 2157370466,MICHAEL.OFFENBACKER@DLA.MIL,,,"Sep 3, 2026 11:30 AM UTC","Oct 20, 2026 12:00 AM UTC","Sep 3, 2026 11:30 AM UTC",active
"DLA AVIATION AT PHILADELPHIA, PA",SPRPA1,97AS,DEFENSE LOGISTICS AGENCY,SPRPA126RRB12,Solicitation,70--COMPUTER SUBASSEMBL,ITEM UNIQUE IDENTIFICATION AND VALUATION (JAN 2023)|19||||||||||||||||||||\rINSPECTION OF SUPPLIES--FIXED-PRICE (AUG 1996)|2|||\rHIGHER-LEVEL CONTRACT Q,"Oct 5, 2026 06:00 PM UTC",,None,All Other Miscellaneous Electrical Equipment and Component Manufacturing,"IT and Telecom - End User: Help Desk;Tier 1-2,Workspace,Print,Output,Productivit",,,,,false,1,Telephone: 2157370466,MICHAEL.OFFENBACKER@DLA.MIL,,,"Sep 3, 2026 11:32 AM UTC","Oct 20, 2026 12:00 AM UTC","Sep 3, 2026 11:32 AM UTC",active
"DLA AVIATION AT PHILADELPHIA, PA",SPRPA1,97AS,DEFENSE LOGISTICS AGENCY,SPRPA126RWB75,Solicitation,"16--FUEL CELL,RH SPONSO",ITEM UNIQUE IDENTIFICATION AND VALUATION (JAN 2023)|19||||||||||||||||||||\rINSPECTION OF SUPPLIES--FIXED-PRICE (AUG 1996)|2|||\rHIGHER-LEVEL CONTRACT Q,"Oct 5, 2026 06:00 PM UTC",,None,Other Aircraft Parts and Auxiliary Equipment Manufacturing,MISCELLANEOUS AIRCRAFT ACCESSORIES AND COMPONENTS,,,,,false,1,Telephone: 2157370865,NASEEM.AOUN@DLA.MIL,,,"Sep 4, 2026 11:09 AM UTC","Oct 20, 2026 12:00 AM UTC","Sep 4, 2026 11:09 AM UTC",active
"DLA AVIATION AT PHILADELPHIA, PA",SPRPA1,97AS,DEFENSE LOGISTICS AGENCY,SPRPA126RWB77,Solicitation,"16--FUEL FEED CELL,AIRC",ITEM UNIQUE IDENTIFICATION AND VALUATION (JAN 2023)|19||||||||||||||||||||\rINSPECTION OF SUPPLIES--FIXED-PRICE (AUG 1996)|2|||\rHIGHER-LEVEL CONTRACT Q,"Oct 5, 2026 06:00 PM UTC",,None,Other Aircraft Parts and Auxiliary Equipment Manufacturing,MISCELLANEOUS AIRCRAFT ACCESSORIES AND COMPONENTS,,,,,false,1,Telephone: 2157370865,NASEEM.AOUN@DLA.MIL,,,"Sep 4, 2026 11:07 AM UTC","Oct 20, 2026 12:00 AM UTC","Sep 4, 2026 11:07 AM UTC",active
DLA ENERGY,SPE603,97AS,DEFENSE LOGISTICS AGENCY,SPE603-26-R-0543,Solicitation,"Government-Owned, Contactor-Operated (GOCO) and Contractor-Owned/Contractor-Operated (COCO) fuel services at Marine Corps Air Ground Combat Center 29 Palms, CA","SOLICITATION SPE603-26-R-0543 Government-Owned, Contactor-Operated (GOCO) and Contractor-Owned/Contractor-Operated","Oct 5, 2026 07:00 PM UTC",Service-Disabled Veteran-Owned Small Business (SDVOSB) Set-Aside (FAR 19.14),None,Other Warehousing and Storage,OPERATION OF FUEL STORAGE BUILDINGS,USA,,Twentynine Palms,CA,true,9,Micherie Dougherty,micherie.dougherty@dla.mil,,,"Aug 27, 2026 05:41 PM UTC","Oct 20, 2026 12:00 AM UTC","Aug 27, 2026 05:41 PM UTC",active
"DLA AVIATION AT PHILADELPHIA, PA",SPRPA1,97AS,DEFENSE LOGISTICS AGENCY,SPRPA126QVC49,Solicitation,"SLING ASSEMBLY,CARG",ITEM UNIQUE IDENTIFICATION AND VALUATION (JAN 2023)|19||||||||||||||||||||\rINSPECTION OF SUPPLIES--FIXED-PRICE (AUG 1996)|2|||\rHIGHER-LEVEL CONTRACT Q,"Oct 5, 2026 08:30 PM UTC",,None,All Other Miscellaneous Textile Product Mills,"PARACHUTES; AERIAL PICK UP, DELIVERY, RECOVERY SYSTEMS; AND CARGO TIE DOWN EQUIP",,,,,false,1,Telephone: 2157370543,CASEY.STOCK@DLA.MIL,,,"Sep 3, 2026 10:54 AM UTC","Oct 20, 2026 12:00 AM UTC","Sep 3, 2026 10:54 AM UTC",active
"DLA AVIATION AT PHILADELPHIA, PA",SPRPA1,97AS,DEFENSE LOGISTICS AGENCY,SPRPA126QVC50,Solicitation,ELECTRONIC COMPONEN,ITEM UNIQUE IDENTIFICATION AND VALUATION (JAN 2023)|19||||||||||||||||||||\rHIGHER-LEVEL CONTRACT QUALITY REQUIREMENT|8|||||||||\rWIDE AREA WORKFLOW PAY,"Oct 5, 2026 08:30 PM UTC",,None,Bare Printed Circuit Board Manufacturing,"ELECTRICAL AND ELECTRONIC ASSEMBLIES, BOARDS, CARDS, AND ASSOCIATED HARDWARE",,,,,false,1,Telephone: 2157370543,CASEY.STOCK@DLA.MIL,,,"Sep 3, 2026 11:19 AM UTC","Oct 20, 2026 12:00 AM UTC","Sep 3, 2026 11:19 AM UTC",active
"DLA AVIATION AT PHILADELPHIA, PA",SPRPA1,97AS,DEFENSE LOGISTICS AGENCY,SPRPA126QVC54,Solicitation,"GENERATOR,AIRCRAFT",ITEM UNIQUE IDENTIFICATION AND VALUATION (JAN 2023)|19||||||||||||||||||||\rINSPECTION OF SUPPLIES--FIXED-PRICE (AUG 1996)|2|||\rHIGHER-LEVEL CONTRACT Q,"Oct 5, 2026 08:30 PM UTC",,None,Other Aircraft Parts and Auxiliary Equipment Manufacturing,MISCELLANEOUS AIRCRAFT ACCESSORIES AND COMPONENTS,,,,,false,1,Telephone: 2157370543,CASEY.STOCK@DLA.MIL,,,"Sep 3, 2026 10:34 AM UTC","Oct 20, 2026 12:00 AM UTC","Sep 3, 2026 10:34 AM UTC",active
"DLA AVIATION AT PHILADELPHIA, PA",SPRPA1,97AS,DEFENSE LOGISTICS AGENCY,SPRPA126QVC56,Solicitation,"HYDRAULIC,ENG DRIV,",ITEM UNIQUE IDENTIFICATION AND VALUATION (JAN 2023)|19||||||||||||||||||||\rINSPECTION OF SUPPLIES--FIXED-PRICE (AUG 1996)|2|||\rHIGHER-LEVEL CONTRACT Q,"Oct 5, 2026 08:30 PM UTC",,None,Other Aircraft Parts and Auxiliary Equipment Manufacturing,MISCELLANEOUS AIRCRAFT ACCESSORIES AND COMPONENTS,,,,,false,1,Telephone: 2157370543,CASEY.STOCK@DLA.MIL,,,"Sep 3, 2026 11:09 AM UTC","Oct 20, 2026 12:00 AM UTC","Sep 3, 2026 11:09 AM UTC",active
"DLA AVIATION AT PHILADELPHIA, PA",SPRPA1,97AS,DEFENSE LOGISTICS AGENCY,SPRPA126QVC57,Solicitation,"NRP,FITTING ASSEMBL",ITEM UNIQUE IDENTIFICATION AND VALUATION (JAN 2023)|19||||||||||||||||||||\rHIGHER-LEVEL CONTRACT QUALITY REQUIREMENT|8|||||||||\rWIDE AREA WORKFLOW PAY,"Oct 5, 2026 08:30 PM UTC",,None,Other Aircraft Parts and Auxiliary Equipment Manufacturing,AIRFRAME STRUCTURAL COMPONENTS,,,,,false,1,Telephone: 2157370543,CASEY.STOCK@DLA.MIL,,,"Sep 3, 2026 11:17 AM UTC","Oct 20, 2026 12:00 AM UTC","Sep 3, 2026 11:17 AM UTC",active
"DLA AVIATION AT PHILADELPHIA, PA",SPRPA1,97AS,DEFENSE LOGISTICS AGENCY,SPRPA126QVC58,Solicitation,"ACCUMULATOR,PNEUMAT",ITEM UNIQUE IDENTIFICATION AND VALUATION (JAN 2023)|19||||||||||||||||||||\rHIGHER-LEVEL CONTRACT QUALITY REQUIREMENT|8|||||||||\rFMS DELIVERY AND SHIPP,"Oct 5, 2026 08:30 PM UTC",,None,Other Motor Vehicle Parts Manufacturing,"VEHICULAR BRAKE, STEERING, AXLE, WHEEL, AND TRACK COMPONENTS",,,,,false,1,Telephone: 2157370543,CASEY.STOCK@DLA.MIL,,,"Sep 3, 2026 10:36 AM UTC","Oct 20, 2026 12:00 AM UTC","Sep 3, 2026 10:36 AM UTC",active
"DLA AVIATION AT PHILADELPHIA, PA",SPRPA1,97AS,DEFENSE LOGISTICS AGENCY,SPRPA126QVC61,Solicitation,"PUMP,ROTARY",ITEM UNIQUE IDENTIFICATION AND VALUATION (JAN 2023)|19||||||||||||||||||||\rHIGHER-LEVEL CONTRACT QUALITY REQUIREMENT|8|||||||||\rWIDE AREA WORKFLOW PAY,"Oct 5, 2026 08:30 PM UTC",,None,"Measuring, Dispensing, and Other Pumping Equipment Manufacturing",POWER AND HAND PUMPS,,,,,false,1,Telephone: 2157370543,CASEY.STOCK@DLA.MIL,,,"Sep 3, 2026 10:46 AM UTC","Oct 20, 2026 12:00 AM UTC","Sep 3, 2026 10:46 AM UTC",active
"DLA AVIATION AT PHILADELPHIA, PA",SPRPA1,97AS,DEFENSE LOGISTICS AGENCY,SPRPA126QVC63,Solicitation,DISTRIBUTING SYSTEM,ITEM UNIQUE IDENTIFICATION AND VALUATION (JAN 2023)|19||||||||||||||||||||\rHIGHER-LEVEL CONTRACT QUALITY REQUIREMENT|8|||||||||\rFMS DELIVERY AND SHIPP,"Oct 5, 2026 08:30 PM UTC",,None,"Power, Distribution, and Specialty Transformer Manufacturing",MISCELLANEOUS ELECTRIC POWER AND DISTRIBUTION EQUIPMENT,,,,,false,1,Telephone: 2157370543,CASEY.STOCK@DLA.MIL,,,"Sep 3, 2026 10:51 AM UTC","Oct 20, 2026 12:00 AM UTC","Sep 3, 2026 10:51 AM UTC",active
"DLA AVIATION AT PHILADELPHIA, PA",SPRPA1,97AS,DEFENSE LOGISTICS AGENCY,SPRPA126QVC64,Solicitation,DISTRIBUTING SYSTEM,ITEM UNIQUE IDENTIFICATION AND VALUATION (JAN 2023)|19||||||||||||||||||||\rHIGHER-LEVEL CONTRACT QUALITY REQUIREMENT|8|||||||||\rFMS DELIVERY AND SHIPP,"Oct 5, 2026 08:30 PM UTC",,None,"Power, Distribution, and Specialty Transformer Manufacturing",MISCELLANEOUS ELECTRIC POWER AND DISTRIBUTION EQUIPMENT,,,,,false,1,Telephone: 2157370543,CASEY.STOCK@DLA.MIL,,,"Sep 3, 2026 11:01 AM UTC","Oct 20, 2026 12:00 AM UTC","Sep 3, 2026 11:01 AM UTC",active
"DLA AVIATION AT PHILADELPHIA, PA",SPRPA1,97AS,DEFENSE LOGISTICS AGENCY,SPRPA126QYD35,Solicitation,"PUMP,RECIPROCATING",CONTACT INFORMATION|4|APBB.07|2B2|(445) 737-3576|Kaileigh.Blaker@dla.mil|\rITEM UNIQUE IDENTIFICATION AND VALUATION (JAN 2023)|19||||||||||||||||||||\rI,"Oct 5, 2026 08:30 PM UTC",,None,"Measuring, Dispensing, and Other Pumping Equipment Manufacturing",POWER AND HAND PUMPS,,,,,false,1,Telephone: 2157376835,KAILEIGH.BLAKER@DLA.MIL,,,"Sep 3, 2026 10:59 AM UTC","Oct 20, 2026 12:00 AM UTC","Sep 3, 2026 10:59 AM UTC",active
"DLA AVIATION AT PHILADELPHIA, PA",SPRPA1,97AS,DEFENSE LOGISTICS AGENCY,SPRPA126QZC06,Solicitation,"FLAP,WING LANDING",ITEM UNIQUE IDENTIFICATION AND VALUATION (JAN 2023)|19||||||||||||||||||||\rINSPECTION OF SUPPLIES--FIXED-PRICE (AUG 1996)|2|||\rHIGHER-LEVEL CONTRACT Q,"Oct 5, 2026 08:30 PM UTC",,None,Other Aircraft Parts and Auxiliary Equipment Manufacturing,AIRFRAME STRUCTURAL COMPONENTS,,,,,false,1,Telephone: 2157376795,BRIAN.BLANCO@DLA.MIL,,,"Sep 4, 2026 11:12 AM UTC","Oct 20, 2026 12:00 AM UTC","Sep 4, 2026 11:12 AM UTC",active
"DLA AVIATION AT PHILADELPHIA, PA",SPRPA1,97AS,DEFENSE LOGISTICS AGENCY,SPRPA126QZC07,Solicitation,"LATCH ASSEMBLY,CARG",ITEM UNIQUE IDENTIFICATION AND VALUATION (JAN 2023)|19||||||||||||||||||||\rWIDE AREA WORKFLOW PAYMENT INSTRUCTIONS (JAN 2023)|16|2:1 combo|N/A| |SPRP,"Oct 5, 2026 08:30 PM UTC",,None,Other Aircraft Parts and Auxiliary Equipment Manufacturing,MISCELLANEOUS AIRCRAFT ACCESSORIES AND COMPONENTS,,,,,false,1,Telephone: 4457374000,LORAINE.SMITH@DLA.MIL,,,"Sep 4, 2026 11:44 AM UTC","Oct 20, 2026 12:00 AM UTC","Sep 4, 2026 11:44 AM UTC",active
ACQUISITIONS - DIPLOMATIC SECURITY,19DSAQ,1900,"STATE, DEPARTMENT OF",19AQMM21R0010,Solicitation,Domestic Guard Services,"ALL INTERESTED OFFERORS SHALL NEED TO a) REQUEST EXPLICIT ACCESS VIA FBO FOR D OCUMENTS POSTED b) THROUGHLY REVIEW PARAGRAPH 4, 5 A","Oct 5, 2026 09:00 PM UTC",,None,Security Guards and Patrol Services,SUPPORT- PROFESSIONAL: PHYSICAL SECURITY AND BADGING,USA,,Arlington,VA,true,1,Shayani Mukherjee,mukherjees1@state.gov,,,"Aug 24, 2026 01:34 PM UTC","Oct 6, 2026 12:00 AM UTC","Aug 24, 2026 01:34 PM UTC",active
"DLA AVIATION AT OKLAHOMA CITY, OK",SPRTA1,97AS,DEFENSE LOGISTICS AGENCY,SPRTA1-26-R-0371,Solicitation,"F110 VALVE ASSEMBLY, NSN: 2995-01-390-3690PR, PN: 1584M19P02",Sole Source Acquisition.,"Oct 5, 2026 09:00 PM UTC",,None,Aircraft Engine and Engine Parts Manufacturing,"MISCELLANEOUS ENGINE ACCESSORIES, AIRCRAFT",USA,,Irvine,CA,true,4,John Nolan,john.nolan.8@us.af.mil,,,"Sep 3, 2026 03:20 PM UTC","Dec 31, 2026 12:00 AM UTC","Sep 3, 2026 03:20 PM UTC",active
"DLA AVIATION AT OKLAHOMA CITY, OK",SPRTA1,97AS,DEFENSE LOGISTICS AGENCY,SPRTA1-26-R-0403,Solicitation,New Manufacture of LINKAGE ASSEMBLY /1680010732187RK /16C0101-811,See attached solicitation.,"Oct 5, 2026 09:00 PM UTC",,None,Other Aircraft Parts and Auxiliary Equipment Manufacturing,MISCELLANEOUS AIRCRAFT ACCESSORIES AND COMPONENTS,USA,,,,true,1,Jessie Payne,Jessie.payne@us.af.mil,,,"Sep 4, 2026 02:55 PM UTC","Oct 20, 2026 12:00 AM UTC","Sep 4, 2026 02:55 PM UTC",active
"DLA AVIATION AT HUNTSVILLE, AL",SPRRA2,97AS,DEFENSE LOGISTICS AGENCY,SPRRA226R0096,Solicitation,"MOTOR ALTERNATING, CURRENT",Please see attached Solicitaiton.,"Oct 5, 2026 09:30 PM UTC",Total Small Business Set-Aside (FAR 19.5),None,Motor and Generator Manufacturing,"MOTORS, ELECTRICAL",,,,,true,1,Shane Craig,shane.craig@dla.mil,,,"Sep 4, 2026 06:00 PM UTC","Oct 20, 2026 12:00 AM UTC","Sep 4, 2026 06:00 PM UTC",active
FA8219 AFNWC PZBG,FA8219,5700,DEPT OF THE AIR FORCE,FA821926RB0001,Solicitation,Reentry Vehicle Integration Support Solicitation,Sole-Source RFP to Lockheed Martin Space Systems Company for Reentry Vehicle Integration Support. Attached is the Pre-Solicitation No,"Oct 5, 2026 11:00 PM UTC",,None,Engineering Services,NATIONAL DEFENSE R&D SERVICES; ATOMIC ENERGY DEFENSE ACTIVITIES; R&D ADMINISTRAT,USA,19406,,PA,false,3,"Johnny Billett, Jr. (JJ)",johnny.billett@us.af.mil,,,"Aug 3, 2026 08:29 PM UTC","Oct 20, 2026 12:00 AM UTC","Aug 3, 2026 08:29 PM UTC",active
"DLA AVIATION AT OGDEN, UT",SPRHA1,97AS,DEFENSE LOGISTICS AGENCY,SPRHA1-26-Q-0017,Solicitation,F-16 Cylinder Assembly,"6 of NSN# 1650016428153, 100% small business set aside.","Oct 6, 2026 03:59 AM UTC",Total Small Business Set-Aside (FAR 19.5),None,Other Aircraft Parts and Auxiliary Equipment Manufacturing,"AIRCRAFT HYDRAULIC, VACUUM, AND DE-ICING SYSTEM COMPONENTS",,,,,false,5,Vincent Pellegrini,vincent.pellegrini@us.af.mil,,,"Sep 3, 2026 09:09 PM UTC","Oct 5, 2027 12:00 AM UTC","Sep 3, 2026 09:09 PM UTC",active
DISA PL8,HC1050,97AK,DEFENSE INFORMATION SYSTEMS AGENCY (DISA),852571198_,Solicitation,JWCC UCM Core Solicitation,The serves as Amendment 0001 for the JWCC UCM Core Solicitation. Amendment 0001 – The purpose of this amend,"Oct 6, 2026 04:00 PM UTC",,None,"Computing Infrastructure Providers, Data Processing, Web Hosting, and Related Services",IT AND TELECOM - COMPUTE AS A SERVICE: MAINFRAME/SERVERS,USA,,Arlington,VA,true,27,Megan Toennies,megan.c.toennies.civ@mail.mil,,,"Sep 8, 2026 05:04 PM UTC","Oct 21, 2026 12:00 AM UTC","Sep 8, 2026 05:04 PM UTC",active
FA8213 AFLCMC EBHK,FA8213,5700,DEPT OF THE AIR FORCE,FA821326RB006,Solicitation,Solicitation Notice - ARD-446 & ARD-863 Impulse Cartridges Amendment 2,Amendment 2 extends the submittal date to 10/06/2026 This is a solicitation notice for an an-ticipated upcoming procuremen,"Oct 6, 2026 04:30 PM UTC",,None,Explosives Manufacturing,CARTRIDGE AND PROPELLANT ACTUATED DEVICES AND COMPONENTS,USA,84056,Hill Air Force Base,UT,true,,Kasey Simon,kasey.simon.1@us.af.mil,,,"Aug 27, 2026 05:56 PM UTC","Oct 21, 2026 12:00 AM UTC","Aug 27, 2026 05:56 PM UTC",active
BROOKHAVEN NATL LAB -DOE CONTRACTOR,899033,8900,"ENERGY, DEPARTMENT OF",479913,Solicitation,HRD Shield Enclosure,Please see the attached Request for Proposal and Enclosures.,"Oct 6, 2026 08:00 PM UTC",,None,All Other Miscellaneous Fabricated Metal Product Manufacturing,MISCELLANEOUS SPECIAL INDUSTRY MACHINERY,USA,,,NY,true,9,Jayce Blood,jblood@bnl.gov,,,"Sep 4, 2026 01:35 PM UTC","Oct 21, 2026 12:00 AM UTC","Sep 4, 2026 01:35 PM UTC",active
"DLA AVIATION AT HUNTSVILLE, AL",SPRRA2,97AS,DEFENSE LOGISTICS AGENCY,SPRRA226R0071,Solicitation,M-EH IMPROVED BRADLEY ACQUISITION SUBSYSTEM (IBAS) - ADD,The purpose of amendment 0001 for solicitation SPRRA226R0071 is to change the proposal due date from 11 August 2026 to 6 October 2026 & add att,"Oct 6, 2026 09:00 PM UTC",,None,Bare Printed Circuit Board Manufacturing,"ELECTRICAL AND ELECTRONIC ASSEMBLIES, BOARDS, CARDS, AND ASSOCIATED HARDWARE",USA,32935,Melbourne,FL,true,8,Scott Lamothe,scott.lamothe@dla.mil,,,"Jul 6, 2026 07:02 PM UTC","Oct 21, 2026 12:00 AM UTC","Jul 6, 2026 07:02 PM UTC",active
FERMILAB - DOE CONTRACTOR,899034,8900,"ENERGY, DEPARTMENT OF",ISD_384202_DA,Solicitation,MINOS High Bay Roof Replacement & Masonry Wall Repair,"On 9/10/26, Amendment 01 was issued to provide the attendance sheet from the site visit held on 9/9/26. This amendment also adds a second s","Oct 6, 2026 10:00 PM UTC",Total Small Business Set-Aside (FAR 19.5),None,Commercial and Institutional Building Construction,REPAIR OR ALTERATION OF MISCELLANEOUS BUILDINGS,USA,60510,Batavia,IL,true,23,Danielle Amico,damico@fnal.gov,,,"Sep 10, 2026 04:18 PM UTC","Oct 21, 2026 12:00 AM UTC","Sep 10, 2026 04:18 PM UTC",active
0906 AQ CO CONTRACTING BAT,W90VN6,2100,DEPT OF THE ARMY,W90VN626QA018,Solicitation,"Fuel Tank Inspection, Test and Maintenance Service at Osan AB, Korea","The purpose of this amendment is to add Sub Clin each Clin and correct Instruction to Offerors and Evaluation. See amended Attachment 2, 3 and new","Oct 7, 2026 04:00 AM UTC",,None,Commercial and Industrial Machinery and Equipment (except Automotive and Electronic) Repair and Maintenance,MAINTENANCE OF FUEL STORAGE BUILDINGS,,,,,true,4,Ik Chung Om,ikchung.om2.ln@army.mil,,,"Sep 9, 2026 07:04 AM UTC","Sep 9, 2027 12:00 AM UTC","Sep 9, 2026 07:04 AM UTC",active
244-NETWORK CONTRACT OFFICE 4 (36C244),36C244,3600,"VETERANS AFFAIRS, DEPARTMENT OF",36C24426B0015,Solicitation,Z1DA-- 460-26-004 | Wilmington VAMC Roof Replacement | NCO 4 Construction East (VA-26-00029152),"Wilmington VAMC Roof Replacement Site Visit: September 15th, 11:00AM; Meet in building 10 Conference room","Oct 7, 2026 03:00 PM UTC",Service-Disabled Veteran-Owned Small Business (SDVOSB) Set-Aside (FAR 19.14),None,Commercial and Institutional Building Construction,MAINTENANCE OF HOSPITALS AND INFIRMARIES,USA,19805,Wilmington,DE,true,9,Minnisha Hearst,Minnisha.hearst@va.gov,,,"Sep 14, 2026 01:36 PM UTC","Oct 22, 2026 12:00 AM UTC","Sep 14, 2026 01:36 PM UTC",active
DETENTION COMPLIANCE AND REMOVALS,70CDCR,7012,U.S. IMMIGRATION AND CUSTOMS ENFORCEMENT,70CDCR26R00000016,Solicitation,ICE TELERADIOLOGY SERVICES,This solicitation is for teleradiology services for the Immigration and Customs Enforcement (ICE) Health Service Corps (IHSC) in accordance with th,"Oct 7, 2026 05:00 PM UTC",Total Small Business Set-Aside (FAR 19.5),None,Diagnostic Imaging Centers,MEDICAL- RADIOLOGY,USA,,Los Fresnos,TX,true,18,Genna Braden,genna.braden@ice.dhs.gov,,,"Sep 3, 2026 07:03 PM UTC","Oct 22, 2026 12:00 AM UTC","Sep 3, 2026 07:03 PM UTC",active
"DLA AVIATION AT HUNTSVILLE, AL",SPRRA2,97AS,DEFENSE LOGISTICS AGENCY,SPRRA2-26-R-0072,Solicitation,Letter RFP SPRRA2-26-R-0072 Sole Source to RTX,"The Defense Logistics Agency (DLA) hereby issues this Request for Proposal (RFP), Solicitation No. SPRRA2-26-R-0072, for the addition of fift","Oct 7, 2026 07:00 PM UTC",,None,Radio and Television Broadcasting and Wireless Communications Equipment Manufacturing,"ANTENNAS, WAVEGUIDES, AND RELATED EQUIPMENT",USA,35898,Redstone Arsenal,AL,true,1,Kereen Johnston,kereen.johnston@dla.mil,,,"Jul 1, 2026 04:56 PM UTC","Oct 22, 2026 12:00 AM UTC","Jul 1, 2026 04:56 PM UTC",active
FA5613 700 CONS PK,FA5613,5700,DEPT OF THE AIR FORCE,FA561326R0004,Solicitation,FY 27 A&E IDIQ Solicitation,The Government intends to award a Multiple Award Indefinite Delivery Indefinite Quantity (IDIQ) Contract for Architect-Engineer (A-E) Services in s,"Oct 8, 2026 12:00 PM UTC",,None,"Architectural, Engineering, and Related Services",ARCHITECT AND ENGINEERING- GENERAL: OTHER,DEU,,,DE-RP,false,8,Sibel Wright,sibel.wright@us.af.mil,,,"Sep 8, 2026 11:49 AM UTC","Oct 23, 2026 12:00 AM UTC","Sep 8, 2026 11:49 AM UTC",active
"FWS, CONSTRUCTION A/E TEAM 3",140FC3,1448,U.S. FISH AND WILDLIFE SERVICE,140FC326Q0056,Solicitation,ID-CAMAS NWR- Fuel Tanks Wiring,ID-CAMAS NWR- Fuel Tanks Wiring,"Oct 8, 2026 05:00 PM UTC",Total Small Business Set-Aside (FAR 19.5),None,Oil and Gas Pipeline and Related Structures Construction,REPAIR OR ALTERATION OF FUEL SUPPLY FACILITIES,,,,,true,1,"Tines, Jessica",jessica_tines@fws.gov,,,"Sep 14, 2026 02:16 PM UTC","Oct 23, 2026 12:00 AM UTC","Sep 14, 2026 02:16 PM UTC",active
FA3300 42 CONS CC,FA3300,5700,DEPT OF THE AIR FORCE,Maxwell_AFB_AFCOOL,Solicitation,Maxwell_AFB_Purchase Agents for Air Force Credentialing Opportunities On- Line (AFCOOL)_Solicitation,This is an official solicitation for the AFCOOL Purchase Agents requirement. The selected contractor shall be responsible for purchasing all approv,"Oct 8, 2026 05:00 PM UTC",Total Small Business Set-Aside (FAR 19.5),None,Educational Support Services,EDUCATION/TRAINING- CERTIFICATIONS/ACCREDITATIONS FOR EDUCATIONAL INSTITUTIONS,USA,36112,Montgomery,AL,false,9,Samantha Millington,samantha.millington.1@us.af.mil,,,"Sep 8, 2026 09:17 PM UTC","Oct 23, 2026 12:00 AM UTC","Sep 8, 2026 09:17 PM UTC",active
FA9101 AEDC PKP PROCRMNT BR,FA9101,5700,DEPT OF THE AIR FORCE,FA910126RWP-DigitalTwins,Solicitation,Request for Whitepaper - AEDC Facility Digital Twins and Predictive Analytics,The Department of the Air Force is issuing this Request for Whitepapers to establish an Other Transaction Agreement (OTA) under 10 U.S.C. &sec,"Oct 8, 2026 06:00 PM UTC",,None,Engineering Services,PHOTO/MAP/PRINT/PUBLICATION- TECHNICAL WRITING,USA,,Arnold AFB,TN,true,3,Erica Anglin,erica.anglin@us.af.mil,,,"Sep 10, 2026 01:24 PM UTC","Oct 23, 2026 12:00 AM UTC","Sep 10, 2026 01:24 PM UTC",active
"DLA AVIATION AT PHILADELPHIA, PA",SPRPA1,97AS,DEFENSE LOGISTICS AGENCY,SPRPA126RRC46,Solicitation,16--DOCKING STATION ASS,ITEM UNIQUE IDENTIFICATION AND VALUATION (JAN 2023)|19||||||||||||||||||||\rINSPECTION OF SUPPLIES--FIXED-PRICE (AUG 1996)|2|||\rHIGHER-LEVEL CONTRACT Q,"Oct 8, 2026 06:00 PM UTC",,None,Other Aircraft Parts and Auxiliary Equipment Manufacturing,MISCELLANEOUS AIRCRAFT ACCESSORIES AND COMPONENTS,,,,,false,1,Telephone: 2676608638,GINA.PALUMBO@DLA.MIL,,,"Sep 8, 2026 10:41 AM UTC","Oct 23, 2026 12:00 AM UTC","Sep 8, 2026 10:41 AM UTC",active
"DLA AVIATION AT PHILADELPHIA, PA",SPRPA1,97AS,DEFENSE LOGISTICS AGENCY,SPRPA126RVC38,Solicitation,81--SHIPPING AND STORAG,CONTACT INFORMATION|4|apac.34|s8r|4457371701|alana.berkheiser@dla.mil|\rITEM UNIQUE IDENTIFICATION AND VALUATION (JAN 2023)|19||||||||||||||||||||\rHIGH,"Oct 8, 2026 06:00 PM UTC",,None,Other Metal Container Manufacturing,SPECIALIZED SHIPPING AND STORAGE CONTAINERS,,,,,false,2,Telephone: 2157372522,ALANA.BERKHEISER@DLA.MIL,,,"Sep 3, 2026 11:27 AM UTC","Oct 23, 2026 12:00 AM UTC","Sep 3, 2026 11:27 AM UTC",active
CHUGACH NATIONAL FOREST,120120,12C2,FOREST SERVICE,1240BH26Q0041,Solicitation,GAOA Cordova Outhouse Replacement Chugach NF,Description This is a combined synopsis/solicitation for commercial items prepared in accordance with the format in FAR Part 12. &nbs,"Oct 8, 2026 08:00 PM UTC",Total Small Business Set-Aside (FAR 19.5),None,Other Heavy and Civil Engineering Construction,CONSTRUCTION OF RECREATIONAL BUILDINGS,USA,,Cordova,AK,true,7,Paula Sales,paula.sales@usda.gov,,,"Sep 8, 2026 04:51 PM UTC","Oct 23, 2026 12:00 AM UTC","Sep 8, 2026 04:51 PM UTC",active
FA8552 AFLCMC WIU,FA8552,5700,DEPT OF THE AIR FORCE,FA8552-26-R-B001,Solicitation,HH-60W Degraded Visual Environment System(DVES) - FA8552-26-R-B001,Description of Anticipated Requirement: The United States Air Force (USAF) has a need to field a system capable of addressing the is,"Oct 8, 2026 08:00 PM UTC",,None,Aircraft Manufacturing,MODIFICATION OF EQUIPMENT- AIRCRAFT AND AIRFRAME STRUCTURAL COMPONENTS,USA,,,,false,28,"Theresa Younce, Contract Specialist",theresa.younce@us.af.mil,,,"Sep 11, 2026 07:41 PM UTC","Oct 23, 2026 12:00 AM UTC","Sep 11, 2026 07:41 PM UTC",active
"DLA AVIATION AT OKLAHOMA CITY, OK",SPRTA1,97AS,DEFENSE LOGISTICS AGENCY,SPRTA126Q2103,Solicitation,"F-100 Bearing, Ball, Annula",See attached for Solicitation SPRTA1-26-Q-2103 and all attachments.,"Oct 8, 2026 08:00 PM UTC",,None,Aircraft Engine and Engine Parts Manufacturing,"BEARINGS, ANTIFRICTION, UNMOUNTED",USA,,,,true,1,Jeremy Bryant,Jeremy.bryant@us.af.mil,,,"Sep 8, 2026 02:44 PM UTC","Dec 31, 2026 12:00 AM UTC","Sep 8, 2026 02:44 PM UTC",active
"DLA AVIATION AT OKLAHOMA CITY, OK",SPRTA1,97AS,DEFENSE LOGISTICS AGENCY,SPRTA126R1214,Solicitation,"F-100 Control, Exhaust Noz",See attached for Solicitation SPRTA1-26-R-1214 and all attachments.,"Oct 8, 2026 08:00 PM UTC",,None,Aircraft Engine and Engine Parts Manufacturing,"MISCELLANEOUS ENGINE ACCESSORIES, AIRCRAFT",USA,,,,true,1,Jeremy Bryant,Jeremy.bryant@us.af.mil,,,"Sep 8, 2026 06:29 PM UTC","Dec 31, 2026 12:00 AM UTC","Sep 8, 2026 06:29 PM UTC",active
FPAC BUS CNTR-MGMT SVS DIV,12FPAR,12D0,FARM PRODUCTION AND CONSERVATION BUSINESS CENTER,57-39093-26-FA-RLP,Solicitation,"Department of Agriculture (USDA) seeks Leased Office and related space in Elyria, Ohio Request for Lease Proposal (RLP)",Department of Agriculture (USDA) seeks to lease the following space: State: Ohio City: Elyria Delineated Area:</p,"Oct 8, 2026 08:30 PM UTC",,None,Lessors of Nonresidential Buildings (except Miniwarehouses),LEASE/RENTAL OF OFFICE BUILDINGS,USA,,Elyria,OH,true,2,Antonio Rodriguez,antonio.rodriguez@usda.gov,,,"Aug 31, 2026 03:51 PM UTC","Oct 23, 2026 12:00 AM UTC","Aug 31, 2026 03:51 PM UTC",active
"DLA AVIATION AT OKLAHOMA CITY, OK",SPRTA1,97AS,DEFENSE LOGISTICS AGENCY,SPRTA1-26-R-0405,Solicitation,"Regulator, Oxygen, De",Synopsis PR: FD2030-26-01420 1. Estimated issue date and estimated closing/response date: Issue:,"Oct 8, 2026 09:00 PM UTC",,None,Other Aircraft Parts and Auxiliary Equipment Manufacturing,"AIRCRAFT AIR CONDITIONING, HEATING, AND PRESSURIZING EQUIPMENT",USA,,,,true,1,Chrissy Turnage,christine.turnage@us.af.mil,,,"Sep 8, 2026 04:22 PM UTC","Oct 8, 2027 12:00 AM UTC","Sep 8, 2026 04:22 PM UTC",active
FA8213 AFLCMC EBHK,FA8213,5700,DEPT OF THE AIR FORCE,FA8213-26-R-3029,Solicitation,F-35 Fire Cartridge,See attachments,"Oct 8, 2026 11:00 PM UTC",,None,Explosives Manufacturing,CARTRIDGE AND PROPELLANT ACTUATED DEVICES AND COMPONENTS,USA,,,,true,11,Marc Mattsson,marc.mattsson@us.af.mil,,,"Sep 8, 2026 06:56 PM UTC","Dec 30, 2026 12:00 AM UTC","Sep 8, 2026 06:56 PM UTC",active
"DLA AVIATION AT OKLAHOMA CITY, OK",SPRTA1,97AS,DEFENSE LOGISTICS AGENCY,SPRTA1-26-Q-1989,Solicitation,Butterfly Valve,See Attachment Amendment on 08 September 2026 to correct the response date on the letter solicitation and to add a second letter solicitati,"Oct 9, 2026 04:59 AM UTC",,None,Other Aircraft Parts and Auxiliary Equipment Manufacturing,"VALVES, NONPOWERED",USA,,,,true,4,Genevee Suba,genevee.suba@us.af.mil,,,"Sep 8, 2026 06:53 PM UTC","Oct 8, 2027 12:00 AM UTC","Sep 8, 2026 06:53 PM UTC",active
"DLA AVIATION AT OKLAHOMA CITY, OK",SPRTA1,97AS,DEFENSE LOGISTICS AGENCY,SPRTA126R1442,Solicitation,TORQUE TUBE ASSEMBLY,See attached document.,"Oct 9, 2026 04:59 AM UTC",,None,Other Aircraft Parts and Auxiliary Equipment Manufacturing,MISCELLANEOUS AIRCRAFT ACCESSORIES AND COMPONENTS,USA,,,,true,2,Logan Hurtz,logan.hurtz@us.af.mil,,,"Sep 8, 2026 09:28 PM UTC","Oct 8, 2027 12:00 AM UTC","Sep 8, 2026 09:28 PM UTC",active
242-NETWORK CONTRACT OFFICE 02 (36C242),36C242,3600,"VETERANS AFFAIRS, DEPARTMENT OF",36C24226B0051,Solicitation,Y1DZ--620-23-205 Mission Critical Roofs Phase II,620-23-205 Mission Critical Roofs Phase II,"Oct 9, 2026 01:45 PM UTC",Service-Disabled Veteran-Owned Small Business (SDVOSB) Set-Aside (FAR 19.14),None,Commercial and Institutional Building Construction,CONSTRUCTION OF OTHER HOSPITAL BUILDINGS,USA,10548,Montrose,NY,true,6,Dany Humphreys,dany.humphreys2@va.gov,,,"Sep 11, 2026 05:29 PM UTC","Jan 30, 2027 12:00 AM UTC","Sep 11, 2026 05:29 PM UTC",active
DLA DISPOSTION SERVICE - EBS,SP4500,97AS,DEFENSE LOGISTICS AGENCY,SP450026R0015,Solicitation,Turkey Hazardous Waste Solicitation,Combined Synopsis/Solicitation SP450026R0015 has been prepared in accordance with the procedures in FAR 12.603(c)(2)(i‐xvi). Work under this,"Oct 9, 2026 02:00 PM UTC",,None,Hazardous Waste Treatment and Disposal,HOUSEKEEPING- WASTE TREATMENT/STORAGE,TUR,,,,true,19,ANNETTE GRAHAM,Annette.Graham@dla.mil,,,"Sep 3, 2026 08:55 PM UTC","Oct 24, 2026 12:00 AM UTC","Sep 3, 2026 08:55 PM UTC",active
DEF ADVANCED RESEARCH PROJECTS AGCY,HR0011,97AE,DEFENSE ADVANCED RESEARCH PROJECTS AGENCY (DARPA),DARPA-PA-25-07-06,Solicitation,Selective Harnessing of Intrinsic Neuroplasticity Engineering (SHINE),"The Defense Advanced Research Projects Agency (DARPA) Defense Sciences Office (DSO) is issuing a Disruption Opportunity (DO), inviting submissions of","Oct 9, 2026 04:00 PM UTC",,None,"Research and Development in the Physical, Engineering, and Life Sciences (except Nanotechnology and Biotechnology)",NATIONAL DEFENSE R&D SERVICES; DEPARTMENT OF DEFENSE - MILITARY; BASIC RESEARCH,,,,,true,6,BAA Coordinator,SHINE@darpa.mil,,,"Sep 3, 2026 03:17 PM UTC","Nov 8, 2026 12:00 AM UTC","Sep 3, 2026 03:17 PM UTC",active
"DLA AVIATION AT OKLAHOMA CITY, OK",SPRTA1,97AS,DEFENSE LOGISTICS AGENCY,FD20302601740,Solicitation,"New Manufacture of Body,Valve",See attached solicitation.,"Oct 9, 2026 04:59 PM UTC",,None,Other Aircraft Parts and Auxiliary Equipment Manufacturing,"VALVES, POWERED",USA,,,,true,1,Sara Johnnie,sara.johnnie@us.af.mil,,,"Sep 9, 2026 03:11 PM UTC","Oct 9, 2026 12:00 AM UTC","Sep 9, 2026 03:11 PM UTC",active
DLA ENERGY,SPE602,97AS,DEFENSE LOGISTICS AGENCY,SPE60226R0713,Solicitation,DLA Energy Bulk Petroleum Products - Bulk Lubricants,This is solicitation SPE602-26-R-0713 for DLA Energy Bulk Petroleum Products - Bulk Lubricants. See attachment/links section for full request for p,"Oct 9, 2026 05:00 PM UTC",Partial Small Business Set-Aside (FAR 19.5),None,Petroleum Lubricating Oil and Grease Manufacturing,"OILS AND GREASES: CUTTING, LUBRICATING, AND HYDRAULIC",,,,,true,6,Jacee Stumpf,jacee.stumpf@dla.mil,,,"Sep 9, 2026 06:59 PM UTC","Oct 24, 2026 12:00 AM UTC","Sep 9, 2026 06:59 PM UTC",active
693JF7 DOT MARITIME ADMINISTRATION,693JF7,6938,MARITIME ADMINISTRATION,6923GCoachingsupport,Solicitation,6923G226Q000033 Coaching support USMMA,Department of Transportation/Maritime Administration has a requirement for coaching support services for United States Merchant Marine Academy (USM,"Oct 9, 2026 06:00 PM UTC",Total Small Business Set-Aside (FAR 19.5),None,All Other Amusement and Recreation Industries,SOCIAL- RECREATIONAL,USA,11024,Kings Point,NY,true,4,Durba Ray,durba.ray@dot.gov,,,"Sep 8, 2026 07:20 PM UTC","Jan 31, 2027 12:00 AM UTC","Sep 8, 2026 07:20 PM UTC",active
FA8118 AFSC PZABB,FA8118,5700,DEPT OF THE AIR FORCE,FA811826R0054,Solicitation,FA811826R0054 - Overhaul of Magnetic Powder Clutch 1680-01-544-4848RK,This is a sole source requirement to Ontic Engineering & Manufacturing.,"Oct 9, 2026 08:00 PM UTC",,None,Other Aircraft Parts and Auxiliary Equipment Manufacturing,MAINT/REPAIR/REBUILD OF EQUIPMENT- AIRCRAFT COMPONENTS AND ACCESSORIES,USA,,Tinker AFB,OK,true,1,Rod Harris,rodrick.harris@us.af.mil,,,"Sep 9, 2026 05:31 PM UTC","Oct 24, 2026 12:00 AM UTC","Sep 9, 2026 05:31 PM UTC",active
"DLA AVIATION AT OKLAHOMA CITY, OK",SPRTA1,97AS,DEFENSE LOGISTICS AGENCY,SPRTA1-26-Q-0462,Solicitation,"CONCENTRATOR, OXYGEN","NSN: 1660-01-473-3547 Noun: CONCENTRATOR, OXYGEN","Oct 9, 2026 08:00 PM UTC",,Recovery and Reinvestment Act,Other Aircraft Parts and Auxiliary Equipment Manufacturing,"AIRCRAFT AIR CONDITIONING, HEATING, AND PRESSURIZING EQUIPMENT",,,,,true,1,Andre Hallmon,andre.hallmon@us.af.mil,,,"Sep 9, 2026 07:24 PM UTC","Oct 9, 2027 12:00 AM UTC","Sep 9, 2026 07:24 PM UTC",active
"DLA AVIATION AT OKLAHOMA CITY, OK",SPRTA1,97AS,DEFENSE LOGISTICS AGENCY,SPRTA126Q0409,Solicitation,AUGMENTOR NOZZLE SECTION; NSN 2840-01-616-1301,AUGMENTOR NOZZLE SECTION; NSN 2840-01-616-1301 PROPOSAL DUE ON OR BEFORE 9 OCTOBER 2026,"Oct 9, 2026 08:00 PM UTC",,None,Aircraft Engine and Engine Parts Manufacturing,"GAS TURBINES AND JET ENGINES, AIRCRAFT, PRIME MOVING; AND COMPONENTS",,,,,true,1,Asaycia Clayton,asaycia.clayton.1@us.af.mil,,,"Sep 9, 2026 08:17 PM UTC","Oct 9, 2027 12:00 AM UTC","Sep 9, 2026 08:17 PM UTC",active
"DLA AVIATION AT PHILADELPHIA, PA",SPRPA1,97AS,DEFENSE LOGISTICS AGENCY,SPRPA126QWC17,Solicitation,"FAN,VANEAXIAL",ITEM UNIQUE IDENTIFICATION AND VALUATION (JAN 2023)|19||||||||||||||||||||\rHIGHER-LEVEL CONTRACT QUALITY REQUIREMENT|8|||x|AS/EN/JISQ 9100 or equivale,"Oct 9, 2026 08:30 PM UTC",,None,Industrial and Commercial Fan and Blower and Air Purification Equipment Manufacturing,"FANS, AIR CIRCULATORS, AND BLOWER EQUIPMENT",,,,,false,1,Telephone: 2157370865,NASEEM.AOUN@DLA.MIL,,,"Sep 9, 2026 10:38 AM UTC","Oct 24, 2026 12:00 AM UTC","Sep 9, 2026 10:38 AM UTC",active
FERMILAB - DOE CONTRACTOR,899034,8900,"ENERGY, DEPARTMENT OF",DH-377725,Solicitation,Housekeeping Services – Fermilab,"Fermi Forward Discovery Group, LLC (FFDG), operator of Fermi National Accelerator Laboratory (Fermilab), is soliciting proposals for housekeeping s","Oct 9, 2026 10:00 PM UTC",Total Small Business Set-Aside (FAR 19.5),None,Janitorial Services,HOUSEKEEPING- CUSTODIAL JANITORIAL,USA,60510,,IL,true,1,Dustin Hansrote,hansrote@fnal.gov,,,"Sep 10, 2026 07:57 PM UTC","Oct 24, 2026 12:00 AM UTC","Sep 10, 2026 07:57 PM UTC",active
"DLA AVIATION AT OKLAHOMA CITY, OK",SPRTA1,97AS,DEFENSE LOGISTICS AGENCY,SPRTA126Q1844,Solicitation,NOUN: POWER SUPPLY NSN: 6610003354629NT R/N: 114078,See attached document.,"Oct 10, 2026 04:59 AM UTC",,None,Other Aircraft Parts and Auxiliary Equipment Manufacturing,FLIGHT INSTRUMENTS,USA,,,,true,1,Logan Hurtz,logan.hurtz@us.af.mil,,,"Sep 9, 2026 03:33 PM UTC","Sep 9, 2027 12:00 AM UTC","Sep 9, 2026 03:33 PM UTC",active
FA9453 AFRL RVK,FA9453,5700,DEPT OF THE AIR FORCE,FA945326XA001,Solicitation,STAR-FISH CALL 017 - Secure By Design,FA9453-21-S-0001 Air Force Research Laboratory/Space Vehicle Di,"Oct 12, 2026 10:00 PM UTC",,None,"Research and Development in the Physical, Engineering, and Life Sciences (except Nanotechnology and Biotechnology)",GENERAL SCIENCE AND TECHNOLOGY R&D SERVICES; GENERAL SCIENCE AND TECHNOLOGY; APP,USA,87117,Kirtland AFB,NM,true,6,Gabriel Salazar,gabriel.salazar.3@spaceforce.mil,,,"Aug 24, 2026 07:42 PM UTC","Oct 27, 2026 12:00 AM UTC","Aug 24, 2026 07:42 PM UTC",active
"DLA AVIATION AT OGDEN, UT",SPRHA1,97AS,DEFENSE LOGISTICS AGENCY,SPRHA1-26-Q-0018,Solicitation,NOSE LANDING VALVE,NSN: 1620010456113 QTY: 8,"Oct 13, 2026 05:59 AM UTC",,None,Other Aircraft Parts and Auxiliary Equipment Manufacturing,AIRCRAFT LANDING GEAR COMPONENTS,,,,,false,5,Vincent Pellegrini,vincent.pellegrini@us.af.mil,,,"Sep 9, 2026 07:25 PM UTC","Oct 12, 2027 12:00 AM UTC","Sep 9, 2026 07:25 PM UTC",active
252-NETWORK CONTRACT OFFICE 12 (36C252),36C252,3600,"VETERANS AFFAIRS, DEPARTMENT OF",36C25226B0033_1,Solicitation,Z1DA--Construction of Ogden Elevator Cab Interiors Jesse Brown Medical Center,"Solicitation for Elevator Upgrades, Jesse Brown VAMC.","Oct 13, 2026 03:00 PM UTC",,None,Other Building Equipment Contractors,MAINTENANCE OF HOSPITALS AND INFIRMARIES,,,,,true,19,Misty L Gates,Misty.Gates1@va.gov,,,"Sep 11, 2026 01:59 PM UTC","Dec 7, 2026 12:00 AM UTC","Sep 11, 2026 01:59 PM UTC",active
FA4803 20 CONS LGCA,FA4803,5700,DEPT OF THE AIR FORCE,FA480326B0006,Solicitation,FY27 MACC,"This requirement is for a comprehensive, seven-year, Multiple Award Construction Contract (MACC) using an Indefinite-Delivery/Indefinite-Quantity (IDI","Oct 13, 2026 05:00 PM UTC",Total Small Business Set-Aside (FAR 19.5),None,Commercial and Institutional Building Construction,REPAIR OR ALTERATION OF MISCELLANEOUS BUILDINGS,USA,29152,Shaw AFB,SC,true,1,KISHAUNA GOODMAN,kishauna.goodman@us.af.mil,,,"Aug 28, 2026 03:05 PM UTC","Aug 28, 2027 12:00 AM UTC","Aug 28, 2026 03:05 PM UTC",active
"DLA AVIATION AT PHILADELPHIA, PA",SPRPA1,97AS,DEFENSE LOGISTICS AGENCY,SPRPA126RVC30,Solicitation,"81--CONTAINER,SHIPPING",CONTACT INFORMATION|4|APAC.41|S88|445-737-3493|MAKAYLA.HAUSER@DLA.MIL|\rITEM UNIQUE IDENTIFICATION AND VALUATION (JAN 2023)|19||||||||||||||||||||\rHIGH,"Oct 13, 2026 06:00 PM UTC",,None,Other Metal Container Manufacturing,SPECIALIZED SHIPPING AND STORAGE CONTAINERS,,,,,false,2,Telephone: 4457373493,MAKAYLA.HAUSER@DLA.MIL,,,"Sep 11, 2026 11:47 AM UTC","Oct 28, 2026 12:00 AM UTC","Sep 11, 2026 11:47 AM UTC",active
"DLA AVIATION AT PHILADELPHIA, PA",SPRPA1,97AS,DEFENSE LOGISTICS AGENCY,SPRPA126RVC35,Solicitation,81--SHIPPING AND STORAG,CONTACT INFORMATION|4|APAC.41|S8X|445-737-3493|MAKAYLA.HAUSER@DLA.MIL|\rITEM UNIQUE IDENTIFICATION AND VALUATION (JAN 2023)|19||||||||||||||||||||\rHIGH,"Oct 13, 2026 06:00 PM UTC",,None,Other Metal Container Manufacturing,SPECIALIZED SHIPPING AND STORAGE CONTAINERS,,,,,false,2,Telephone: 4457373493,MAKAYLA.HAUSER@DLA.MIL,,,"Sep 10, 2026 10:57 AM UTC","Oct 28, 2026 12:00 AM UTC","Sep 10, 2026 10:57 AM UTC",active
COMMANDER,M67004,1700,DEPT OF THE NAVY,M6700426R0003,Solicitation,Coordinated SECREP Management and Strategic Logistics Services (CSM_SLS),MARCORLOGCOM provides globally responsive ground equipment inventory control and integrated operational-level logistics capabilities in order to maxim,"Oct 13, 2026 08:00 PM UTC",Total Small Business Set-Aside (FAR 19.5),None,Engineering Services,SUPPORT- MANAGEMENT: LOGISTICS SUPPORT,,31704,,,true,4,Steven Wynne,steven.wynne@usmc.mil,,,"Sep 11, 2026 03:36 PM UTC","Sep 11, 2027 12:00 AM UTC","Sep 11, 2026 03:36 PM UTC",active
"DLA AVIATION AT OKLAHOMA CITY, OK",SPRTA1,97AS,DEFENSE LOGISTICS AGENCY,SPRTA126Q1494,Solicitation,"T-56 Amplifier, Electroni",See attached for Solicitation SPRTA1-26-Q-1494 and all attachments.,"Oct 13, 2026 08:00 PM UTC",,None,Aircraft Engine and Engine Parts Manufacturing,AMPLIFIERS,USA,,,,true,1,Jeremy Bryant,Jeremy.bryant@us.af.mil,,,"Sep 11, 2026 03:53 PM UTC","Dec 31, 2026 12:00 AM UTC","Sep 11, 2026 03:53 PM UTC",active
"DLA AVIATION AT OKLAHOMA CITY, OK",SPRTA1,97AS,DEFENSE LOGISTICS AGENCY,SPRTA126R1091,Solicitation,"Support, Turbine Noz (1C)",See attached document.,"Oct 13, 2026 08:00 PM UTC",,None,Aircraft Engine and Engine Parts Manufacturing,"GAS TURBINES AND JET ENGINES, AIRCRAFT, PRIME MOVING; AND COMPONENTS",USA,,,,true,1,Rhonda Griffin,rhonda.griffin.1@us.af.mil,,,"Sep 11, 2026 05:29 PM UTC","Oct 13, 2027 12:00 AM UTC","Sep 11, 2026 05:29 PM UTC",active
"DLA AVIATION AT OKLAHOMA CITY, OK",SPRTA1,97AS,DEFENSE LOGISTICS AGENCY,SPRTA126R1792,Solicitation,"Pump, Fuel, Jet Engin (3B)",See attached document.,"Oct 13, 2026 08:00 PM UTC",,None,Aircraft Engine and Engine Parts Manufacturing,"ENGINE FUEL SYSTEM COMPONENTS, AIRCRAFT AND MISSILE PRIME MOVERS",USA,73145,Tinker AFB,OK,true,1,Rhonda Griffin,rhonda.griffin.1@us.af.mil,,,"Sep 11, 2026 12:23 PM UTC","Oct 13, 2027 12:00 AM UTC","Sep 11, 2026 12:23 PM UTC",active
"DLA AVIATION AT PHILADELPHIA, PA",SPRPA1,97AS,DEFENSE LOGISTICS AGENCY,SPRPA126QRC44,Solicitation,AIR DATA MODULE,ITEM UNIQUE IDENTIFICATION AND VALUATION (JAN 2023)|19||||||||||||||||||||\rHIGHER-LEVEL CONTRACT QUALITY REQUIREMENT|8|||x|AS/EN/JISQ 9100 or equivale,"Oct 13, 2026 08:30 PM UTC",,None,"Search, Detection, Navigation, Guidance, Aeronautical, and Nautical System and Instrument Manufacturing",NAVIGATIONAL INSTRUMENTS,,,,,false,1,Telephone: 2676608638,GINA.PALUMBO@DLA.MIL,,,"Sep 10, 2026 10:27 AM UTC","Oct 28, 2026 12:00 AM UTC","Sep 10, 2026 10:27 AM UTC",active
"DLA AVIATION AT PHILADELPHIA, PA",SPRPA1,97AS,DEFENSE LOGISTICS AGENCY,SPRPA126QUB93,Solicitation,"NRP,FWD FAIRING ASS",ITEM UNIQUE IDENTIFICATION AND VALUATION (JAN 2023)|19||||||||||||||||||||\rHIGHER-LEVEL CONTRACT QUALITY REQUIREMENT|8|||X|AS/EN/JISQ 9100 or equivale,"Oct 13, 2026 08:30 PM UTC",,None,Other Aircraft Parts and Auxiliary Equipment Manufacturing,MISCELLANEOUS AIRCRAFT ACCESSORIES AND COMPONENTS,,,,,false,1,Telephone: 2157372488,SAMUEL.EVERETT@DLA.MIL,,,"Sep 10, 2026 10:44 AM UTC","Oct 28, 2026 12:00 AM UTC","Sep 10, 2026 10:44 AM UTC",active
"DLA AVIATION AT PHILADELPHIA, PA",SPRPA1,97AS,DEFENSE LOGISTICS AGENCY,SPRPA126QUB94,Solicitation,"NRP,BOTTLE MONEX FI",ITEM UNIQUE IDENTIFICATION AND VALUATION (JAN 2023)|19||||||||||||||||||||\rINSPECTION OF SUPPLIES--FIXED-PRICE (AUG 1996)|2|||\rHIGHER-LEVEL CONTRACT Q,"Oct 13, 2026 08:30 PM UTC",,None,Other Aircraft Parts and Auxiliary Equipment Manufacturing,MISCELLANEOUS AIRCRAFT ACCESSORIES AND COMPONENTS,,,,,false,1,Telephone: 2157372488,SAMUEL.EVERETT@DLA.MIL,,,"Sep 10, 2026 10:24 AM UTC","Oct 28, 2026 12:00 AM UTC","Sep 10, 2026 10:24 AM UTC",active
"DLA AVIATION AT PHILADELPHIA, PA",SPRPA1,97AS,DEFENSE LOGISTICS AGENCY,SPRPA126QUB99,Solicitation,"CARTRIDGE,OPERATING",ITEM UNIQUE IDENTIFICATION AND VALUATION (JAN 2023)|19||||||||||||||||||||\rINSPECTION OF SUPPLIES--FIXED-PRICE (AUG 1996)|2|||\rHIGHER-LEVEL CONTRACT Q,"Oct 13, 2026 08:30 PM UTC",,None,Other Aircraft Parts and Auxiliary Equipment Manufacturing,MISCELLANEOUS AIRCRAFT ACCESSORIES AND COMPONENTS,,,,,false,1,Telephone: 2157372488,SAMUEL.EVERETT@DLA.MIL,,,"Sep 10, 2026 10:39 AM UTC","Oct 28, 2026 12:00 AM UTC","Sep 10, 2026 10:39 AM UTC",active
"DLA AVIATION AT PHILADELPHIA, PA",SPRPA1,97AS,DEFENSE LOGISTICS AGENCY,SPRPA126QWB83,Solicitation,"CONTROL ASSEMBLY,HY",ITEM UNIQUE IDENTIFICATION AND VALUATION (JAN 2023)|19||||||||||||||||||||\rHIGHER-LEVEL CONTRACT QUALITY REQUIREMENT|8|||x|AS/EN/JISQ 9100 or equivale,"Oct 13, 2026 08:30 PM UTC",,None,Mechanical Power Transmission Equipment Manufacturing,MISCELLANEOUS POWER TRANSMISSION EQUIPMENT,,,,,false,1,Telephone: 2676608638,GINA.PALUMBO@DLA.MIL,,,"Sep 10, 2026 10:42 AM UTC","Oct 28, 2026 12:00 AM UTC","Sep 10, 2026 10:42 AM UTC",active
"DLA AVIATION AT PHILADELPHIA, PA",SPRPA1,97AS,DEFENSE LOGISTICS AGENCY,SPRPA126QYD05,Solicitation,"16--PNL ASSY,FUEL MGMT",ITEM UNIQUE IDENTIFICATION AND VALUATION (JAN 2023)|19|.|||||||||||||||||||\rHIGHER-LEVEL CONTRACT QUALITY REQUIREMENT|8|.||||||||\rNAVY USE OF ABILITYO,"Oct 13, 2026 08:30 PM UTC",,None,Other Aircraft Parts and Auxiliary Equipment Manufacturing,MISCELLANEOUS AIRCRAFT ACCESSORIES AND COMPONENTS,,,,,false,1,Telephone: 2157373416,JOHN.MCCARRY@DLA.MIL,,,"Sep 14, 2026 10:42 AM UTC","Oct 28, 2026 12:00 AM UTC","Sep 14, 2026 10:42 AM UTC",active
"DLA AVIATION AT PHILADELPHIA, PA",SPRPA1,97AS,DEFENSE LOGISTICS AGENCY,SPRPA126QZC11,Solicitation,"PISTON ASSEMBLY,HYD",ITEM UNIQUE IDENTIFICATION AND VALUATION (JAN 2023)|19||||||||||||||||||||\rHIGHER-LEVEL CONTRACT QUALITY REQUIREMENT|8|||X|TBD|||||\rWIDE AREA WORKFLOW,"Oct 13, 2026 08:30 PM UTC",,None,Other Aircraft Parts and Auxiliary Equipment Manufacturing,AIRCRAFT WHEEL AND BRAKE SYSTEMS,,,,,false,1,Telephone: 4457378863,DYLAN.KENDRA@DLA.MIL,,,"Sep 11, 2026 11:23 AM UTC","Oct 28, 2026 12:00 AM UTC","Sep 11, 2026 11:23 AM UTC",active
"DLA AVIATION AT PHILADELPHIA, PA",SPRPA1,97AS,DEFENSE LOGISTICS AGENCY,SPRPA126QZC12,Solicitation,SIGNAL PROCESSOR,ITEM UNIQUE IDENTIFICATION AND VALUATION (JAN 2023)|19||||||||||||||||||||\rHIGHER-LEVEL CONTRACT QUALITY REQUIREMENT|8|||X|TBD|||||\rWIDE AREA WORKFLOW,"Oct 13, 2026 08:30 PM UTC",,None,Other Aircraft Parts and Auxiliary Equipment Manufacturing,MISCELLANEOUS AIRCRAFT ACCESSORIES AND COMPONENTS,,,,,false,1,Telephone: 4457378863,DYLAN.KENDRA@DLA.MIL,,,"Sep 11, 2026 11:28 AM UTC","Oct 28, 2026 12:00 AM UTC","Sep 11, 2026 11:28 AM UTC",active
"DLA AVIATION AT PHILADELPHIA, PA",SPRPA1,97AS,DEFENSE LOGISTICS AGENCY,SPRPA126QZC15,Solicitation,"NRP,HOUSING ASSY VA",ITEM UNIQUE IDENTIFICATION AND VALUATION (JAN 2023)|19||||||||||||||||||||\rINSPECTION OF SUPPLIES--FIXED-PRICE (AUG 1996)|2|||\rINSPECTION AND ACCEPTAN,"Oct 13, 2026 08:30 PM UTC",,None,Other Aircraft Parts and Auxiliary Equipment Manufacturing,"AIRCRAFT HYDRAULIC, VACUUM, AND DE-ICING SYSTEM COMPONENTS",,,,,false,1,Telephone: 4457374000,LORAINE.SMITH@DLA.MIL,,,"Sep 14, 2026 10:49 AM UTC","Oct 28, 2026 12:00 AM UTC","Sep 14, 2026 10:49 AM UTC",active
FA8101 AFSC PZIOA,FA8101,5700,DEPT OF THE AIR FORCE,FA810126R0004,Solicitation,Paramedics & Ambulance Services,"This is a solicitation for commercial, nonpersonal services prepared in accordance with (IAW) Revolutionary Federal Acquisition Regulation (FAR) Ov","Oct 13, 2026 09:00 PM UTC",Total Small Business Set-Aside (FAR 19.5),None,Ambulance Services,TRANSPORTATION/TRAVEL/RELOCATION- TRAVEL/LODGING/RECRUITMENT: AMBULANCE,USA,73145,Tinker AFB,OK,true,6,Simon Montalvo,simon.montalvo@us.af.mil,,,"Sep 10, 2026 07:58 PM UTC","Oct 28, 2026 12:00 AM UTC","Sep 10, 2026 07:58 PM UTC",active
"DLA AVIATION AT HUNTSVILLE, AL",SPRRA2,97AS,DEFENSE LOGISTICS AGENCY,SPRRA226R0701,Solicitation,SPRRA226R0701 BRADLEY-LIMITED SOURCE-NSN: 6130016818278/ PN: 12571107,DLA Huntsville-Weapons Support &nb,"Oct 13, 2026 09:00 PM UTC",,None,All Other Miscellaneous Electrical Equipment and Component Manufacturing,"CONVERTERS, ELECTRICAL, NONROTATING",USA,,Huntsville,AL,true,4,Kristen Woodard,kristen.woodard@dla.mil,,,"Sep 10, 2026 05:00 PM UTC","Oct 28, 2026 12:00 AM UTC","Sep 10, 2026 05:00 PM UTC",active
"DLA AVIATION AT OGDEN, UT",SPRHA1,97AS,DEFENSE LOGISTICS AGENCY,SPRHA1-26-Q-0902,Solicitation,"E3 Landing Gear-Sleeve, Directional",5 each of NSN: 1630-00-055-6351,"Oct 14, 2026 05:59 AM UTC",,None,Other Aircraft Parts and Auxiliary Equipment Manufacturing,AIRCRAFT WHEEL AND BRAKE SYSTEMS,,,,,true,3,Karen Gomez,karen.gomez.3@us.af.mil,,,"Sep 10, 2026 07:40 PM UTC","Oct 13, 2027 12:00 AM UTC","Sep 10, 2026 07:40 PM UTC",active
"DLA AVIATION AT OGDEN, UT",SPRHA1,97AS,DEFENSE LOGISTICS AGENCY,SPRHA1-26-Q-0984,Solicitation,"C-130 Pisont, linear Actua",4 each of NSN 1650-00-404-6550. This is a 100% small business set-aside.,"Oct 14, 2026 11:59 AM UTC",Total Small Business Set-Aside (FAR 19.5),None,Other Aircraft Parts and Auxiliary Equipment Manufacturing,"AIRCRAFT HYDRAULIC, VACUUM, AND DE-ICING SYSTEM COMPONENTS",,,,,true,7,April Blakeley,april.blakeley@us.af.mil,,,"Sep 14, 2026 02:03 PM UTC","Oct 15, 2027 12:00 AM UTC","Sep 14, 2026 02:03 PM UTC",active
242-NETWORK CONTRACT OFFICE 02 (36C242),36C242,3600,"VETERANS AFFAIRS, DEPARTMENT OF",36C24227Q0016,Solicitation,Surgical Instrument Maintenance and Repair Services,Surgical Instrument Maintenance and Repair services for the New York Harbor HCS at the Brooklyn and Manhattan Campuses.,"Oct 14, 2026 05:00 PM UTC",Service-Disabled Veteran-Owned Small Business (SDVOSB) Set-Aside (FAR 19.14),None,Electronic and Precision Equipment Repair and Maintenance,"MAINT/REPAIR/REBUILD OF EQUIPMENT- MEDICAL, DENTAL, AND VETERINARY EQUIPMENT AND",USA,10010,New York,NY,true,1,"Harsch, Michelle",Michelle.Harsch@va.gov,,,"Sep 14, 2026 04:04 PM UTC","Dec 10, 2026 12:00 AM UTC","Sep 14, 2026 04:04 PM UTC",active
"DLA AVIATION AT PHILADELPHIA, PA",SPRPA1,97AS,DEFENSE LOGISTICS AGENCY,SPRPA126RVC10,Solicitation,81--SHIPPING AND STORAG,ITEM UNIQUE IDENTIFICATION AND VALUATION (JAN 2023)|19||||||||||||||||||||\rHIGHER-LEVEL CONTRACT QUALITY REQUIREMENT|8|||||||||\rSTOP-WORK ORDER (AUG 1,"Oct 14, 2026 06:00 PM UTC",,None,Other Metal Container Manufacturing,SPECIALIZED SHIPPING AND STORAGE CONTAINERS,,,,,false,1,Telephone: 4457373493,MAKAYLA.HAUSER@DLA.MIL,,,"Sep 11, 2026 11:50 AM UTC","Oct 29, 2026 12:00 AM UTC","Sep 11, 2026 11:50 AM UTC",active
"DLA AVIATION AT OKLAHOMA CITY, OK",SPRTA1,97AS,DEFENSE LOGISTICS AGENCY,SPRTA1-26-Q-0468,Solicitation,"Filter Element, Flui",NSN: 2945-01-303-4245NZ / PN: AE9348-1658 or 4075732 / AMC: 1B,"Oct 14, 2026 07:00 PM UTC",,None,Aircraft Engine and Engine Parts Manufacturing,"ENGINE AIR AND OIL FILTERS, CLEANERS, AIRCRAFT PRIME MOVING",,,,,true,1,Keith Russ,keith.russ@us.af.mil,,,"Sep 10, 2026 02:06 PM UTC","Oct 14, 2027 12:00 AM UTC","Sep 10, 2026 02:06 PM UTC",active
"DLA AVIATION AT OKLAHOMA CITY, OK",SPRTA1,97AS,DEFENSE LOGISTICS AGENCY,SPRTA126R0402,Solicitation,"NSN 2840-01-308-4467NZ, P/N 4070107, LINER, AUGMENTOR COM, FD2030-26-01584",See Solicitation,"Oct 14, 2026 08:00 PM UTC",Total Small Business Set-Aside (FAR 19.5),None,Aircraft Engine and Engine Parts Manufacturing,"GAS TURBINES AND JET ENGINES, AIRCRAFT, PRIME MOVING; AND COMPONENTS",,,,,true,10,Alex Varughese,alex.varughese.1@us.af.mil,,,"Sep 14, 2026 01:17 PM UTC","Oct 31, 2027 12:00 AM UTC","Sep 14, 2026 01:17 PM UTC",active
"DLA AVIATION AT OKLAHOMA CITY, OK",SPRTA1,97AS,DEFENSE LOGISTICS AGENCY,SPRTA126R1014,Solicitation,"Cooler, Lubricating (3B)",See attached document.,"Oct 14, 2026 08:00 PM UTC",,None,Aircraft Engine and Engine Parts Manufacturing,"ENGINE SYSTEM COOLING COMPONENTS, AIRCRAFT PRIME MOVING",USA,73145,Tinker AFB,OK,true,1,Rhonda Griffin,rhonda.griffin.1@us.af.mil,,,"Sep 14, 2026 04:46 PM UTC","Oct 14, 2027 12:00 AM UTC","Sep 14, 2026 04:46 PM UTC",active
FPAC BUS CNTR-MGMT SVS DIV,12FPAR,12D0,FARM PRODUCTION AND CONSERVATION BUSINESS CENTER,57-18069-26-FA-RLP,Solicitation,"U.S. Department of Agriculture Seeks to Lease Office and Related Space in Huntington, Indiana",Attached is Request for Lease Proposal 57-18069-26-FA (RLP) for leasehold interest in real property - general purpose office space,"Oct 14, 2026 08:30 PM UTC",,None,Lessors of Nonresidential Buildings (except Miniwarehouses),LEASE/RENTAL OF OFFICE BUILDINGS,USA,,Huntington,IN,true,18,Shannon Schoening,shannon.schoening@usda.gov,,,"Aug 6, 2026 01:48 PM UTC","Oct 15, 2026 12:00 AM UTC","Aug 6, 2026 01:48 PM UTC",active
"DLA AVIATION AT OKLAHOMA CITY, OK",SPRTA1,97AS,DEFENSE LOGISTICS AGENCY,SPRTA126Q1919,Solicitation,"NSN: 1650006752635 PN: 370772-3 NOUN: TANK,HYDRAULIC FLUI",See attached document.,"Oct 15, 2026 04:59 AM UTC",,None,Other Aircraft Parts and Auxiliary Equipment Manufacturing,"AIRCRAFT HYDRAULIC, VACUUM, AND DE-ICING SYSTEM COMPONENTS",USA,,,,true,1,Logan Hurtz,logan.hurtz@us.af.mil,,,"Sep 14, 2026 05:58 PM UTC","Sep 14, 2027 12:00 AM UTC","Sep 14, 2026 05:58 PM UTC",active
693KA9 CONTRACTING FOR SERVICES,693KA9,6920,FEDERAL AVIATION ADMINISTRATION,693KA9-26-R-00003,Solicitation,NISC Enterprise Support Tasking (NEST),***THIS OPPORTUNITY IS SET-ASIDE FOR WOMEN-OWNED SMALL BUSINESS (WOSB) CONCERNS*** **A LIVE NIMS DEMONSTRATION WIL,"Oct 15, 2026 02:00 PM UTC",SBA Certified Women-Owned Small Business (WOSB) Program Set-Aside (FAR 19.15),None,Custom Computer Programming Services,IT AND TELECOM - BUSINESS APPLICATION/APPLICATION DEVELOPMENT SUPPORT SERVICES (,USA,20591,Washington,DC,true,11,FAA AAQ 410 Contracting Office,9-AWA-AAQ410-Contracting-Team@faa.gov,,,"Sep 11, 2026 03:35 PM UTC","Oct 30, 2026 12:00 AM UTC","Sep 11, 2026 03:35 PM UTC",active
DEFENSE HEALTH AGENCY,HT9406,97DH,DEFENSE HEALTH AGENCY (DHA),HT9406-26-R-E006,Solicitation,European Healthcare Environmental Cleaning (HEC) Services,1. Amendment 0002 attached for Healthcare Environmental Cleaning Services in Germany. 2. Additio,"Oct 15, 2026 03:00 PM UTC",,None,Janitorial Services,HEALTHCARE ENVIRONMENTAL CLEANING,DEU,,,,true,45,Elena Raspitha,elena.m.raspitha.civ@health.mil,,,"Sep 14, 2026 11:44 AM UTC","Oct 30, 2026 12:00 AM UTC","Sep 14, 2026 11:44 AM UTC",active
DSC CONTRACTING SERVICES DIVISION,140P20,1443,NATIONAL PARK SERVICE,140P2026R0108,Solicitation,NAMA 320066 Rehabilitate WWII Memorial Infrastruct,The purpose of this Sources Sought Notice (SSN) is to gain knowledge regarding the types of interested businesses and their qualifications. Informatio,"Oct 15, 2026 04:00 PM UTC",,None,All Other Specialty Trade Contractors,REPAIR OR ALTERATION OF OTHER UTILITIES,,,,,true,2,"Nguyen, Marc",marc_nguyen@nps.gov,,,"Sep 14, 2026 03:23 PM UTC","Oct 30, 2026 12:00 AM UTC","Sep 14, 2026 03:23 PM UTC",active
"DOI, NPS CONOPS STRATEGIC",140PS1,1443,NATIONAL PARK SERVICE,140PS126B0010,Solicitation,Y--Construct North Unit Visitor Center at BADL,Construct North Unit Visitor Center at BADL,"Oct 15, 2026 04:00 PM UTC",,None,Commercial and Institutional Building Construction,CONSTRUCTION OF OTHER ADMINISTRATIVE FACILITIES AND SERVICE BUILDINGS,,,,,true,10,"Johnson, Cole",cole_johnson@ios.doi.gov,,,"Sep 10, 2026 05:15 PM UTC","Oct 30, 2026 12:00 AM UTC","Sep 10, 2026 05:15 PM UTC",active
CEU PROVIDENCE(000G1),70Z0G1,7008,U.S. COAST GUARD,70Z0G126BSLISSW02,Solicitation,USCG Cutter Eagle New Dredging for Berthing at New London City Pier,"Eagle Pier New Dredging (FY26) at New London’s City Pier, CT (NEW LONDON COUNTY), PSN #24014900. Co","Oct 15, 2026 06:00 PM UTC",Total Small Business Set-Aside (FAR 19.5),None,Other Heavy and Civil Engineering Construction,MAINTENANCE OF DREDGING FACILITIES,USA,06320,New London,CT,true,5,"Simon W. Leung, Contracting Officer",simon.w.leung@uscg.mil,,,"Sep 11, 2026 02:29 PM UTC","Dec 31, 2026 12:00 AM UTC","Sep 11, 2026 02:29 PM UTC",active
"DLA AVIATION AT PHILADELPHIA, PA",SPRPA1,97AS,DEFENSE LOGISTICS AGENCY,SPRPA126RXB71,Solicitation,"59--HARNESS,ELECTRICAL",ITEM UNIQUE IDENTIFICATION AND VALUATION (JAN 2023)|19||||||||||||||||||||\rINSPECTION OF SUPPLIES--FIXED-PRICE (AUG 1996)|2|||\rHIGHER-LEVEL CONTRACT Q,"Oct 15, 2026 06:00 PM UTC",,None,Electronic Connector Manufacturing,MISCELLANEOUS ELECTRICAL AND ELECTRONIC COMPONENTS,,,,,false,1,Telephone: 2156607088,ISABELLA.PERRINS@DLA.MIL,,,"Sep 15, 2026 11:26 AM UTC","Oct 30, 2026 12:00 AM UTC","Sep 15, 2026 11:26 AM UTC",active
